order_id,order_date,product,qty,price,region,customer_id,payment_method,status
2320,2025-09-28,Juice,unknown,1450,North,CUST0465,Cash,Pending
1964,2025-05-13,Juice,3,1650,South,CUST0518,Transfer,Completed
1080,2025-09-17,Milk,5,1100,South,CUST0502,Transfer,Returned
3743,2025-06-02,Tomato Paste,7pcs,640,East,,POS,Completed
2792,2025-07-08,Milk,4,1420,West,CUST0458,Cash,Completed
3708,2025-07-07,Rice,4,2010,West,CUST0317,Cash,Completed
2982,2025-12-28,Bread,4,1010,South,CUST0002,POS,Completed
3656,2025-01-07,Detergent,,1740,West,CUST0058,POS,Completed
1462,2025-04-08, Toilet Roll ,1,790,West,CUST0232,Cash,Completed
4537,2025-03-02,Water,7,470,South,CUST0264,Transfer,Completed
5694,2025-09-12,Milk,9,1250,South,CUST0610,POS,Completed
ORD-5412,2025-07-06,Beans,4,1650,South,CUST0439,POS,Completed
1412,2025-06-07,Cabbage,6,750,West,CUST0002,POS,Returned
1273,2025-07-12,Cabbage,1,900,West,CUST0357,Transfer,Returned
3737,2025-04-04,Rice,7,1910,North,CUST0361,Cash,Returned
2501,2025-09-22,Carrot,1,910,South,CUST0063,Transfer,Pending
3630,2025-07-02,Sugar,3,1520,East,CUST0389,Transfer,Completed
3327,2025-04-19,Sugar,7,1290,South,CUST0182,Cash,Pending
5121,2025-08-20,Toilet Roll,1,920,East,CUST0215,Transfer,Completed
1907,2025-12-10,Cabbage,3,900,East,CUST0595,Transfer,
3009,2025-03-30,Tea,7,,East,CUST0184,Transfer,Completed
1088,2025-06-19,Toothpaste,3,1210,North,CUST0258,Transfer,Completed
5956,2025-07-17,Butter,3,1820,West,CUST0563,POS,Completed
5449,2025-04-28,Tomato Paste,4,640,East,CUST0344,Cash,Completed
4429,2025-07-16,Toothpaste,1,1140,East,CUST0641,POS,Pending
1403,2025-10-27,Carrot,12,,East,CUST0254,Cash,Completed
1578,2025-11-13,,3,,East,CUST0081,Cash,Completed
3777,2025-04-05,Eggs,6,,East,CUST0063,Transfer,Completed
5143,2025-12-30,Maggi,5,470,West,CUST0201,Transfer,Completed
2234,2025-09-28,Butter,6,1730,South,CUST0346,Transfer,Completed
5462,2025-04-05,Tea,7,1050,South,CUST0012,Transfer,Completed
3817,2025-12-30,Tomato Paste,,600,West,CUST0019,Cash,Completed
3522,2025-04-08,Pepper,7,700,North,CUST0639,Cash,Completed
3725,2025-02-21,Butter,6,1910,South,CUST0055,POS,Completed
4603,2025-01-02,Carrot,4,900,East,CUST0427,Transfer,Completed
5679,2025-01-05,Toilet Roll,,930,West,CUST0290,Cash,Completed
3250,2025-12-23,Tea,3,980,South,CUST0412,POS,Completed
2075,12-15-2025,Tea,6,1040,East,CUST0172,Cash,Completed
4722,08-04-2025,Carrot,3,860,West,CUST0030,POS,Completed
4117,2025-11-27,Groundnut Oil,6,2390,West,CUST0641,Cash,Completed
3483,2025-09-23,Yam,3,1540,South,CUST0380,Transfer,Pending
3595,2025-07-02,Bread,5,1020,South,CUST0205,Transfer,Pending
2309,2025-06-22,Beans,5,1300, East ,CUST0426,Cash,Completed
4560,2025-12-29,Water,2,500,West,CUST0443,Cash,Completed
4922,2025-01-03,Cabbage,8,760,South,CUST0091,POS,Completed
3660,2025-01-14,Rice,7,1740,South,CUST0092,Transfer,Pending
3866,2025-04-30,Tea,4,1110,East,CUST0547,Transfer,Pending
1624,2025-09-17,Water,3,420,East,CUST0635,POS,Pending
1295,2025-07-31,Rice,2,1950,East,CUST0155,Transfer,Completed
2073,2025-07-19,Bread,6,950,East,CUST0050,POS,Completed
4795,2025-02-07,Tea,1,1170,East,CUST0506,Cash,Returned
1222,2025-08-27,Groundnut Oil,6,2340,West,CUST0133,Transfer,Pending
3036,2025-03-04,Beans,8,1380,East,CUST0570,POS,Completed
4872,2025-03-02,Pepper,3,700,North,CUST0609,Cash,Completed
1417,"Jul 12, 2025",Toothpaste,2,,West,CUST0167,Cash,Pending
4425,2025-11-21,,5,510,West,CUST0395,POS,Completed
3745,2025-11-14,,N/A,900,West,CUST0296,Cash,Completed
4719,2025-06-21,Cabbage,12,850,West,CUST0390,Cash,pending 
3766,2025-10-30,Cabbage,6,720,North,CUST0380,POS,completed
4398,2025-02-15,Milk,5,1410,East,,Cash,Returned
4776,,Bread,7,840,West,CUST0240,Transfer,Pending
4965,2025-04-09,Sugar,10,1240,South,CUST0512,Cash,Completed
5936,2025-02-24,Toothpaste,5,1120,West,CUST0514,Cash,Completed
1084,2025-09-11,Rice,8,1720,West,CUST0364,POS,Completed
2339,2025-12-23,Juice,11,1470,East,CUST0199,POS,Completed
2293,2025-11-11,Detergent,5,1540,North,CUST0125,Transfer,Completed
1118,2025-06-19,Juice,unknown,1690,South,,Cash,Completed
3240,2025-08-08,Soft Drink,1,810,North,CUST0156,Transfer,Completed
2432,2025-05-29,Tomato Paste,7,700,West,CUST0604,POS,Returned
3567,2025-05-29,Eggs,3,2310,West,CUST0528,POS,Pending
3303,2025-07-16,Carrot,7,820,West,CUST0567,Transfer,Completed
3394,2025-01-30,Maggi,3,550,West,CUST0451,Cash,Completed
2079,2025-07-30,Tea,3,1150,East,CUST0550,POS,Returned
2853,2025-02-27,Rice,4,1770,East,CUST0311,POS,Completed
1510,2025-06-19,Rice,4,2110,East,CUST0158,,Completed
3723,2025-06-09,Carrot,2,930,East,CUST0191,Transfer,Completed
1309,2025-02-13,Cabbage,7,750,West,CUST0076,Transfer,Completed
2917,2025-09-10,Maggi,2,530,North,CUST0632,Cash,Completed
1392,2025-09-20,Cabbage,1,,West,CUST0032,POS,Pending
5948,06-22-2025,Cabbage,5,890,West,CUST0625,Transfer,Pending
1587,2025-01-05,,2,1780,North,CUST0499,Transfer,Completed
6022,2025-06-30,Toilet Roll,5,1030,East,CUST0604,Transfer,Completed
1359,2025-09-02,Butter,1,1780,East,CUST0106,Transfer,Pending
1669,2025-04-29,Coffee,6,1910,South,CUST0138,Cash,Completed
6142,2025-09-28,Pepper,4,660,South,,Transfer,Completed
1567,2025-11-11,Coffee,2,1740,West,CUST0001,POS,Completed
5063,2025-10-12,Water,7,470,West,CUST0170,Transfer,Completed
5071,2025-12-17,Tomato Paste,2,650,East,CUST0487,POS,Completed
1990,2025-01-10,Coffee,3,,East,CUST0253,POS,Completed
5665,2025-04-27,Toothpaste,6,1140,East,CUST0558,Transfer,Completed
4093,2025-09-06,Rice,7,1670,South,CUST0100,Transfer,Completed
5324,2025-08-28,Sugar,1,1340,North,CUST0445,Transfer,Pending
1635,2025-06-11,Carrot,5,990,North,CUST0423,POS,Completed
2525,2025-07-18,Bread,2,1040,WEST,CUST0410,POS,Pending
3160,2025-08-30,Sugar,4,1450,South,CUST0182,POS,Pending
2800,2025-07-22,Water,6,470,East,CUST0213,Transfer,Completed
1271,2025-10-05,Milk,12,1430,East,CUST0484,Transfer,Completed
5869,2025-10-14,Maggi,5,460,East,CUST0234,Transfer,Completed
4713,2025-11-01,Tomato Paste,4,730,North,CUST0195,Cash,Completed
5427,2025-03-06,rice,2,2000,North,CUST0405,Transfer,Completed
1453,2025-10-13,Maggi,2,450,West,CUST0265,Cash,Completed
2759,2025-05-05,Bread,1,940,West,CUST0586,POS,Pending
3931,2025-12-04,Rice,4,1910,West,CUST0402,Transfer,Completed
6024,2025-08-12,Groundnut Oil,6,2210,South,CUST0552,Transfer,Pending
5949,2025-12-06,Beans,2,1550,East,CUST0352,Cash,Pending
2151,2025-05-31,Toilet Roll,6,900,South,CUST0321,Cash,Returned
2161,2025-10-10,Yam,3,1450,west ,CUST0175,Transfer,Completed
5391,2025-06-03,Groundnut Oil,2,2730,North,CUST0217,Transfer,Completed
ORD-6050,2025-09-19,Butter,7,1800,South,CUST0335,Transfer,Completed
2194,2025-09-28,,two,1420,North,CUST0216,Cash,Completed
4646,2025-05-28,Pepper,7pcs,770,North,CUST0252,Transfer,Returned
3277,"Apr 27, 2025",Pepper,4,750,South,CUST0546,Transfer,Completed
4810,2025-05-17,Rice,10,2120,South,CUST0173,Transfer,Completed
3951,,Carrot,8,880,West,CUST0402,Transfer,
4098,2025-03-12,Pepper,2,760,East,CUST0297,POS,Completed
1688,2025-02-17,Beans,7,1410,South,CUST0070,POS,Pending
4289,2025-09-20,Rice,five,1670,West,CUST0440,Cash,Completed
4618,2025-03-19,,9,1190,East, CUST0586 ,Transfer,Completed
6005,2025-01-08,Rice,4,1640,East,CUST0338,POS,Pending
2529,2025-06-04,Tea,4,1070,West,CUST0436,,Completed
3788,2025-11-16,Eggs,6,2190,East,CUST0464,Cash,Completed
3720,2025-04-30,Tomato Paste,3,630,North,CUST0513,POS,Completed
4825,2025-09-20,Beans,2,1400,North,CUST0132,Transfer,Pending
5456,2025-05-03, Tea ,12,1000,East,CUST0548,Cash,Completed
1846,2025-04-20,Tomato Paste,4,,North,CUST0127,Cash,Completed
3731,2025-11-18,Rice,2,1730,South,CUST0349,Transfer,Completed
4473,2025-02-10,Juice,1,1630,North,CUST0599,POS,Completed
5546,2025-11-14,Pepper,9,790,South,CUST0360,Transfer,Completed
2278,2025-11-27,Tomato Paste,6,710,East,CUST0384,POS,Completed
1756,2025-05-16,Eggs,2,1890,West,CUST0625,Transfer,Completed
2673,2025-11-24,Milk,4,1320,West,CUST0392,Transfer,Pending
4863,2025-11-09,Tea,4,1260,East,CUST0474,POS,Completed
4129,2025-05-30,Cabbage,5,710,South,CUST0463,POS,Completed
2388,2025-09-12,Beans,4,1540,South,CUST0490,Transfer,Pending
3359,2025-02-02,yam,1,1540,East,CUST0227,POS,Completed
5844,2025-07-12,Coffee,3,1980,South,CUST0104,Cash,Completed
4023,2025-08-28,Rice,2,1790,,CUST0233,Transfer,Completed
1640,2025-05-16,Butter,3,1880,West,CUST0263,POS,Completed
5042,2025-10-15,EGGS,3,2360,South,CUST0475,Transfer,Completed
4172,2025-05-28,Groundnut Oil,6,2530,East,CUST0180,POS ,Completed
5738,2025-11-14,Toothpaste,5,1320,West,CUST0137,Transfer,Completed
1402,2025-04-23,Soft Drink,1,890,North,CUST0060,POS ,Completed
1691,2025-08-07,Yam,5,1550,North,CUST0133,Cash,Completed
4905,2025-07-08,Juice,5,1380,West,CUST0127,POS,Completed
2132,11-20-2025,Detergent,7,1780,South,CUST0061,POS,Completed
4326,2025-03-26,Groundnut Oil,6,2120,South,CUST0202,Transfer,Pending
4246,2025-05-15,Toothpaste,1,1380,East,CUST0159,POS,Pending
3956,2025-05-25,Yam,7,1590,South,CUST0161,POS,Completed
5150,2025-09-13,Soft Drink,9,760,West,CUST0280,Transfer,Completed
4178,2025-01-26,Water,6,440,West,CUST0533,Cash,Completed
4089,2025-05-29,Rice,1,1790,West,CUST0452,Cash,Completed
5608,2025-11-23,CARROT,1,2k,North,CUST0361,Cash,Completed
1687,2025-04-02,Tomato Paste,2,620,West,,Cash,Completed
1663,2025-11-06,Yam,3,1650,West,CUST0142,,Completed
4843,,Toothpaste,1,1310,South,CUST0121,POS,Completed
3125,2025-03-20,Detergent,8,1600,West,CUST0506,POS,Completed
1576,2025-10-11,Milk,10,1270,North,CUST0224,POS,Completed
4521,2025-10-30,Butter,1,1630,East,CUST0199,Cash,Completed
5741,2025-11-28,Beans,1,1310,North,CUST0140,Transfer,Completed
4193,2025-07-27,Sugar,3,1270,East,CUST0406,Transfer,Completed
5718,2025-04-01,Pepper,11,700,,CUST0176,POS,Completed
3825,2025-09-02,Milk,8,1330,East,CUST0238,Cash,Completed
6051,2025-11-18,Toothpaste,5,1330,West,CUST0021,Transfer,Completed
2351,2025-02-19,Tomato Paste,2,650,North,CUST0516,,Completed
5798,2025-12-18,Detergent,9,1710,East,CUST0364,Cash,Completed
3060,2025-01-14,Pepper,5,760,South,CUST0200,Transfer,Completed
5925,2025-01-25,Yam,7,1830,West,CUST0494,Cash,Completed
5049,2025-09-07,Soft Drink,6,860,East,CUST0055,Transfer,Completed
3124,11/09/2025,Groundnut Oil,5,2440,West,CUST0639,Cash,Completed
5075,2025-02-01,Butter,2,2080,west ,CUST0627,POS,Completed
5836,2025-10-02,Toothpaste,8,,North,CUST0017,POS,Returned
5189,2025-05-05,Coffee,8,2140,South,CUST0169,Cash,Pending
3991,,Tomato Paste,5,680,North,CUST0322,Transfer,Completed
3030,2025-11-03,Beans,1,1540,West,CUST0387,Transfer,Completed
6149,2025-01-20,Maggi,9,490,North,CUST0639,Transfer,Completed
3448,2025-05-05,Cabbage,8,830,,CUST0251,Transfer,Completed
4125,2025-04-11,Cabbage,5,750,South,CUST0407,Transfer,Completed
5453,2025-11-15,Toilet Roll,6,940,West,CUST0362,POS,Completed
1913,2025-01-21,Detergent,4,2020,South,CUST0469,Cash,Pending
4976,2025-05-15,Soft Drink,10,830,North,CUST0164,Transfer,Completed
5843,2025-08-15,Coffee,2,1730,,CUST0229,Transfer,Completed
1504,2025-02-22,Groundnut Oil,5,2570,West,CUST0575,Transfer,Completed
5243,2025-08-07,Water,3,520,South,CUST0443,Cash,Completed
1304,2025-01-09,Pepper,11,730,South,CUST0079,Transfer,Completed
2641,2025-07-27,Juice,4,1410,North,CUST0559,Transfer,Completed
5597,2025-07-21,Juice,2,1350,West,CUST0422,Cash,Returned
4360,2025-05-05,Toilet Roll,5,930,East,CUST0219,Cash,Completed
5048,2025-07-29,Bread,6,980,West,CUST0433,Transfer,Completed
2537,2025-09-08,Bread,4,850,North,CUST0259,Transfer,RETURNED
4096,2025-07-10,milk,10,1160,West,CUST0013,Transfer,Completed
3692,2025-05-23,Coffee,4,1730,North,CUST0385,POS,Completed
2725,2025-07-20,Beans,3,1660,East,CUST0231,Transfer,Completed
1282,2025-06-13,Toilet Roll,6,890,North,CUST0386,Transfer,Completed
5518,2025-02-17,Beans,7,1300,West,CUST0145,,Completed
3757,"Mar 4, 2025",Groundnut Oil,3,2650,South,CUST0545,POS,Completed
4288,2025-08-16,Water,4,410,South,,Transfer,Pending
3433,2025-03-03,Tea,4,1150,West,CUST0588,Cash,Completed
5761,2025-01-31,Rice,5,2020,North,CUST0585,Cash,Returned
4832,2025-10-25,Eggs,4,1870,NORTH,CUST0298,POS,Completed
2135,2025-07-20,Cabbage,1,850,North,CUST0200,Cash,Completed
ORD-2902,2025-05-17,Juice,50,1540,East,CUST0139,POS,Pending
3960,2025-04-11,Butter,3,2090,North,CUST0517,Transfer,Completed
3137,2025-09-20,Maggi,7,450,East,CUST0493,Cash,Completed
4953,"Jun 27, 2025",Yam,5,1640,South,CUST0386,Transfer,Completed
1198,2025-10-02,Soft Drink,1,820, West ,CUST0148,Transfer,Completed
1090,2025-09-26,juice,5,1730,West,CUST0304,Transfer,Completed
4082,,Carrot,7,900,South,CUST0450,Transfer,Pending
5202,2025-11-26,Carrot,,950,West,CUST0038,POS,Completed
4085,"Oct 9, 2025",Eggs,4,1930,WEST,CUST0587,Transfer,Completed
6135,2025-03-29,Juice,3,1410,East,CUST0491,Transfer,Pending
3337,2025-06-26,Tomato Paste,3 units,620,South,CUST0119,Transfer,Completed
3491,2025-03-22,Tomato Paste,10,710,East,CUST0255,Transfer,Completed
5615,2025-11-08,Juice,7,1330,North,CUST0277,,Returned
3990,2025-10-22,Detergent,8,1890,East,CUST0264,Cash,Completed
1333,2025-07-07,Sugar,3,1360,North,CUST0502,Cash,Completed
2558,2025-04-01,Sugar,4,1190,North,CUST0476,Cash,Completed
2025,2025-09-01,Maggi,6,580,North,CUST0593,Cash,Completed
4612,2025-03-12,Cabbage,7,760,West,CUST0412,POS,Completed
3181,2025-10-28,Sugar,6,1440,East,CUST0311,POS ,Completed
5296,2025-10-13,Tomato Paste,10,₦1200,West,CUST0382,POS,Returned
4809,2025-09-29,DETERGENT,4,1840,West,CUST0365,Cash,Completed
2093,2025-07-15,Rice,4,1670,North,CUST0610,Cash,Completed
1496,2025-12-21,Sugar,5,1460,West,CUST0107,Transfer,Completed
3538,2025-08-12,Butter,7,1670,West,,Transfer,Completed
3609,2025-09-22,Toilet Roll,3,980,South,CUST0597,Transfer,Completed
4104,2025-10-22,Coffee,2,1840,West,CUST0373,Transfer,Completed
5110,2025-10-20,Toothpaste,5,1120,South,CUST0527,Transfer,Completed
4092,2025-05-09,Milk,2,1270,South,CUST0175,Cash,Returned
2130,2025-09-13,Coffee,6,1800,North,CUST0150,Cash,Pending
5979,2025-05-07,Yam,10,1590,West,CUST0589,Transfer,Completed
5184,2025-07-10,Bread,7,1020,South,CUST0132,Transfer,Completed
2977,2025-10-05,Cabbage,2,720,West,CUST0084,Transfer,Completed
1169,2025-08-02,Water,3,450,North,CUST0176,POS,Completed
3398,2025-10-05,Coffee,7,1750,South,CUST0402,Transfer,Completed
3114,2025-02-14,Sugar,12,,North,CUST0016,POS,Completed
1516,2025-07-17,Bread,3,1030,East,CUST0530,POS,Completed
1233,2025-03-23,Tea,4,1130,South,CUST0316,Cash,Completed
6088,2025-03-17,Butter,5,2020,West,CUST0623,POS,Pending
1086,2025-05-04,Toothpaste,6,1270,South,CUST0459,POS,pending 
2424,2025-07-05,Milk,6,1310,Noth,CUST0429,Transfer,Pending
5965,2025-10-27,Sugar,,1470,West,,Cash,Pending
5425,2025-04-08, Pepper ,7,760,East,CUST0098,Transfer,Completed
3794,2025-11-30,Carrot,7,830,East,UNKNOWN,Cash,Completed
3227,2025-02-12,Toothpaste,2,1290,South,CUST0151,POS,Completed
1812,2025-04-16,Sugar,5,1200,North,CUST0353,Transfer,Completed
6049,2025-09-07,Detergent,5,1610,West,CUST0518,POS,Completed
2248,2025-09-22,Toilet Roll,12,950,North,,cash,Completed
4590,2025-10-26,Tomato Paste,2,720,West,CUST0201,POS,Completed
2246,2025-07-15,Juice,,1680,East,CUST0298,,Completed
3713,2025-11-16,Eggs,3,2120,East,CUST0164,Cash,Completed
6028,2025-10-16,Butter,3,2020,,CUST0137,Cash,Completed
1585,2025-07-25,Carrot,3,790,West,CUST0590,Cash,Pending
4498,2025-07-02,Water,3,500,East,CUST0329,Transfer,Completed
5351,2025-06-15,Milk,6,,East,,Transfer,Completed
4844,2025-03-09,Yam,2,1850,West,CUST0377,POS,Completed
3507,2025-05-13,Tomato Paste,6,670,East,CUST0488,Cash,Completed
5811,2025-05-05,Tomato Paste,4,700,East,CUST0537,Transfer,Completed
2084,2025-02-10,Soft Drink,1,790,North,CUST0207,,Completed
1422,2025-10-20,Cabbage,5,790,East,CUST0370,Transfer,Completed
1726,2025-03-07,Cabbage,8,700,East,CUST0001,Cash,Pending
3859,2025-06-18,Tomato Paste,2,710,East,CUST0397,Cash,Completed
3688,2025-01-26,Beans,-3,1520,North,CUST0225,Transfer,Completed
1030,2025-01-31,Cabbage,2,690,South,CUST0272,POS,Pending
2115,2025-03-13,Cabbage,1,710,North,CUST0255,Transfer,Completed
3615,2025-07-20,Toilet Roll,12,,West,CUST0223,Cash,Completed
5147,2025-01-25,Toothpaste,11,1180,North,CUST0168,Transfer,Completed
2633,2025-09-01,Bread,4,950,South,CUST0138,POS,Pending
2811,2025-04-03,Tea,8,1030,South,CUST0336,Cash,Completed
5662,2025-12-23,Toilet Roll,4,910,West,CUST0279,POS,Completed
3457,2025-01-10,Butter,7pcs,1800,West,CUST0016,Transfer,Pending
1514,2025-09-29,Soft Drink,4,830,East,CUST0118,Cash,Completed
5056,2025-09-26,Milk,8,1440,East,CUST0535,POS,Completed
1858,2025-10-05,Eggs,3,2350,East,CUST0033,POS,Pending
4148,,Soft Drink,6,790,North,CUST0174,Transfer,Completed
4230,2025-06-12,Eggs,1,2390,South,CUST0410,POS,Completed
1070,2025-04-23,Soft Drink,4,770,South,CUST0030,Transfer,Completed
2892,2025-02-04,Toilet Roll,2,820,East,CUST0587,Cash,Pending
1979,2025-07-18,Tomato Paste,2,640,East,CUST0454,Cash,Completed
1900,2025-03-02,,1,1540,South,CUST0507,Bank Transfer,Completed
1440,26/07/2025,,2,1010,East,CUST0178,Transfer,Pending
5044,2025-05-11,Carrot,3,930,South,CUST0590,Transfer,Completed
5964,2025-01-27,Bread,6,920,East,CUST0456,POS,Completed
4061,2025-11-04,Sugar,9,1440,South,CUST0240,Transfer,Completed
1219,2025-03-13,Tea,2,1120,North,CUST0568,Cash,Completed
1807,2025-01-11,Water,3,400,West,CUST0533,Cash,Completed
5899,2025-07-21,Tea,2,1090,West,CUST0017,POS,Completed
4299,2025-12-25,Juice,6,1510,South,CUST0088,POS,Returned
1672,2025-11-12,Groundnut Oil,4,2330,South,CUST0253,Transfer,Pending
3680,2025-03-28,Rice,1,1710,South,CUST0152,POS,Completed
5459,2025-06-02,Tomato Paste,5,640,East,CUST0039,POS,Completed
6115,2025-05-29,Sugar,4,1510,South,CUST0106,POS,Completed
5693,2025-05-31,Maggi,8,490,West,CUST0330,Transfer,Pending
1187,2025-07-12,Soft Drink,2,740,West,CUST0449,Transfer,Completed
4284,2025-10-29,Beans,1,1610,West,CUST0068,Cash,Completed
1543,2025-09-22,Milk,3,1440,West,CUST0529,Transfer,Pending
4733,2025-06-25,Beans,3,1680,East,CUST0578,Cash,Completed
3970,2025-08-10,Carrot,4,800,,CUST0619,Cash,Completed
4036,2025-11-18,Toothpaste,5,1070,North,CUST0478,POS,Completed
6095,2025-10-15,Rice,9,1920,South,CUST0499,Cash,Pending
5998,2025-09-29,Pepper,5,750,South,CUST0434,Cash,Completed
3024,2025-06-15,Milk,2,1360,East,CUST0085,Cash,Completed
1972,2025-03-02,Toilet Roll,6,910,East,CUST0161,POS,Completed
3808,2025-12-20,Carrot,2,830,East,UNKNOWN,Transfer,Completed
4369,2025-01-07,Soft Drink,4,820,North,CUST0498,Transfer,Completed
3405,2025-06-01,Milk,,1190,South,CUST0141,POS,Completed
5179,2025-09-27,Groundnut Oil,6,2620,East,CUST0340,Transfer,Completed
5356,2025-08-14,Eggs,,2330,North,CUST0638,Transfer,Pending
3781,2025-02-27,Coffee,,1960,North,CUST0455,Transfer,Completed
1357,2025-08-08,Coffee,6,2100, East ,CUST0219,Cash,Completed
1333,2025-07-07,,3,1360,North,CUST0502,Cash,Completed
4944,2025-05-27,TOILET ROLL,7,910,West,CUST0433,Cash,Completed
5433,2025-07-09,Beans,8,1280,South,CUST0149,Transfer,Completed
4359,2025-06-12,Eggs,1,2320,WEST,,Transfer,Completed
3852,2025-10-20,Soft Drink,1,720,South,CUST0487,POS,Completed
3266,2025-01-15,Soft Drink,4,760,North,CUST0265,,Pending
5266,2025-07-25,Soft Drink,3,750,West,CUST0252,Transfer,Returned
2264,2025-06-25,Tomato Paste,11,630,West,CUST0358,POS,Completed
3428,2025-03-17,Pepper,2,700,South,CUST0136,Cash,Completed
4615,2025-09-15,Coffee,7,1820,East,CUST0005,Transfer,Completed
5149,2025-01-07,Toothpaste,3,1310,South,CUST0044,POS,Completed
4505,2025-11-22,Toilet Roll,2,960,West,CUST0127,Transfer,Completed
4375,2025-08-08,Groundnut Oil,4,2270,South,CUST0120,Cash,Completed
5900,2025-02-22,Beans,4,1580, West ,CUST0527,POS,Completed
5451,2025-09-15,Detergent,7,1770,East,CUST0204,,Pending
3453,2025-09-01,Eggs,1,2040,East,CUST0179,POS,Completed
2835,2025-05-10,Milk,4,1140,North,CUST0413,Transfer,Completed
5034,2025-01-14,Eggs,2,2360,North,CUST0648,Cash,Completed
1600,2025-10-08,Eggs,4,2420,West,CUST0606,Cash,Completed
4141,2025-10-30,Detergent,1,1990,South,CUST0061,Transfer,Pending
4779,2025-10-18,Tea,8,1200,West,CUST0280,Cash,Completed
3662,2025-08-30,Toilet Roll,8,960,South,CUST0146,Transfer,Completed
4315,2025-05-28,Water,12,480,North,CUST0507,POS,Completed
5986,2025-12-21,Bread,8,1100,North,CUST0227,Transfer,Completed
2920,2025-08-11,Rice,4,1800,North,CUST0511,POS,Returned
2774,2025-03-13,Rice,7,1830,West,CUST0410,Transfer,Completed
1924,2025-10-16,Eggs,5,1900,,CUST0378,Cash,Completed
4035,2025-01-29,Juice,1,1660,South,CUST0324,POS,Pending
1581,2025-09-27,Beans,7,1470,East,CUST0515,Transfer,Pending
4186,07-23-2025,Coffee,5,1890,North,CUST0323,Cash,Pending
5734,2025-02-22,Soft Drink,8,740,East,CUST0532,POS,Completed
1895,2025-09-22,Coffee,6,2140,West,CUST0609,Cash,Pending
1509,2025-07-13,Bread,1,910,North,CUST0134,Transfer,Pending
3633,2025-04-01,Yam,4,1580,North,CUST0263,Transfer,Completed
2847,16/10/2025,Soft Drink,1,820,South,CUST0022,Cash,Pending
5227,2025-11-25,Toothpaste,6,1200,East,CUST0036,POS,Completed
3619,2025-06-11,Carrot,2,N/A,South,CUST0600,Transfer,Pending
3450,2025-12-09,Detergent,3,1960,North,CUST0125,Cash,Completed
4693,2025-04-01,Yam,5,1460,South,CUST0614,Transfer,Completed
1548,2025-11-19,Butter,4,2030,West,CUST0058,Transfer,Returned
1382,2025-10-07,Tea,7,1040,East,CUST0420,Transfer,Completed
3949,2025-01-31,Sugar,,,East,CUST0147,Transfer,Completed
1493,2025-07-21,Bread,2,1060,West,CUST0347,Transfer,Completed
2160,2025-03-31,Bread,4,1070,South,CUST0098,Cash,Completed
1615,2025-09-24,Toothpaste,2,1220,North,CUST0204,Transfer,Completed
4987,2025-03-15,Carrot,7,760,South,CUST0543,Cash,Completed
1388,2025-08-20,Pepper,3,630,West,CUST0140,POS,
4194,2025-01-17,Carrot,11,780,West,CUST0601,Transfer,completed
1511,2025-11-12,Water,8,430,North,CUST0075,POS,Completed
6030,2025-05-25,Water,five,470,East,CUST0223,Transfer,Completed
4553,2025-05-14,Tomato Paste,2,680,South,CUST0490,Cash,Completed
4168,2025-11-24,Bread,6,1010,South,CUST0570,POS,Completed
2601,2025-02-24,Eggs,1,1940,South,CUST0608,Cash,Returned
2810,2025-08-26,Carrot,1,900,North,CUST0223,Cash,Completed
1281,2025-11-17,Sugar,6,1400,East,CUST0353,POS,Completed
3986,2025-07-10,Butter,5,1590,South,CUST0164,Transfer,Completed
1700,2025-06-23,Rice,12,1950,West,CUST0585,Cash,Completed
3719,2025-04-11,Detergent,unknown,1580,West,CUST0475,Transfer,Pending
3834,2025-07-19,Bread,3,1080,North,CUST0120,POS,Completed
4605,2025-07-19,Toilet Roll,7,850,West,CUST0166,Transfer,Completed
1049,2025-04-27,Yam,2,1700,South,CUST0337,Transfer,Completed
3724,,Cabbage,3,850,South,CUST0005,POS,Completed
4211,2025-08-21,,8,2140,West,CUST0584,POS,Completed
2708,2025-12-17,Yam,6,1640,East,CUST0193,POS,Completed
1557,2025-05-12,Tomato Paste,2,700,East,UNKNOWN,Cash,Completed
2549,2025-07-19,Toothpaste,4,1240,North,CUST0349,Transfer,Pending
5415,2025-10-10,Pepper,2,740,East,CUST0383,Cash,Completed
3938,24/07/2025,Sugar,3,1440,East,CUST0609,Cash,Completed
2941,2025-12-04,Tomato Paste,3,740,West,CUST0008,POS,Completed
1971,03-15-2025,Sugar,4,1370,South,CUST0133,POS,Completed
1051,2025-10-25,Sugar,11,1290,East,CUST0611,Transfer,Completed
4726,2025-09-09,Pepper,9,630,north,CUST0363,Transfer,return
2619,2025-06-11,Pepper,9,750,West,CUST0311,Transfer,Returned
4954,2025-02-10,Yam,4,1420,west,CUST0347,Transfer,Returned
1877,2025-11-21,Milk,2,1240,North,CUST0165,Transfer,Completed
4914,2025-04-28,Water,6,470,East,CUST0084,Transfer,Completed
5656,2025-09-02,Juice,7,1480,West,CUST0216,POS,Pending
1969,2025-09-01,,2,1620,South,CUST0603,Cash,Pending
2639,2025-07-17,Beans,5,1600,West,CUST0015,Transfer,Completed
5362,2025-05-12,Soft Drink,6,710,North,CUST0645,Transfer,Returned
5909,2025-01-10,Juice,5,1510,North,CUST0205,Cash,Completed
3583,2025-12-04,Water,3,500,North,CUST0511,Transfer,Pending
1262,2025-05-17,GROUNDNUT OIL,10,2310,East,CUST0268,Cash,Completed
3732,2025-01-12,Bread,4,880,South,CUST0536,Cash,Completed
2770,2025-10-29,Pepper,7,800,East,CUST0583,Transfer,Pending
3086,2025-02-20,Tomato Paste,6,700,West,CUST0195,POS,Completed
2347,2025-08-10,Tea,5,990, West ,CUST0033,Cash,Completed
2532,2025-03-07,Pepper,5,690,South,CUST0012,,Returned
4283,2025-07-15,Tea,5,1200,West,CUST0014,Transfer,Completed
1441,2025-05-08,Beans,1,1300,North,CUST0204,Transfer,Pending
5125,2025-12-30,Tomato Paste,4,740,East,CUST0577,POS,Completed
3996,2025-03-12,Sugar,9,1500,North,CUST0510,Transfer,Pending
3474,2025-07-31,Groundnut Oil,6,2400,West,CUST0081,POS,Completed
4489,2025-06-28,Milk,2,1320,North,CUST0172,Cash,Completed
3929,2025-04-02,Butter,,1860,West,CUST0603,Transfer,Completed
3961,2025-12-15,Tea,1,1100,East,CUST0434,Cash,Completed
4307,2025-07-04,Water,7,400,West,CUST0269,Transfer,Completed
4208,2025-12-17,Tea,4,1130,West,CUST0074,POS,Completed
1124,2025-03-29,Sugar,2,1420,South,CUST0635,Cash,Completed
5011,2025-08-24,Water,2,30000,South,CUST0214,Transfer,Completed
1545,2025-02-09,Coffee,4,1870,West,CUST0192,Transfer,Completed
5229,2025-05-31,Juice,7,1720,West,CUST0421,Transfer,Pending
1608,2025-05-20,Groundnut Oil,6,2440,,CUST0020,Transfer,Returned
1593,2025-02-06,Cabbage,1,760,North,CUST0325,Cash,Completed
4342,2025-12-02,Toilet Roll,-1,830,East,CUST0435,Cash,Completed
2655,2025-03-05,Cabbage,6,810,West,CUST0211,Transfer,Completed
5516,2025-12-01,Yam,7,1420,East,CUST0144,Transfer,Pending
2786,2025-11-05,Groundnut Oil,9,,North,CUST0069,Transfer,Pending
5752,2025-06-09,Cabbage,8,750,East,CUST0540,Transfer,Pending
2899,2025-03-11,Cabbage,1,790,South,CUST0405,Cash,Completed
3771,2025-04-03,Butter,4,2020,West,CUST0467,Cash,Completed
1053,2025-01-01,,4,720,West,CUST0373,Transfer,Returned
4812,2025-03-31,Rice,5,1810,South,CUST0480,POS,Completed
4076,2025-12-15,Butter,6,1690,East,CUST0075,POS,Completed
5457,2025-01-28,Coffee,7,2120,North,CUST0596,POS,Completed
5352,2025-05-26, Tea ,4,1080,West,CUST0230,POS,
1683,2025-04-14,Butter,,1970,East,CUST0470,Cash,Completed
4101,2025-03-11,Butter,8,1720,East,CUST0328,Transfer,Returned
5066,2025-09-29,Maggi,2,460,East,CUST0015,Transfer,Returned
4049,2025-06-23,Tea,3,1110,South,CUST0453,Transfer,Completed
3439,2025-07-01,Coffee,2,1840,South,CUST0090,Cash,Returned
2733,2025-01-11,Carrot,4,820,,CUST0471,Transfer,Pending
5841,2025-01-01,Butter,6,1600,West,CUST0650,Cash,Completed
3232,2025-06-13,Detergent,4,1590,West,CUST0194,Transfer,Completed
2992,2025-07-19,Detergent,3,1780,Northh,,Transfer,Completed
5172,2025-03-19,Toothpaste,6,unknown,West,CUST0099,POS,
5497,2025-01-12,Beans,3,1370,South,CUST0278,Transfer,Pending
2440,2025-10-03,Toothpaste,7,1060,East,,Transfer,Returned
1487,2025-02-15,Groundnut Oil,8,2410,East,CUST0510,Cash,Completed
4330,2025-01-03,Water,3,440,West,CUST0576,Bank Transfer,Completed
5175,2025-09-23,Groundnut Oil,7,2620,South,CUST0223,Cash,Completed
3113,2025-03-15,Toothpaste,1,1340,West,CUST0230,Cash,Completed
2111,2025-05-17,Beans,7,1280,East,CUST0100,Transfer,Pending
1408,2025-06-24,Butter,6,2050,North,CUST0061,Transfer,Completed
6105,2025-06-02,Groundnut Oil,4,2600,South,CUST0447,Transfer,Completed
4899,2025-05-20,Soft Drink,4,810,South,CUST0055,POS,Completed
3341,2025-06-22,Coffee,8,1800,East,CUSTOMER-0416,POS,Returned
4237,2025-03-10,Soft Drink,1,920,South,CUST0287,Cash,Pending
4736,2025-01-31,Maggi,1,520,North,CUST0229,Transfer,Completed
3873,2025-08-30,Tomato Paste,4,740,South,CUST0650,Transfer,Completed
2491,2025-10-14,Tomato Paste,4,700,North,,Cash,Completed
1659,2025-09-08,Pepper,4,650,North,CUST0361,Transfer,Completed
1750,2025-12-20,Maggi,12,480,East,CUST0009,POS,Completed
5466,2025-08-22,Pepper,5,640,South,CUST0151,Cash,Completed
1291,2025-10-24,Juice,6,1440,West,CUST0338,Transfer,Completed
4939,2025-08-21,Soft Drink,5,830,South,CUST0482,Transfer,Completed
2404,2025-01-30,Tomato Paste,7,670,North,CUST0548,Cash,Completed
1526,2025-03-14,Toothpaste,2,1060,South,CUST0551,Cash,Completed
2950,2025-05-16,Cabbage,1,740,West,CUST0461,Transfer,Completed
3982,01-15-2025,Detergent,9,1760,West,CUST0572,Transfer,Completed
1787,2025-11-20,Tea,3,1050,North,CUST0131,Transfer,Completed
3055,2025-01-16,Rice,5,1800,South,CUST0115,Cash,Pending
2479,2025-06-19,Tea,9,1190,West,CUST0169,Cash,Pending
1974,2025-07-10,Bread,3,940,North,CUST0498,Transfer,Completed
3234,2025-05-19,Juice,7,1570,,CUST0574,POS,Completed
1566,2025-12-03,Tea,10,1130,West,CUST0035,POS,Completed
3284,2025-10-03,Toothpaste,3,1110,East,CUSTOMER-0487,Transfer,Completed
3310,05-25-2025,Coffee,1,1960,North,CUST0103,Transfer,Pending
5031,2025-01-16,Cabbage,8,not available,East,CUST0092,Cash,Completed
1470,2025-11-15,Eggs,5,1930,East,CUST0524,Cash,Completed
3851,2025-07-08,Milk,6,1410,East,CUST0532,Transfer,Completed
1029,2025-02-17,Rice,9,2070,,CUST0417,Cash,Completed
3430,2025-11-19,Beans,6,1610,South,CUST0550,Transfer,Returned
4478,07-10-2025,Rice,6,1820,North,CUST0615,Cash,Completed
2494,2025-10-28,Rice,3,1680,North,CUST0260,Cash,Completed
3190,2025-12-16,Toothpaste,,1230,North,CUST0009,POS ,Completed
3164,2025-08-14,Sugar,11,1430,West,CUST0065,Cash,Completed
1065,2025-05-22,Water,7,460,West,CUST0282,Transfer,Completed
4373,2025-02-11,Juice,5,1660,North,CUST0371,Transfer,Completed
4868,2025-06-11,Tea,6,1170,East,CUST0504,Cash,Completed
2670,2025-01-25,Groundnut Oil,3,2580,North,CUST0165,Transfer,Pending
3304,2025-11-25,Coffee,10,2040,East,CUST0495,Transfer,Pending
3271,2025-04-01,Milk,3,1440,East,CUST0382,POS,Pending
2922,2025-05-08,Coffee,4,1800,East,CUST0556,Cash,Completed
3412,2025-07-09,Eggs,8,2310,South,CUST0578,Cash,Completed
3017,2025-08-27,Toothpaste,9,1350,East,CUST0130,POS,Completed
4212,2025-05-05,Butter,6,,West,CUST0266,Transfer,Completed
2190,2025-05-18,Bread,3,1090,south,CUST0253,Transfer,Completed
4328,2025-10-30,BUTTER,3,1900,North,CUST0644,POS,Completed
5889,2025-05-24,Juice,1,1650,West,CUST0229,Transfer,Completed
3495,2025-12-01,Butter,1,1920,South,CUST0449,POS,Completed
6114,2025-07-06,Toothpaste,3,1160,East,CUST0586,Transfer,Completed
6038,2025-01-25,Pepper,2,640,NORTH,CUST0192,Transfer,Returned
5302,2025-09-17,Toilet Roll,5,950,Noth,CUST0091,Transfer,Completed
4482,2025-02-15,Tea,5,1080,North,CUST0497,Transfer,Pending
1949,2025-03-03,Coffee,5,1980,North,CUST0364,POS,Pending
2410,2025-08-14,Milk,2,1370,North,CUST0266,POS,Completed
2710,2025-04-07,Cabbage,3,800,South,CUST0521,Cash,Completed
1717,2025-09-18,Butter,2,2000,East,CUST0334,Cash,Completed
4271,2025-11-24,Detergent,5,1580,North,,Cash,Completed
4575,not recorded,Tea,10,1080,south,CUST0038,Transfer,Completed
5553,2025-03-05,Toothpaste,3,1290,East,CUST0316,POS,Pending
3501,2025-08-22, Tomato Paste ,3,720,South,CUST0438,Transfer,Completed
5851,2025-12-18,Beans,1,1410,east,CUST0314,Transfer,Completed
4039,2025-02-03,Juice,3,1570,North,CUST0379,Cash,Completed
1621,2025-05-09,Butter,9,1830,South,CUST0573,Transfer,
5779,2025-01-09,Eggs,4,2320,South,CUST0015,Transfer,Completed
6117,2025-07-08,Tea,5,1110,East,CUST0585,Pos,Pending
5203,2025-01-17,Cabbage,8,810,West,CUST0097,Transfer,Completed
5279,2025-08-21,Toilet Roll,3,960,North,CUST0016,POS,Completed
6079,2025-08-29,Groundnut Oil,,2340,North,CUST0530,Cash,Completed
2656,2025-01-06,Pepper,5,720,East,CUST0644,Cash,Completed
4386,2025-12-20,Coffee,8,2130,West,CUST0149,POS,Completed
2003,2025-06-05,Water,7,420,South,CUST0372,Transfer,Completed
1212,2025-07-07,Water,3,520,East,CUST0620,Transfer,Completed
2233,2025-03-14,Carrot,1,770,South,CUST0154,POS,Completed
5819,2025-06-18,Juice,4,1730,West,CUST0069,Cash,Completed
3490,2025-04-25,Milk,10,1290,East,CUST0210,Transfer,
1746,2025-04-30,Toothpaste,3,1290,South,CUST0269,Transfer,Pending
5702,2025-05-07,Milk,5,1330,East,CUST0592,Transfer,Completed
2856,2025-02-04,,4,2080,East,CUST0580,Transfer,Completed
1050,2025-06-29,Eggs,5,2080,North,CUST0029,Transfer,
6045,2025-11-27,Groundnut Oil,4,2560,East,CUST0533,POS,Completed
3697,2025-09-12,Milk,3,1210,West,,Transfer,Pending
5954,2025-08-25,Toilet Roll,2,900,North,CUST0072,Transfer,Completed
3368,2025-05-27,Sugar,2,1390,West,CUST0597,Transfer,Completed
3761,2025-09-28,Maggi,4,460,South,CUST0191,Cash,Pending
5085,,Beans,6,1280,West,CUST0196,Transfer,Completed
5340,2025-03-31,Beans,2,1440,South,CUST0365,Transfer,Completed
3818,2025-03-06,Detergent,,"1,500",North,CUST0313,POS,Pending
4610,2025-10-14,Carrot,5,790,West,CUST0594,Transfer,Returned
5244,2025-09-06,Butter,2,1980,South,CUST0271,Transfer,Completed
5568,2025-02-28,Juice,3,1380,North,CUST0186,Transfer,Completed
4351,2025-05-08,Yam,4,1680,West,CUST0087,POS,Completed
1833,2025-02-19,Carrot,5,830,West,CUST0014,Transfer,Completed
5854,2025-05-12,Pepper,4,800,West,CUST0646,Transfer,Completed
4579,,Cabbage,2,850,North,CUST0593,POS,
3625,2025-06-03,Butter,2,1820,South,CUST0072,POS,Returned
4543,2025-11-18,,4,1430,East,CUST0085,POS,Pending
2395,2025-03-04,Maggi,6,450,West,CUST0507,Cash,Pending
1899,2025-01-26,Sugar,4,1350,North,CUST0153,Transfer,Completed
1755,2025-05-12,Pepper,2,,East,CUST0392,Transfer,Returned
5422,2025-09-24,Toilet Roll,4,880,North,CUST0557,Transfer,Completed
5729,2025-05-01,Maggi,,570,West,CUST0267,Transfer,Completed
2583,2025-05-12,Coffee,7,1820,West,CUST0234,Cash,Completed
3404,2025-08-21,Sugar,2,1510,South,CUST0138,Transfer,Pending
4970,2025-11-29,Groundnut Oil,1,2180,South,CUST0489,POS,completed
5432,2025-11-29,Groundnut Oil,3,2650,East,CUST0021,Transfer,Completed
5093,2025-03-09,Eggs,4,,East,CUST0227,Cash,Completed
4523,2025-09-18,Tea,1,1070,North,CUST0534,Cash,Returned
5313,2025-07-16,Eggs,7,1980,North,,Transfer,Completed
3183,2025-12-18,Tea,5,1000,East,CUST0149,Transfer,Completed
2943,,Toilet Roll,4,860,West,CUST0185,Transfer,Pending
5937,2025-10-01,Butter,6,1880,North,CUST0005,Transfer,Completed
4003,2025-11-14,Rice,8,1860,West,CUST0405,POS,Completed
3793,2025-04-09,Carrot,3,790,West,CUST0251,Transfer,Completed
3159,2025-05-06,Toilet Roll,4,920,West,CUST0567,Cash,Completed
1072,2025-11-26,Milk,4,1400,West,CUST0052,Transfer,Completed
5286,2025-04-22,Butter,4,1660,North,CUST0601,POS,Completed
4063,2025-06-05,Maggi,5,580,West,CUST0233,Transfer,Completed
6035,2025-08-17,Toothpaste,4,1220,North,CUST0228,Transfer,Returned
5605,2025-08-11,Tea,4,1190,East,CUST0093,POS,Completed
2188,2025-08-07,,1,1680,East,CUST0390,Transfer,Completed
1010,2025-01-17,Coffee,7,1940,East,CUST0217,POS,Completed
3182,2025-04-09,Toilet Roll,1,1000,East,CUST0591,Transfer,Completed
1980,2025-12-29,Sugar,1,1430,North,CUST0575,Cash,Completed
5023,2025-06-09,Tea,4,1020,West,CUST0439,Cash,Completed
4083,2025-06-02,Milk,5,1110,North,CUST0003,POS,Completed
1465,2025-09-08,Pepper,3,650,South,CUST0020,Transfer,Completed
6029,2025-05-27,Juice,3,1410,North,CUST0219,Transfer,Returned
3014,2025-05-17,Sugar,6,1460, North ,CUST0464,Transfer,Returned
1737,2025-08-29,Rice,4,2100,North,CUST0432,Transfer,Returned
2658,2025-05-20,Pepper,10,620,North,CUST0116,Cash,Completed
1997,2025-05-20,Groundnut Oil,3,2770,North,CUST0216,Cash,Completed
5480,2025-11-29,Maggi,3,490,West,,Transfer,Returned
6085,2025-12-25,Sugar,5,1330,,CUST0424,POS,Completed
4614,2025-09-21,Eggs,,2360,West,CUST0204,POS,Completed
3770,2025-08-12,Sugar,8,1410,East,CUST0248,POS,Completed
2592,2025-12-11,Tomato Paste,3,740,South,CUST0351,Cash,Completed
4095,2025-11-30,Toothpaste,8,1100,South,CUST0593,Cash,Completed
1546,2025-12-05,Bread,2,1050,East,CUST0494,Cash,Completed
4630,2025-08-21,Beans,5,1620,North,CUST0594,Cash,Completed
4570,2025-02-20,Toilet Roll,,890,West,CUST0544,POS,Completed
3972,2025-03-10,Toothpaste,3,1310,South,CUST0472,Transfer,Pending
5711,2025-01-16,EGGS,9,,South,CUST0434,Transfer,Completed
5316,2025-08-03,Cabbage,6,860,East,CUST0125,Cash,Completed
1323,2025-11-01,Toothpaste,5,1080,West,CUST0364,Transfer,Completed
3263,2025-11-11,toothpaste,4,,East,CUST0335,POS,Completed
4764,2025-04-30,Carrot,10,920,East,CUST0357,Cash,Returned
5491,2025-09-05,Soft Drink,6,760,East,CUST0219,Cash,Completed
2393,2025-10-18,Toothpaste,1,1330,West,CUST0059,Transfer,Completed
1316,2025-06-05,Butter,1,1780,South,CUST0338,Transfer,Completed
3257,26/01/2025,Maggi,2,530,West,CUST0060,POS,RETURNED
2375,2025-07-11,Groundnut Oil,5,2680,West,CUST0329,Transfer,Completed
1792,2025-03-18,Juice,9,1700,SOUTH,CUST0046,Transfer,Completed
5634,2025-12-07,Beans,4,1530,West,CUST0351,Cash,Pending
5141,2025-07-09,,10,1500,South,CUST0096,Transfer,Completed
2209,2025-07-22,Water,2,430,South,CUST0378,Transfer,Completed
1882,2025-03-13,Cabbage,2,810,East,CUST0535,Cash,
5169,2025-11-06,Rice,1,1700,North,CUST0265,POS,Completed
4526,2025-05-03,Toothpaste,5,1350,South,CUST0486,Transfer,Completed
5652,2025-01-26,Rice,10,1860,West,CUST0319,Transfer,Completed
1815,2025-12-08,Juice,2,1560,South,CUST0347,Cash,Completed
1894,2025-11-25,Groundnut Oil,2,2380,North,CUST0322,Cash,Completed
1008,2025-03-25,Carrot,,800,,CUST0074,Cash,Completed
3618,2025-12-03,Soft Drink,9,920,West,CUST0108,Transfer,Completed
4248,2025-07-07,Bread,4,940,South,CUST0116,Transfer,Completed
4240,2025-12-20,Toilet Roll,9,950,East,CUST0222,POS,Completed
4891,2025-09-03,Rice,1,1720,South,CUST0044,POS,Pending
5808,2025-01-27,Water,3,420,West,CUST0185,POS,Pending
1920,2025-06-15,Yam,,1740,South,CUST0095,Transfer,Completed
1126,2025-05-28,Groundnut Oil,,2220,South,CUST0354,POS,Completed
3395,2025-02-19,Juice,5,1410,East,CUST0024,Cash,Returned
3905,2025-06-06,Milk,6,1330,East,CUST0292,Cash,Completed
2122,2025-06-17,Sugar,9,1480,West,CUST0264,Cash,Returned
2459,,Sugar,4,1460,North,CUST0166,POS,Completed
2284,2025-06-15,,2,1220,South,CUST0012,Cash,Completed
1984,,Rice,4,1840,NORTH,CUST0392,POS ,Completed
1973,2025-11-05,Bread,8,870,North,CUST0586,Transfer,Completed
3463,2025-04-17,Water,10,480,North,CUST0208,Transfer,Completed
3653,2025-07-28,Juice,2,1390,East,CUST0508,POS,Pending
1068,2025-07-19,Tomato Paste,9,680,East,CUST0590,Transfer,Completed
3912,2025-02-13,Rice,4,1820,East,CUST0460,Cash,Completed
4816,2025-07-01,Butter,4,1910,South,CUST0107,Transfer,Completed
4754,2025-02-10,Eggs,3,1960,East,CUST0529,Transfer,
4400,2025-04-07,Carrot,7,910,East,CUST0399,,Returned
2818,2025-12-21,Milk,2,1120,South,CUST0031,Transfer,Completed
1940,2025-11-10,Juice,10,1700,South,CUST0238,Cash,Completed
5100,2025-03-17,Yam,8,1580,West,CUST0106,Transfer,Completed
1639,2025-10-11,Eggs,4,2180,West,CUST0097,Bank Transfer,Completed
1385,2025-02-17,Eggs,1,1980,South,CUST0382,Cash,Completed
2301,2025-09-29,Water,3,400,West,CUST0331,Transfer,Completed
4411,2025-11-03,Detergent,4,1860,North,CUST0637,Transfer,Completed
4593,2025-06-13,Cabbage,4,740,North,CUST0387,POS,Completed
4885,2025-12-18,Sugar,2,1210,South,CUST0384,POS,Completed
5446,2025-02-21,Pepper,,780,West,CUST0036,Cash,Completed
5357,2025-04-19,Coffee,9,2060,South,CUST0095,Transfer,Pending
4427,2025-03-31,Juice,1,1720,West,CUST0492,Transfer,Completed
2243,2025-01-23,Juice,5,1650,East,CUST0050,Transfer,
3785,2025-03-02,Juice,7,1410,East,CUST0306,POS,Completed
4973,2025-09-21,eggs,6,30000,South,CUST0512,Cash,Completed
4920,2025-08-23,,10,2250,West,CUST0455,POS,Pending
3294,2025-02-01,Soft Drink,3,920,South,CUST0593,Cash,Pending
1991,2025-06-05,Butter,5,1810,West,CUST0146,Transfer,Returned
4778,2025-07-17,Tea,6,1260,South,CUST0468,Transfer,Returned
4632,2025-06-07,Cabbage,8,770,North,,Transfer,Completed
4086,2025-04-30,Coffee,1,2220,North,CUST0388,Cash,Completed
3226,2025-01-15,Maggi,5,530,North,CUST0098,POS,Pending
1763,2025-08-24,Milk,7,1200,Sout,CUST0181,Cash,Returned
3417,2025-06-06,Soft Drink,4,890,West,CUST0409,Cash,Completed
5315,2025-01-06,Juice,8,,South,CUST0275,POS,Completed
2300,2025-02-02,water,4,510,North,CUST0601,Transfer,Completed
5614,2025-11-04,Rice,2,2080,,CUST0528,Transfer,Completed
2487,2025-11-11,Milk,2,1160,East,CUST0332,,Returned
5595,2025-02-10,Rice,2,1690,North,CUST0022,Transfer,Completed
4821,2025-10-06,Yam,3,1490,South,CUST0137,Transfer,Completed
2863,2025-12-22,Juice,5,,WEST,CUST0481,Transfer,Completed
4901,2025-11-03,Beans,2,1600,West,CUST0411,Cash,Completed
3269,2025-03-19,Sugar,3,1550,South,CUST0439,POS,Completed
1905,2025-10-13,Bread,1,920,West,CUST0483,POS,Returned
5795,2025-04-24,Bread,6,840,South, CUST0602 ,Cash,Pending
4404,2025-06-24,Coffee,6,2210,West,CUST0613,POS,Completed
4861,2025-05-26,Pepper,6,670,South,CUST0364,POS,Completed
3812,2025-02-26,,5,1300,East,CUST0310,POS,Completed
4133,2025-04-21,Eggs,-1,2240,South,CUST0211,POS,Completed
2074,2025-07-11,Coffee,9,1830,East,CUST0432,Transfer,Completed
2448,2025-08-11,Rice,1,1920,West,CUST0183,Transfer,Completed
2265,2025-12-19,Toothpaste,7,1380,South,CUST0364,POS,Completed
2921,2025-10-30,Beans,3,1630,East,CUST0152,Cash,Pending
1524,2025-07-15,Groundnut Oil,4,2k,South,CUST0161,Cash,Completed
1424,2025-08-31,Milk,8,1210,South,CUST0483,Cash,Completed
1251,2025-06-27,Milk,9,1330,South,CUST0220,Transfer,Completed
3062,2025-02-17,Milk,3,1110,North,CUST0134,Cash,Completed
5856,2025-10-22,Bread,5,1090,South,CUST0510,Transfer,Completed
1966,2025-08-21,Rice,3,1750,West,CUST0359,Transfer,Completed
3126,2025-09-30,Water,3,460,South,CUST0191,Cash,Pending
3179,2025-07-18,Coffee,5,2160,North,CUST0113,Cash,Completed
4741,01-20-2025,Yam,3,1740,South,CUST0105,Transfer,Completed
3673,2025-12-26,Cabbage,3,820,South,CUST0262,Cash,Completed
1870,2025-10-02,Milk,2,1190,North,CUST0588,Transfer,Completed
3783,2025-03-22,Beans,8,1530,North,CUST0112,Cash,Completed
3336,2025-11-27,Coffee,2,2030,South,CUST0424,Cash,Completed
1071,2025-03-26,Cabbage,8,890,East,CUST0404,Cash,Completed
2981,2025-05-30,Toilet Roll,3,890,South,CUST0593,Transfer,Completed
3129,2025-07-11,Pepper,3,650,South,CUST0472,Cash,Completed
5216,06-21-2025,Bread,3,0,North,CUST0290,Transfer,Completed
3547,2025-07-23,Groundnut Oil,5,2400,South,CUST0447,POS,Pending
3655,2025-01-27,Soft Drink,1,770,South,CUST0102,Cash,Completed
3828,2025-01-11,Tomato Paste,10,600,South,CUST0039,,Completed
4278,2025-03-14,Toilet Roll,3,930,North,CUST0607,POS,Returned
1976,2025-03-04,Rice,5,1660,East,CUST0428,Cash,Completed
1630,2025-10-13,Carrot,6,960,North,CUST0060,POS,Completed
4402,2025-05-18,Pepper,5,760,East,CUST0318,Cash,Pending
2754,2025-12-04,Groundnut Oil,1,2480,West,CUST0640,Transfer,Completed
4712,2025-05-29,Beans,,1400,,CUST0513,POS,
3455,06-18-2025,Pepper,4,620,,CUST0591,Cash,Completed
3975,2025-02-03,Rice,4,1730,West,CUST0529,Transfer,Completed
4181,2025-08-03,Coffee,6,1750,East,CUST0144,Transfer,Completed
5445,2025-05-24,Toothpaste,6,1150,West,CUST0167,POS,Completed
3626,2025-09-12,Toilet Roll,2,980,West,CUST0451,Transfer,Completed
3977,2025-06-14,,8,680,North,CUST0351,Transfer,Completed
4645,2025-01-17,Beans,,1630,North,CUST0260,Cash,Pending
2666,2025-08-04,Soft Drink,,860,East,CUST0356,Cash,Completed
5584,05-17-2025,Maggi,2,570,South,CUST0400,Transfer,Completed
1772,,Maggi,3,580,West,CUST0330,POS,Pending
3218,2025-06-12,Milk,7,1110,East,CUST0604,Transfer,Pending
2342,2025-11-10,Pepper,2,770,North,CUST0296,Transfer,Completed
3001,2025-12-20,Rice,1,N/A,West,CUST0237,Transfer,Completed
5367,2025-03-02,Rice,1,1940,West,CUST0447,POS,Completed
1426,2025-08-27,Groundnut Oil,3,2670,East,CUST0155,POS,Completed
2936,2025-01-19,Butter,1,1880,East,CUST0152,Transfer,Completed
3446,,Soft Drink,3,740,West,CUST0647,POS,Completed
3955,2025-10-15,Water,2,470,South,CUST0357,Cash,Completed
1613,2025-07-17,Coffee,7,1960,East,CUST0204,Cash,Pending
1761,2025-10-04,Milk,2,1230,South,CUST0125,Pos,Returned
2762,2025-02-11,Tea,2,1190,East,CUST0004,Transfer,Completed
1784,2025-10-24,Juice,3,1400,North,CUST0236,POS,Completed
3021,2025-03-13,Tea,7,1040,East,CUST0531,Transfer,Completed
2692,not recorded,Sugar,1,1540,East,CUST0340,Transfer,Returned
2500,2025-11-11,Water,6,440,North,CUST0174,POS,Completed
2802,2025-01-22,Detergent,1,1910,West,CUST0141,Cash,Completed
6073,2025-10-25,Coffee,8,1740,North,CUST0066,Cash,Pending
3419,2025-08-21,Rice,,1770,West,CUST0377,POS,Completed
4980,2025-06-14,Beans,9,1500,East,CUST0040,Cash,
3038,2025-09-22,,2,2110,West,CUST0542,Cash,Completed
2934,2025-03-25,Maggi,6,unknown,North,CUST0522,card,Completed
3452,2025-12-06,Yam,4,1660,South,CUST0375,Transfer,Completed
2214,2025-03-09,Beans,3,1310,West,CUST0643,Cash,Pending
1497,2025-09-16,Pepper,8,700,West,CUST0281,Transfer,Completed
4791,2025-08-01,Milk,1,1300,West,CUST0576,Transfer,Completed
5968,2025-07-28,Tomato Paste,5,730,North,CUST0457,Cash,Completed
2226,2025-12-22,Detergent,11,1830,North,CUST0142,POS,Completed
4504,2025-11-25,Cabbage,3,820,East,CUST0061,POS,Pending
5174,2025-12-15,Beans,5,1340,North,CUST0167,,Completed
3694,2025-01-30,Bread,5,910,East,CUST0143,Cash,Completed
2808,2025-11-05,Groundnut Oil,11,2560,South,CUST0210,Transfer,Completed
1150,2025-12-18,Tomato Paste,2,700,South,CUST0076,POS,Completed
5241,2025-01-16,Eggs,3,1870,West,CUST0418,Transfer,Completed
6026,2025-06-23,Carrot,5,,East,CUST0165,POS,Pending
3241,2025-06-23,Toothpaste,2,1100,North,CUST0594,POS,Pending
2116,2025-09-01,Maggi,4,530,East,CUST0330,Transfer,Completed
1156,2025-06-18,Toothpaste,6,1190,South,,POS,Completed
3177,2025-06-28,Groundnut Oil,6,2580,North,CUST0527,Transfer,Completed
1982,2025-01-10,Toilet Roll,2,1030, West ,CUST0020,Transfer,Completed
3550,2025-10-10,Tomato Paste,3,710,East,CUST0077,Transfer,Completed
4983,2025-11-08,Carrot,4,900,South,CUST0596,Cash,Completed
5800,2025-12-13,Tomato Paste,4,730,South,CUST0574,POS,Pending
3013,2025-02-25,Tomato Paste,1,600,East,CUST0158,Transfer,Completed
2611,2025-09-09,Toothpaste,3,1170,East,CUST0078,Cash,Returned
1764,2025-04-08,Maggi,3,490,,CUST0646,Cash,Completed
3964,2025-07-07,Eggs,2,2250,North,CUST0479,cash,Completed
1270,2025-07-22,Rice,3,1630,West,CUST0593,POS ,Completed
6044,2025-06-08,Pepper,4,780,South,CUST0607,POS,Completed
5934,2025-04-17,Detergent,4,1920,South,CUST0415,Transfer,Completed
5159,2025-12-18,Butter,3,1890,South,,Transfer,Completed
2172,2025-05-08,Maggi,8,560,East,CUST0298,Transfer,Completed
2662,2025-02-12,Carrot,1,920,South,CUST0249,Cash,Completed
3461,2025-02-10,Coffee,7,2250,West,CUST0136,Transfer,Completed
1957,2025-02-05,Toilet Roll,1,870,West,CUST0445,Transfer,Completed
4466,2025-09-01,Coffee,3,1950,South,CUST0289,Transfer,Pending
2661,2025-05-22,Eggs,9,2220,west ,CUST0430,Cash,Completed
1386,2025-02-18,Juice,4,1590,South,CUST0077,Cash,Completed
1695,2025-06-07,Milk,3,1290,East,CUST0117,Cash,Completed
1573,2025-12-15,Groundnut Oil,4,2510,East,CUST0494,Transfer,Completed
3848,2025-09-16,Groundnut Oil,10,2460,North,CUST0218,,Completed
2548,2025-00-12,Pepper,1,670,South,CUST0603,Transfer,Completed
5670,2025-02-07,Tea,9,1040,South,CUST0223,Cash,Completed
1930,2025-04-02,Groundnut Oil,7,2680,East,CUST0086,Transfer,Completed
5224,2025-07-05,,9,850,West,CUST0161,,Completed
3128,2025-08-22,Maggi,5,440,East,CUST0172,Transfer,Completed
5191,2025-11-04,Soft Drink,4,870,North,CUST0565,Cash,Completed
1752,2025-02-17,Soft Drink,1,840,West,CUST0614,Cash,Completed
5267,2025-05-16,Carrot,11,980,East,CUST0451,Cash,Completed
4281,2025-05-24,Pepper,2,640,East,CUST0411,POS,Completed
5629,2025-04-21,Eggs,4,2020,West,CUST0165,Cash,Completed
2192,2025-08-09,Bread,2,1090,North,UNKNOWN,Transfer,Completed
6111,2025-11-14,Milk,1,1290,South,CUST0341,Transfer,Completed
3406,2025-10-12,Water,6,430,West,CUST0104,Cash,Pending
4202,2025-11-11,Bread,3,1040,West,CUST0630,Cash,Completed
2407,2025-07-05,Eggs,3,2000,east,CUST0128,Transfer,Completed
3499,2025-03-10,Rice,3,1930,East,CUST0221,Transfer,Completed
6052,2025-01-12,Bread,7,860,North,CUST0183,Cash,Completed
2136,2025-03-09,Bread,3,1050,East,CUST0312,Cash,Completed
5017,2025-01-05,Toilet Roll,7,940,East,CUST0281,Cash,Completed
2261,2025-08-09,Carrot,11,800,West,CUST0024,POS,Completed
3586,2025-05-28,,3,1760,East,CUST0171,Cash,Pending
1174,2025-10-16,Groundnut Oil,7,2410,North,CUST0643,Transfer,Completed
2372,2025-07-26,Soft Drink,1,710,West,CUST0238,Transfer,Completed
4189,2025-05-30,Soft Drink,3,910,East,CUST0330,Cash,Returned
5166,2025-06-23,Beans,7,1280,North,CUST0234,Transfer,Completed
2024,2025-01-28,Toothpaste,,1120,west,CUST0207,POS,Completed
5870,2025-06-13,Groundnut Oil,7,2290,North,CUST0516,Cash,Pending
1117,2025-12-06,Cabbage,7,830,West,CUST0508,POS,Completed
3057,2025-03-03,Soft Drink,11,910,East,CUST0636,Cash,Completed
5602,2025-12-21,Beans,3 units,1530,East,CUST0443,Transfer,Pending
5416,2025-01-31,Juice,6,1390,North,CUST0607,Transfer,Completed
2198,2025-06-27,Toothpaste,9,1210,East,CUST0447,Transfer,Completed
1800,2025-07-07,Beans,3,1540,East,CUST0575,Cash,Completed
6146,2025-08-12,Cabbage,1,830,East,CUST0283,Transfer,Completed
4730,2025-05-04,Detergent,1,unknown,South,CUST0508,Cash,Completed
2527,2025-04-24,Rice,8,1720,West,CUST0378,card,Completed
1200,,Toilet Roll,4,1040,East,CUST0400,POS,Completed
4214,2025-05-13,Toothpaste,2,1280,West,CUST0509,Transfer,Completed
4102,2025-04-05,Butter,6,1610,South,CUST0144,Cash,Completed
1705,2025-12-13,Toilet Roll,12,840,East,CUST0471,Transfer,Pending
4531,2025-09-19,Tomato Paste,4,650,North,CUST0433,Cash,Completed
3658,2025-02-05,Butter,5,1680,East,CUST0011,Transfer,Completed
2597,2025-07-09,Yam,2,1560,North,CUST0323,Transfer,Completed
2903,2025-09-07,Pepper,2,620,South,CUST0151,Transfer,Completed
2534,2025-09-15,Groundnut Oil,3,2430,North,CUST0548,POS,Completed
2307,2025-10-30,Pepper,3,730,North,CUST0019,Cash,Pending
1796,2025-08-26,Groundnut Oil,7,2700,South,CUST0190,POS,Completed
5439,2025-08-22,Carrot,7,800,,CUST0593,Transfer,Pending
5608,2025-11-23,Carrot,,760,North,CUST0361,Cash,Completed
1978,2025-12-08,Groundnut Oil,4,2690,North,CUST0092,POS,Completed
5423,2025-04-06,Groundnut Oil,10,2520,West,CUST0395,Cash,Completed
3806,2025-03-03,Tomato Paste,4,710,East,CUST0005,Cash,Completed
2760,invalid,Milk,6,1360,North,CUST0633,Transfer,Completed
4004,2025-01-31,Toothpaste,5,1100,East,CUST0394,Bank Transfer,Completed
3591,2025-02-21,Pepper,4,810,Northh,CUST0501,Transfer,Completed
2788,2025-00-12,Pepper,7,710,West,CUST0280,POS,Completed
5733,2025-02-28,Cabbage,6,770,South,CUST0249,Cash,Pending
2365,2025-08-06,Tomato Paste,2,620,East,CUST0578,Transfer,Completed
1893,2025-10-08,Soft Drink,6,810,East,CUST0054,Cash,Completed
4356,2025-10-31,Bread,5,940,East,CUST0330,Transfer,Completed
5765,2025-03-14,Carrot,1,940,West,CUST0270,POS,Completed
5072,2025-06-24,Eggs,4,2110,South,CUST0483,Transfer,Completed
1032,2025-10-24,Beans,6,1300,North,CUST0059,transfer,Completed
5978,2025-08-25,Tomato Paste,4,740,West,CUST0449,Transfer,Completed
2027,2025-12-21,Coffee,2,2060,West,CUST0493,Cash,Returned
5599,2025-04-13,Toothpaste,6,1210,East,CUST0248,Transfer,Returned
3889,2025-05-08,Beans,5,1540,South,CUST0001,Transfer,Completed
5989,2025-10-13,Groundnut Oil,7,2730,South,CUST0304,Transfer,Pending
2831,2025-04-23,Cabbage,5,,East,CUST0232,Cash,Completed
4488,2025-03-14,Rice,3,1820,North,CUST0429,POS,Completed
5983,2025-01-16,Eggs,6,2360,South,CUST0232,Transfer,Completed
1092,2025-09-09,Water,2,400,North,CUST0481,Cash,Completed
2323,2025-02-26,Bread,3,1070,West,CUST0274,Transfer,Completed
5278,2025-01-28,Coffee,10,1780,South,CUST0636,Transfer,Completed
4849,"Sep 29, 2025",Carrot,5,960,East,CUST0112,POS,Completed
1432,2025-05-22,Pepper,4,800,East,CUST0639,Cash,Pending
5551,2025-06-21,Yam,1,1690,South,CUST0181,POS,Completed
2299,2025-06-13,Eggs,5,2210,South,CUST0205,Cash,Completed
5485,2025-07-07,Groundnut Oil,6,2470,East,CUST0287,Transfer,Pending
5109,2025-04-17,Groundnut Oil,11,2610,South,CUST0317,Transfer,Completed
4997,2025-02-28,Milk,2,1210,West,CUST0269,POS,Completed
4345,2025-08-14,,2,720,West,CUST0221,,Completed
3686,,Juice,6,1580,South,CUST0010,Cash,Completed
1346,2025-06-29,Juice,5,1570,West,CUST0332,POS,Completed
4319,2025-12-06,Toothpaste,7,1170,West,CUST0275,Cash,Pending
3772,2025-03-31,Sugar,10,1240,East,CUST0109,POS,Pending
1293,2025-09-09,Water,4,490,North,CUST0174,Transfer,Completed
ORD-7962,2025-07-27,Detergent,2,1960,East,CUST0097,Transfer,Completed
5178,2025-06-01,,6,1470,North,CUST0208,Transfer,Completed
5913,2025-10-20,Toilet Roll,2,860,North,CUST0015,Cash,Pending
4157,2025-07-05,Water,4,400,South,CUST0009,Cash,return
5717,2025-03-01,Beans,3,1630,East,CUST0384,Transfer,Completed
3584,2025-10-05,Yam,3,1760,North,CUST0612,Transfer,Completed
1795,2025-01-09,Milk,4,1210,SOUTH,CUST0585,Cash,Completed
2210,2025-04-03,Detergent,4,1940,West,CUST0194,Cash,Returned
4813,2025-04-11,Juice,5,1470,South,CUST0593,Transfer,Completed
5237,2025-09-26,Detergent,1,1650,West,CUST0204,Cash,Completed
3178,2025-07-21,Toothpaste,,1320,East,CUST0207,Transfer,Returned
1139,2025-03-01,Detergent,1,1970,,CUST0398,Cash,Completed
3080,"Jan 16, 2025",Tomato Paste,5,600,West,CUST0317,Cash,Returned
3746,2025-04-23,Milk,1,1210,East,CUST0436,Cash,Pending
3878,2025-08-21,Milk,2,1150,West,CUST0616,POS,Completed
4955,2025-09-25,Maggi,6,490,East,CUST0324,POS,Completed
4184,2025-05-25,Toothpaste,6,1140,West,CUST0257,Transfer,Completed
5354,2025-01-02,Beans,5,1500,North,CUST0123,Transfer,Returned
1472,2025-06-01,Tomato Paste,2,670,West,CUST0493,Transfer,Completed
5721,2025-02-13,Butter,1,1820,North,,Transfer,Returned
1085,2025-12-26,Soft Drink,8,830, West ,CUST0088,Transfer,Completed
1681,2025-06-21,Sugar,5,1440,West,CUST0167,POS,Completed
4287,2025-11-16,Sugar,6,1420,West,CUST0051,POS,Completed
1208,2025-08-06,Milk,1,1310,West,CUST0559,Transfer,Completed
3122,06/10/2025,Coffee,4,1930,West,CUST0553,POS,Completed
4312,2025-07-28,Tea,5,1220,East,CUST0394,Transfer,Completed
4534,2025-04-13,Water,1,460,North,CUST0338,Cash,Completed
4623,2025-10-12,Water,5,420,South,CUST0395,Cash,Completed
4648,2025-01-04,Toilet Roll,3,1040,Noth,CUST0310,POS,Completed
1847,2025-07-04,DETERGENT,6,1810,East,CUST0085,Transfer,Completed
5492,2025-09-20,Coffee,12,2150,South,CUST0640,Cash,Completed
5803,2025-10-28,Tea,3,1270,West,CUST0135,Transfer,Completed
3773,2025-11-30,Carrot,8,850,East,CUST0504,Transfer,Completed
3503,10/02/2025,Beans,10,1350,,CUST0596,Cash,Completed
4128,2025-09-16,Eggs,8,1890,East,CUST0186,Cash,Completed
2141,2025-05-04,Bread,4,920,West,CUST0385,POS,Returned
2348,2025-11-23,Maggi,3,500,East,CUST0268,POS,Completed
1390,2025-08-20,Tea,3,,East,CUST0093,Transfer,Completed
4399,2025-02-28,Beans,7,1540,East,CUST0512,Transfer,Returned
4310,, Butter ,5,1620,South,CUST0641,Transfer,Completed
6048,2025-03-30,Groundnut Oil,2,2540,East,CUST0090,Cash,Completed
3565,2025-07-30,Bread,4,910,South,CUST0532,,Completed
5137,2025-01-22,Butter,5,2060,North,CUST0043,Cash,Returned
4262,2025-08-15,Rice,9,1700,,CUST0145,Cash,Completed
5649,2025-01-17,Carrot,1,980,North,CUST0582,Transfer,Completed
4387,2025-02-28,Soft Drink,6,740,East,CUST0393,Transfer,Completed
3847,2025-05-15,Milk,6,1120,South,CUST0421,Cash,Completed
4936,2025-05-10,Toothpaste,6,1390,West,CUST0083,Transfer,Completed
1898,2025-01-11,Coffee,10,2220,West,CUST0092,POS,Completed
4241,2025-11-24,Juice,7,1630,North,CUST0262,Cash,Completed
3730,2025-05-13,Toilet Roll,1,960,South,CUST0537,Transfer,Completed
2094,2025-05-12,Sugar,3,1300,North,CUST0385,Cash,Completed
1463,2025-02-22,Butter,3,1880,West,CUST0067,POS,Completed
4711,2025-05-02,Tomato Paste,3,570,East,CUST0470,Transfer,Completed
1751,2025-09-26,Bread,2,950,West,CUST0291,Transfer,Completed
3896,2025-12-08,Detergent,9,1610,East,CUST0263,Transfer,Completed
2677,2025-07-23,Carrot,2,840,North,CUST0629,Cash,Completed
1591,2025-05-26,Sugar,3,1440,South,CUST0458,POS,Completed
3712,2025-03-08,Butter,3,1620,South,CUST0419,POS,Completed
5554,2025-10-11,Water,3,480,East,CUST0266,POS,Completed
ORD-8750,2025-01-09,Water,5,450,South,CUST0639,POS,Completed
4555,2025-12-23,Juice,5,1360,East,CUST0468,Cash,Completed
4138,2025-01-17,Toothpaste,6,0,East,CUST0253,Transfer,Completed
3520,"Jun 6, 2025",Rice,50,1900,North,CUST0013,Transfer,Completed
3858,2025-11-25,Juice,3,1350,East,CUST0525,Cash,Completed
3862,2025-01-31,Groundnut Oil,3,2690,South,CUST0080,Cash,Completed
1389,2025-02-24,,2,1820,South,CUST0124,Cash,Returned
5630,2025-10-29,Tomato Paste,1,600,East,CUST0647,Transfer,Completed
5420,2025-06-14,Tomato Paste,2,740,West,CUST0032,Transfer,Completed
3130,2025-11-10,Carrot,3,900,West,CUST0546,Cash,Pending
3321,2025-12-11,Toothpaste,7,1270,West,CUST0288,Transfer,Completed
4452,2025-08-08,Detergent,6,1910,North,CUST0527,POS,Completed
1488,2025-07-31,Cabbage,1,810,East,CUST0619,POS,Completed
4892,2025-03-16,Butter,4,1910,South,CUST0287,Transfer,Pending
1300,2025-06-03,Coffee,6,2180,East,CUST0096,Transfer,Completed
4207,2025-01-13,Groundnut Oil,3,2670,South,CUST0210,Transfer,Completed
5494,2025-03-04,Toilet Roll,2,1030,West,CUST0061,Transfer,Completed
5345,2025-08-21,Cabbage,8,820,West,CUST0247,Transfer,Pending
5013,2025-06-11,Beans,7,1560,South,CUST0032,POS,Completed
1801,2025-05-03,Pepper,5,740,West,CUST0231,Transfer,Pending
1313,2025-10-14,Milk,9,1440,West,CUST0390,Transfer,Completed
2564,2025-04-16,Rice,5,1870,South,CUST0248,POS,Returned
3462,2025-08-24,Rice,10,1990,South,CUST0558,Transfer,Completed
5842,2025-02-21,Toothpaste,10,1110,South,CUST0406,POS,Completed
3668,2025-08-31,Groundnut Oil,8,2360,East,CUST0214,Cash,Completed
4889,2025-11-29,Toothpaste,2,1140,West,CUST0603,Cash,Pending
3650,2025-04-21,Juice,2,1480,West,CUST0565,Cash,Completed
5994,2025-11-02,Cabbage,2,770,North,CUST0442,Transfer,
6040,2025-12-31,Cabbage,7,790,North,CUST0181,POS,Completed
6133,2025-05-05,Toothpaste,5,1320,West,CUST0496,POS,completed
2827,16/03/2025,Water,5,460,West,CUST0588,Transfer,Pending
2995,2025-05-04,Bread,9,900,West,CUST0570,POS,completed
1431,2025-03-17,Water,8,430,East,,Transfer,Completed
2418,2025-09-19,Pepper,6,760,,CUST0221,Transfer,Completed
2366,2025-11-27,Beans,6,1540,South,CUST0044,POS,Completed
5385,2025-04-02,Pepper,4,650,West,CUST0613,Cash,Pending
5638,2025-07-31,Maggi,8,510,east,CUST0343,Transfer,Completed
5220,2025-07-15,Rice,4,,South,CUST0473,Cash,Completed
5277,2025-11-28,Carrot,4,850,East,CUST0345,POS,Completed
3224,2025-03-26,Eggs,8,2350,West,CUST0027,Transfer,Completed
4596,2025-09-19,Tea,11,1180,West,CUST0060,Transfer,Pending
2148,12/10/2025,Rice,4,1790,East,CUST0132,Cash,Completed
3106,2025-08-26,Butter,6,,West,CUST0192,Transfer,Pending
5653,2025-07-13,Cabbage,5,840,West,CUST0442,POS,Pending
2702,2025-06-22,Soft Drink,10,910,South,CUST0459,POS,Completed
2197,14/04/2025,Detergent,5,1620,West,CUST0197,Transfer,Completed
5122,2025-05-29,Soft Drink,3,700,North,CUST0602,POS,Completed
5010,2025-06-26,Cabbage,1,840,South,CUST0356,POS,Completed
4160,"Feb 22, 2025",Groundnut Oil,8,2110,South,CUST0419,Cash,Completed
4323,2025-11-30,Sugar,4,1490,West,CUST0258,Transfer,Pending
4352,07/12/2025,Sugar,12,1370,East,CUST0110,Transfer,Completed
1817,2025-02-17,Carrot,3,890,West,CUST0598,Cash,Pending
1358,2025-09-23,Coffee,6,1720,North,CUST0124,POS,Completed
3059,2025-11-24,Toilet Roll,7,860,North,CUST0232,Transfer,Completed
4865,2025-06-18,Detergent,4,2020, East ,CUST0388,Cash,Completed
1757,2025-03-15,Bread,5,950,East,CUST0453,Cash,Completed
2146,2025-07-21,Rice,5,1910,South,CUST0066,Cash,Completed
2118,2025-08-08,Carrot,10,970,South,,Cash,Completed
5190,2025-01-15,Groundnut Oil,1,2620,West,CUST0649,Transfer,Completed
3823,2025-11-07,Rice,6,1840,West,CUST0455,Transfer,Completed
3928,2025-05-22,Toothpaste,12,1390,West,CUST0619,POS,Completed
2354,2025-10-06,Soft Drink,9,900,East,CUST0403,Transfer,Completed
2687,2025-12-28, Detergent ,2,1870,East,CUST0283,Cash,Returned
1226,2025-06-22,Soft Drink,8,830,East,CUST0084,Transfer,RETURNED
4176,2025-10-10,Pepper,3,680,South,CUST0382,Cash,Completed
3868,2025-12-18,Toothpaste,10,1130,East,CUST0244,POS,Completed
4824,,Soft Drink,3,720,East,,POS,Pending
2092,2025-03-27,Cabbage,4,780,South,CUST0160,POS,Pending
2644,2025-11-25,Tomato Paste,1,670,East,CUST0233,POS,Pending
5923,2025-05-07,Beans,7,1560,West,CUST0375,Transfer,Completed
5749,2025-07-02,Toilet Roll,7,950,South,CUST0436,Cash,Pending
1328,2025-09-05,Toilet Roll,3,820,South,CUST0327,Transfer,Completed
5961,2025-07-26,Juice,11,1330,East,CUST0446,POS,Pending
5160,2025-03-12,Cabbage,7pcs,,South,CUST0009,POS,Completed
2775,2025-03-30,Maggi,2,570,West,CUST0098,Transfer,Completed
1507,2025-04-26,Groundnut Oil,9,2590,North,CUST0603,Cash,Completed
1625,2025-06-14,Coffee,,2080,South,CUST0195,Cash,Completed
4846,2025-07-28,Juice,4,1510,East,CUST0110,Cash,Pending
2779,2025-05-01,Butter,4,1830,West,CUST0427,Cash,Returned
4538,2025-07-02,Tomato Paste,7,590,,CUST0447,Transfer,Completed
1015,,Rice,6,1980,North,,Transfer,Completed
2610,11/07/2025,Toilet Roll,1,900,East,CUST0517,POS,Completed
4756,2025-11-22,Pepper,2,790,East,CUST0318,Transfer,Completed
3447,27/07/2025,Carrot,1,790,North,CUST0217,Transfer,Completed
4802,2025-10-23,Coffee,6,2110,West,CUST0184,POS,Completed
4834,2025-12-21,Tomato Paste,2,570,West,CUST0303,Transfer,Completed
1161,2025-01-16,Water,1,460,South,CUST0430,Cash,Completed
1255,2025-06-14,Yam,3,1430,East,CUST0588,Transfer,Completed
5969,2025-10-14,Groundnut Oil,6,2740,West,CUST0496,POS,Pending
5225,2025-03-02,Rice,2,1800,East,CUST0478,Cash,Completed
4020,2025-10-21,Coffee,3,1730,NORTH,,POS,Completed
3699,2025-02-14,Yam,2,1450,West,CUST0565,Cash,Completed
5469,31/02/2025,Detergent,4,1750,North,CUST0066,Transfer,Completed
1782,2025-05-09,Tomato Paste,3,720,South,CUST0045,Transfer,Completed
1559,2025-05-10,Juice,3,1550,North,CUST0627,Transfer,Completed
3383,22/09/2025,Toothpaste,1,1070,North,CUST0243,,Completed
2378,2025-02-19,Maggi,2,550,East,CUST0369,POS,Completed
1106,2025-12-06,Yam,10,1770,East,CUST0466,Transfer,Completed
3645,2025-08-19,Detergent,1,1660,West,CUST0009,Cash,Completed
5791,2025-12-18,Soft Drink,3,710,North,CUST0385,Cash,Completed
2356,2025-11-01,Pepper,1,670,South,CUST0340,POS,Completed
4370,2025-01-12,Beans,3,1310,East,CUST0052,POS,Pending
1689,2025-05-30,Milk,4,1140,North,CUST0338,Cash,Completed
2908,2025-09-03,Beans,1,1410,North,CUST0519,Transfer,Returned
1798,01/06/2025,Beans,4,1390,West,,Cash,Completed
1284,2025-09-29,Toothpaste,2,1140,West,CUST0339,Cash,Returned
5667,2025-09-10,Tea,11,1150,West,CUST0647,POS,Completed
2544,,Bread,5,1100,West,CUST0051,Transfer,Completed
2707,2025-09-09,Rice,2,1920,South,CUST0314,Cash,Pending
4893,2025-05-27,,5,680,South,CUST0171,POS,Returned
4658,"Jun 2, 2025",Carrot,3,810,South,CUST0283,Cash,Completed
5879,2025-09-30,Tomato Paste,1,680,West,CUST0517,Cash,Returned
1642,2025-02-18,Juice,5,1450,South,CUST0081,POS,Returned
3811,2025-03-20,Butter,11,1840,West,CUST0261,Cash,Completed
2387,10/11/2025,Soft Drink,9,900,South,CUST0133,Transfer,Completed
3027,2025-11-27,Toilet Roll,3,870,West,CUST0088,Cash,Completed
3493,2025-08-01,Juice,4,1610,South,CUST0554,POS,
5974,2025-07-23,Maggi,8,510,West,CUST0492,POS,Completed
5401,10-28-2025,Water,3,450,North,CUST0216,cash,Pending
4700,2025-04-08,Carrot,6,860,East,CUST0248,Transfer,Completed
3979,2025-01-02,Rice,6,1830,North,CUST0252,Transfer,Completed
4717,2025-10-12,Coffee,4,1940,South,CUST0549,Cash,Completed
2066,2025-07-08,Bread,1,860,North,CUST0420,Cash,Completed
4382,2025-06-01,Sugar,4,1230,South,CUST0545,Cash,Completed
2526,2025-08-06,Maggi,5,510,North,CUST0501,Cash,Returned
3158,2025-01-04,Water,5,470,East,CUST0387,Cash,Pending
1353,2025-06-25,Detergent,9,1910,East,CUST0102,Cash,Pending
2062,2025-05-28,Milk,unknown,1420,North,CUST0305,Transfer,Pending
3911,2025-10-07,Juice,9,1730,Northh,CUST0379,Transfer,Completed
5326,2025-07-08,Bread,2,900,East,CUST0647,Cash,Completed
5364,2025-07-08,Cabbage,1,740,West,CUST0013,Cash,Pending
2191,2025-01-01,Beans,1,1580,West,CUST0293,Cash,Pending
4225,2025-12-03,Tomato Paste,3,570,West,CUST0201,Transfer,Completed
3112,2025-05-01,Detergent,9,1790,West,CUST0016,Transfer,
1996,2025-08-10,Eggs,2,2140,North,CUST0351,Cash,Returned
ORD-8939,2025-07-31, Detergent ,8,1590,East,CUST0496,POS,Completed
1297,2025-01-07,Tomato Paste,1,,North,CUST0018,Cash,Completed
4679,2025-11-25,Rice,3,1780,South,CUST0052,Cash,Completed
5561,2025-05-23,Sugar,,1520,East,CUST0442,Cash,Completed
4334,2025-03-18,Eggs,5,2340,South,CUST0188,POS,Completed
1476,2025-01-05,Beans,8,1550,West,CUST0337,Transfer,Completed
1827,2025-04-02,Tomato Paste,4,700,West,CUST0030,Transfer,Completed
5138,09-02-2025,Tea,8,990,,CUST0508,Transfer,Completed
2803,2025-12-10,Water,4,460,North,CUST0505,Transfer,Completed
ORD-5676,17/08/2025,Maggi,12,450,South,CUST0124,Cash,Completed
4800,2025-12-20,Bread,5,1000,South,CUST0519,Transfer,Pending
6018,2025-04-26,Butter,1,2090,North,CUST0566,POS,RETURNED
5517,2025-01-13,Eggs,4,2350,North,CUST0363,Cash,Completed
5572,2025-05-17,Toothpaste,5,1280,South,CUST0452,POS,Completed
3893,2025-08-20,Juice,two,1420,North,CUST0284,POS,Completed
2769,2025-11-14,Beans,7,1450,South,CUST0013,POS,Completed
5878,08-24-2025,Pepper,4,760,South,CUST0038,Cash,Completed
2413,2025-05-12,,1,2340,North,,Cash,Completed
4088,2025-08-23,Juice,,1520,North,CUST0219,Transfer,Pending
1541,2025-08-21,Detergent,8,1560,North,CUST0106,Cash,Completed
5916,2025-04-30,Pepper,10,740,East,CUST0512,POS,Completed
5654,2025-10-17,Maggi,5,470,South,CUST0518,Transfer,Completed
5812,2025-01-03,Cabbage,4,720,West,CUST0013,Transfer,Completed
2443,2025-07-01,Bread,,1030,West,CUST0077,Transfer,Completed
3590,"Jun 14, 2025",Maggi,5,460,NORTH,CUST0175,Cash,Completed
6083,2025-05-15,Detergent,4,1620,West,CUST0445,POS,Pending
1892,2025-08-05,Pepper,8,780,West,CUST0268,Cash,Completed
5104,2025-04-22,Detergent,1,1610,East,CUST0017,Cash,Completed
4587,2025-07-06,COFFEE,7,1950,,CUST0575,POS,Completed
5976,2025-01-05,Pepper,4,770,North,CUST0183,POS,Completed
3087,2025-03-03,Pepper,3,650,North,CUST0409,Cash,Completed
3923,2025-03-27,,8,520,East,CUST0275,Transfer,Completed
5872,2025-11-01,Bread,8,880,South,CUST0180,Transfer,Completed
3236,2025-03-02,Coffee,3,2150,South,CUST0116,Transfer,Completed
6097,2025-08-07,Toothpaste,3,1330,North,CUST0398,,Completed
3007,15/02/2025,Bread,4,900,North, CUST0001 ,Transfer,Completed
2422,2025-05-05,Yam,3,1770,North,,Cash,Completed
1473,2025-02-15,Maggi,9,560,South,CUST0153,POS,Pending
4188,2025-02-01,Groundnut Oil,2,2620,West,CUST0148,Cash,Completed
5527,2025-03-24,Rice,2,2130,South,CUST0133,Cash,Completed
3413,2025-07-25,Groundnut Oil,5,2710,,CUST0344,POS,Completed
1362,2025-12-18,Soft Drink,4,750,East,CUST0144,POS,Completed
5817,2025-04-28,Maggi,7,560,East,CUST0119,Cash,Completed
6010,2025-11-22,Butter,1,2040,North,CUST0441,,Pending
5666,2025-10-24,Cabbage,6,740,South,CUST0600,Transfer,Completed
5689,2025-01-07,Maggi,3,470,North,CUST0077,Transfer,Completed
4175,2025-08-16,Soft Drink,3,910,West,CUST0413,Cash,Completed
4258,2025-10-06,Rice,4,1730,west ,CUST0549,POS,Returned
5859,2025-10-23,Rice,3,1970,North,CUST0065,POS,Completed
4192,2025-01-14,,3,1790,West,CUST0123,Transfer,Completed
2888,2025-02-15,Tomato Paste,4,640,North,CUST0376,POS,Completed
3046,2025-09-16,Toilet Roll,9,800,West,CUST0112,Transfer,Completed
5358,2025-07-11,Toothpaste,3,1090,South,CUST0620,Transfer,Completed
1062,2025-08-26,Toilet Roll,1,850,East,CUST0468,Transfer,Completed
2121,2025-04-19,Coffee,2,2230,East,CUST0109,Transfer,Completed
2162,2025-06-26,Sugar,7,1440,South,CUST0489,Cash,Completed
1839,2025-02-09,Bread,1,960,South, CUST0044 ,Transfer,Completed
5532,2025-08-15,Butter,7,2040,South,CUST0494,POS,Completed
2458,2025-06-30,Pepper,7,720,East,CUST0532,Transfer,Completed
2419,2025-03-18,Maggi,3,580,East,CUST0080,POS,Returned
3778,2025-08-19,Milk,4,1410,East,CUST0222,POS,Completed
5552,05-30-2025,Soft Drink,6,730,WEST,CUST0514,Transfer,Completed
3635,2025-11-22,Toothpaste,9,1190,North,CUST0044,POS,Returned
2887,2025-01-12,Groundnut Oil,3,2340,South,CUST0021,Cash,Completed
1197,2025-01-25,Bread,2,1010,South,CUST0065,Transfer,Pending
3608,2025-11-01,Toothpaste,4,1230,North,CUST0175,Cash,Completed
5078,2025-07-15,Beans,2,1310,North,CUST0151,Cash,Completed
1879,2025-08-05,Tomato Paste,5,580,West,CUST0280,Transfer,Completed
1166,2025-05-11,Butter,3,1640,South,CUST0441,Transfer,Completed
3614,2025-06-18,Eggs,7,2310,West,CUST0436,Cash,Pending
5360,2025-12-18,Beans,3,1420,East,CUST0388,Cash,Completed
5139,2025-03-21,Cabbage,6,740,East,CUST0398,Transfer,Completed
2071,2025-02-09,Sugar,6,1190,North,CUST0158,Transfer,Completed
5029,2025-05-18,Bread,3,860,South,CUST0183,Cash,Completed
1103,2025-10-22,Maggi,5,440,North,CUST0591,Transfer,Completed
4919,2025-08-14,Tea,3,1260,North,CUST0096,POS,Returned
4757,2025-08-01,Carrot,1,930,East,CUST0396,Cash,Completed
3696,2025-01-01,Yam,2,1810,West,CUST0035,Cash,Completed
2276,2025-09-15,Groundnut Oil,5,2130,North,CUST0431,Transfer,Pending
2182,"Sep 14, 2025",Cabbage,6,850,South,CUST0135,Transfer,Completed
5660,2025-08-02,Tomato Paste,4,580,East,CUST0306,Cash,Completed
3202,2025-07-10,Carrot,3,950,West,CUST0258,Cash,Completed
3064,2025-01-24,Tomato Paste,4,590,West,,POS,Completed
4201,2025-02-08,Toothpaste,3,1180,South,CUST0295,POS,Completed
5461,2025-05-15,Toilet Roll,11,810,South,CUST0546,Transfer,Pending
4807,2025-04-24,Coffee,,1860,,CUST0329,Cash,Completed
2622,2025-02-17,Bread,11,970,East,,POS,Completed
3424,2025-09-11,Bread,10,1050,West,CUST0146,POS,Completed
1202,10-25-2025,Bread,6,920,East,CUST0361,Cash,Pending
1673,2025-07-14, Soft Drink ,6,790,East,CUST0534,Transfer,Completed
3846,2025-06-14,Coffee,7,2050,East,CUST0596,POS,Completed
2119,2025-12-31,Tea,2,1130,East,CUST0131,Cash,Completed
1711,2025-12-12,Detergent,1,1730,East,CUST0437,Transfer,Completed
4055,2025-04-12,Beans,4,1680,East,CUST0333,Cash,Completed
5378,2025-05-15,Detergent,4,2000,North,CUST0512,Cash,Completed
4552,2025-08-21,Detergent,3,1700,West,CUST0092,POS,Completed
5019,2025-05-31,Detergent,3,1880,West,CUST0639,POS,Completed
3470,2025-05-06,Tomato Paste,3,700,South,CUST0204,Transfer,Completed
2349,2025-10-16,Sugar,4,1520,West,CUST0205,Transfer,Completed
4862,2025-01-16,Cabbage,10,850,West,CUST0350,Cash,Pending
2600,2025-08-07,Pepper,7,680,West,CUST0221,Cash,Completed
3108,2025-03-29,Tomato Paste,5,630,South,CUST0622,Transfer,Completed
2450,2025-04-29,Yam,8,1710,South,CUST0646,Transfer,Completed
2614,2025-11-30,Butter,3,1680, North ,CUST0465,Cash,Completed
5490,2025-08-26,Rice,3,1790,South,CUST0434,POS,Completed
5133,2025-08-10,Toilet Roll,7,920,South,CUST0008,Cash,
2412,09-17-2025,Maggi,8,520,East,CUST0567,Cash,Completed
2050,2025-04-18,Tomato Paste,4,2k,East,CUST0384,card,Pending
3150,2025-01-21,Rice,1,2040,North,CUST0236,Cash,Pending
1747,2025-05-28,Rice,9,1860,North,CUST0543,Cash,Completed
3076,2025-07-07,Toothpaste,5,1270,West,CUST0151,Transfer,Completed
3543,01-11-2025,Tomato Paste,6,710,East,CUST0064,Transfer,Returned
3229,2025-10-07,Milk,9,1410,North,CUST0548,Transfer,Completed
3350,2025-11-21,Sugar,1,1460,North,CUST0240,Transfer,Pending
4346,2025-10-12,Toilet Roll,5,800,North,CUST0093,Cash,Completed
3142,2025-12-23,Butter,8,1990,North,CUST0090,Transfer,Completed
4253,2025-02-18,Butter,4,1980,South,CUST0344,Cash,Completed
3621,2025-06-13,Maggi,2,530,East,CUST0125,Transfer,Completed
3505,2025-10-25,MILK,7,1380,East,CUST0094,Cash,Completed
1217,2025-12-16,Milk,11,1450,North,CUST0067,Cash,Completed
4461,2025-08-18,Beans,8,1620,South,,Transfer,Completed
4990,2025-03-11,Maggi,4,490,North,CUST0475,Transfer,Completed
1571,2025-02-07,Toothpaste,4,1170,East,CUST0526,POS,Pending
3652,2025-01-15,Groundnut Oil,5,2610,South,CUST0155,Cash,Returned
3102,,Pepper,4,720,North,CUST0386,Transfer,Completed
5921,2025-08-02,Sugar,5,1250,East,CUST0336,POS,Completed
2245,2025-12-26,Butter,6,1750,East,CUST0515,POS,Completed
5754,2025-05-04,Carrot,3,940,West,CUST0482,POS,Completed
1921,2025-02-15,Cabbage,1,730,South,CUST0413,Transfer,Completed
1492,2025-03-26,Beans,4,1610,South,CUST0110,Transfer,Completed
4220,2025-05-28,Juice,6,1670,East,CUST0315,Transfer,Complete
4430,2025-11-08,Tea,6,1230,West,CUST0313,Transfer,Completed
1831,2025-01-25,Carrot,3,870,East,CUST0527,Transfer,Completed
1602,2025-08-15,Milk,3,1240,West,CUST0311,Transfer,Completed
2996,2025-04-04,Toilet Roll,5,1040,East,CUST0153,POS,Completed
2096,2025-09-09,Carrot,4,850,South,CUST0383,Transfer,Completed
1327,2025-03-01,Milk,8,1360,North,CUST0320,Transfer,Pending
2098,2025-05-11,Tomato Paste,7,710,North,CUST0522,Cash,Completed
3733,2025-11-03,Groundnut Oil,7,2590,South,CUST0115,POS,Completed
2590,2025-09-30,Eggs,3,2010,North,CUST0641,Transfer,Returned
2780,2025-03-23,Water,3,440,South,CUST0627,Transfer,Completed
3579,2025-06-05,Yam,10,1520,East,CUST0403,Cash,Completed
2447,09-12-2025,Sugar,3,1260,East,CUST0529,POS,Completed
1783,2025-04-01,Toothpaste,2,1070,East,CUST0073,POS,Completed
3118,2025-01-09,Toothpaste,10,1100,East,CUST0339,POS,Returned
5298,2025-07-02,Soft Drink,7,770,East,CUST0031,,Completed
1180,2025-03-23,Soft Drink,3,910,South,CUST0419,POS,Completed
5861,2025-10-05,Toothpaste,6,1280,South,CUST0399,POS,Completed
5016,2025-05-07,Butter,2,1820,East,CUST0505,Transfer,Completed
2426,2025-03-02,Pepper,1,700,West,CUST0590,Cash,Pending
1443,2025-08-31,Sugar,5,1320,West,CUST0265,Cash,Completed
2637,2025-05-09,Coffee,2,2080,North,CUST0474,Cash,Completed
4642,2025-12-29,Cabbage,8,870,South,CUST0580,POS,Completed
3385,2025-09-18,Sugar,3,1550,North,CUST0055,Cash,Returned
3523,2025-11-21,Tomato Paste,6,-500,North,CUST0425,Transfer,Completed
6055,2025-12-24,Water,7,520,East,CUST0524,Transfer,Completed
6075,2025-01-28,Bread,3,860,North,CUST0058,Transfer,Completed
ORD-4067,2025-10-02,Yam,2,1820,West,CUST0139,Cash,Completed
2328,2025-05-17,Juice,2,1540,North,CUST0232,POS,Completed
1133,2025-09-29,Carrot,4,810,West,CUST0264,POS,Returned
5687,2025-08-10,Sugar,4,1480,West,CUST0176,Transfer,Completed
2782,2025-08-17,Rice,3,1760,North,CUST0240,POS,Pending
4109,2025-05-22,Coffee,6,2020,North,CUST0182,Cash,Pending
3443,2025-12-28, Sugar ,1,1510,South,CUST0269,Cash,Completed
3510,2025-04-03,Milk,2,1310,North,CUST0395,Transfer,Completed
2849,2025-02-03,Milk,1,1410,North,CUST0487,Transfer,Pending
2029,2025-02-28,Toothpaste,2,1200,North,CUST0045,POS,Completed
3242,2025-05-21,Tomato Paste,5,590,West,CUST0273,Cash,Completed
2350,2025-06-04,Tea,3,1060,South,CUST0559,Transfer,Pending
1363,2025-06-29,Cabbage,75,760, West ,CUST0254,Transfer,Completed
3534,2025-06-17,Toilet Roll,3,"1,500",South,CUST0317,POS,Completed
2102,2025-07-23,Cabbage,,900,East,CUST0531,POS,Pending
1803,2025-08-29,Bread,6,1020,North,CUST0463,Cash,Pending
2088,2025-04-04,Pepper,4,620,South,CUST0072,POS,Completed
1826,2025-01-02,Rice,2,1780,South,CUST0128,Cash,Pending
4878,2025-08-03,Rice,3,1850,South,CUST0106,POS,Completed
3119,2025-12-06,Coffee,8,1950,North,CUST0520,POS,Completed
2716,2025-07-29,Eggs,6,2090,South,CUST0387,Transfer,Pending
2672,2025-06-30,Pepper,5,760,West,CUST0325,POS,Completed
2804,2025-10-09,Tomato Paste,1,unknown,East,CUST0214,Transfer,Completed
5193,2025-03-01,Butter,3,1880,South,CUST0622,Transfer,Completed
2919,2025-12-16,Maggi,8,520,North,CUST0609,POS,Completed
2105,2025-12-24,Cabbage,3,900,South,CUST0002,Transfer,Pending
2882,2025-07-29,Milk,6,1250,South,CUST0630,POS,Completed
2580,2025-03-03,Soft Drink,5,780,South,CUST0584,POS,Pending
5762,,Yam,4,1740,South,CUST0328,Transfer,Completed
3872,2025-12-04,Eggs,,2330,West,CUST0078,Cash,Completed
3254,2025-11-17,Cabbage,3,740,South,,Cash,Completed
2109,2025-11-17,Groundnut Oil,9,2190,West,CUST0082,Transfer,Completed
3582,05/04/2025,Sugar,10,1260,East,CUST0340,Transfer,Returned
4395,2025-12-28,Maggi,3,560,East,CUST0418,POS ,Completed
5946,2025-04-14,Detergent,6,1860,South,CUST0038,Transfer,Completed
1449,2025-05-22,Pepper,5,780,North,CUST0306,Transfer,Completed
5047,2025-12-06,Juice,7,1610,North,CUST0600,Transfer,Completed
6002,2025-10-26,Sugar,6,1220,North,CUST0045,POS,Completed
1307,2025-11-11,Soft Drink,10,790,North,CUST0031,Cash,Pending
4091,2025-09-03,,11,1080,West,CUST0597,Transfer,Completed
1142,2025-07-08,Maggi,5,580,North,CUST0063,Transfer,Completed
5482,2025-10-03,Toilet Roll,11,940,West,CUST0139,POS,Pending
1556,2025-02-20,Juice,4,1430,West,CUST0086,Transfer,Pending
4223,2025-04-02,Detergent,5,1650,North,CUST0023,Cash,Completed
5086,2025-03-05,Maggi,5,520,West,CUST0547,Transfer,Completed
4077,2025-08-05,Groundnut Oil,5,2710,South,CUST0367,Cash,Completed
1794,2025-12-21,Rice,6,2120,West,CUST0368,Transfer,Completed
5814,2025-11-08,Sugar,4,1490,East,CUST0306,POS,Pending
3367,2025-01-06,Carrot,1,800,South,CUST0321,Transfer,Pending
4349,2025-08-15,Carrot,3,790,East,CUST0113,Cash,Completed
1845,2025-07-07,Detergent,6,1630,East,CUST0186,POS,Returned
1584,2025-11-10,Detergent,3,1630,South,CUST0216,Transfer,Completed
3347,2025-02-24,Pepper,1,740,North,CUST0029,Cash,Completed
5219,2025-12-04,Water,5,520,North,CUST0493,Transfer,Completed
4376,2025-08-01,Toilet Roll,7,1010,West,CUST0599,Transfer,Completed
5226,2025-07-31,Sugar,1,1550,South,CUST0521,Transfer,Completed
5581,2025-03-24,Water,3 units,490,West,CUST0126,Transfer,Pending
4804,2025-05-04,Soft Drink,4,760,North,CUST0170,POS,Completed
1908,2025-06-23,Detergent,8,1600,North, CUST0544 ,Transfer,Completed
3072,2025-12-08,Bread,3,1020,East,CUST0621,POS,Completed
6000,2025-06-21,Tomato Paste,3,720,West,CUST0268,POS,Pending
1943,2025-04-29,Groundnut Oil,4,2510,North,CUST0617,POS,Completed
1245,2025-07-31,,6,1790,South,CUST0064,Cash,Completed
3099,2025-06-10,Butter,five,2050,West,CUST0354,POS,Completed
3228,12/01/2025,Groundnut Oil,6,2470,North,CUST0521,,Pending
4385,2025-01-02,Coffee,1,2010,South,CUST0618,POS,Completed
2181,2025-08-04,Bread,4,970,West,CUST0333,POS,Pending
1680,2025-02-13,Carrot,4,840,West,CUST0388,Cash,Completed
4842,2025-05-22,Groundnut Oil,,2120,West,CUST0021,Transfer,Returned
1942,2025-06-27,Water,4,450,West,CUST0295,Cash,Completed
4182,2025-05-24,Toilet Roll,,970,West,CUST0628,POS,Completed
3029,2025-11-15,toilet roll,7,870,South,CUST0042,Cash,Completed
2874,2025-04-03,Butter,2,1970,East,CUST0043,POS,Completed
2237,2025-09-14,Juice,3,1420,West,CUST0279,POS,Completed
3444,2025-09-02,Cabbage,2,780,North,CUST0135,Transfer,Returned
3693,2025-05-26,Eggs,5,2260,South,CUST0443,Transfer,Completed
5223,2025-03-23,Groundnut Oil,9,2720,South,CUST0107,Cash,Completed
2783,2025-09-01,Water,7,470,North,CUST0200,POS,Returned
2524,2025-10-09,Detergent,6,1880,South,CUST0386,POS,Completed
5951,2025-02-26,Yam,6,1630,North,CUST0440,Cash,Completed
3377,2025-12-22,Rice,5,1630,South,CUST0118,Transfer,Completed
5747,2025-02-21,Water,1,"1,500",North,CUST0549,Transfer,Completed
6047,2025-11-23,Yam,3,1760,West,cust0067,Transfer,Completed
1229,2025-08-21,Yam,1,1430,South,CUST0426,Cash,Completed
5809,2025-08-05,Milk,3,1180,East,CUST0138,Cash,Completed
5318,2025-01-27,Sugar,2,1270,South,CUST0572,POS,Completed
4374,2025-08-30,Soft Drink,2,790,,CUST0399,POS,Completed
2421,2025-01-27,Toilet Roll,5,960,South,CUST0325,Transfer,Pending
5617,2025-12-13,Coffee,3,2090,West,CUST0501,Cash,Completed
4167,2025-03-16,Groundnut Oil,2,2540,West,CUST0008,POS,Completed
1856,2025-07-15,Sugar,5,1310,North,CUST0637,Cash,Completed
1144,2025-10-17,Butter,2,2000,West,CUST0601,Transfer,Pending
5688,2025-09-05,Milk,6,1430,,CUST0214,Cash,Completed
5794,2025-11-22,Beans,4,1390,South,CUST0044,Cash,Completed
3539,2025-05-26,Beans,2,1380,WEST,CUST0116,Transfer,Completed
4518,2025-01-19,Tea,,1090,North,CUST0442,POS,Completed
4527,2025-06-19,Juice,6,1370,South,CUST0506,Transfer,Completed
4705,2025-02-14,Carrot,2,800,East,CUST0498,POS,Completed
4685,2025-08-04,Pepper,5,770,East,CUST0650,Transfer,Completed
1797,2025-12-27,Groundnut Oil,5,2690,East,CUST0395,POS,Completed
5265,invalid, Beans ,6,1340,East,CUST0134,Cash,Completed
5152,2025-09-14,Pepper,,780,South,CUST0269,Transfer,Completed
1451,"Sep 12, 2025",Water,12,430,South,CUST0415,Transfer,Completed
3600,2025-04-05,Tomato Paste,3,580,West,CUST0126,Transfer,Completed
1452,2025-04-08,Juice,3,1620,South,CUST0368,Cash,Pending
5379,2025-11-15,Soft Drink,6,920,North,CUST0222,Cash,Completed
5371,2025-10-29,,4,540,West,CUST0103,Transfer,Completed
4829,2025-03-14,Juice,8,1560,East,CUST0426,Cash,Completed
4050,,Sugar,9,1270,North,CUST0338,Transfer,Completed
1048,2025-07-15,Bread,8,1060,West,CUST0205,POS,Completed
2502,2025-03-17,Toilet Roll,6,810,South,CUST0046,Transfer,Completed
3570,2025-05-10,Toothpaste,3,1090,West,CUST0001,Cash,Completed
1637,2025-08-18,Groundnut Oil,10,2110,East,CUST0292,Cash,Completed
5775,2025-04-14,Eggs,3,2280,East,CUST0111,POS,Completed
1381,2025-04-13,Carrot,3,930,West,CUST0476,Transfer,Returned
4005,2025-06-15,Tomato Paste,3,630, South ,CUST0519,Transfer,Completed
3073,2025-10-25,Juice,6,1660,North,CUST0588,POS ,Completed
2254,2025-11-14,Tomato Paste,9,600,North,CUST0525,POS,Returned
3753,2025-10-31,,3,2020,East,CUST0350,Transfer,Completed
1500,2025-04-02,Water,4,480,North,CUST0119,POS,Completed
4874,2025-10-27,Beans,3,1420,North,CUST0353,Cash,Returned
2678,2025-08-15,Coffee,7,1850,West,CUST0281,Transfer,Completed
4937,2025-09-13,Sugar,3,,North,CUST0353,POS,Completed
4699,2025-02-21,Yam,8,1480,South,CUST0260,Transfer,Completed
4701,2025-07-24,Milk,1,1190,West,CUST0335,Transfer,Completed
3121,2025-09-17,Toothpaste,4,1330,East,CUST0452,Transfer,Returned
1888,2025-05-10,Coffee,5,1880,North,CUST0125,Cash,Completed
2489,2025-10-14,Coffee,4,2140,South,CUST0364,Transfer,Completed
5875,2025-06-02,Yam,6,1830,West,CUST0331,Transfer,Completed
2400,2025-05-23,Eggs,5,2020,East,CUST0062,Transfer,Completed
6076,2025-01-29,Water,8,500,East,CUST0093,Transfer,Completed
1617,2025-03-03,Juice,4,1420,East,CUST0596,,Completed
3389,2025-02-26,Toilet Roll,1,1040,North,CUST0592,Cash,Completed
2398,2025-09-24,Butter,2,1960,West,,Transfer,Pending
2551,2025-02-10,Juice,5,1560,,,Transfer,Returned
2205,2025-11-20,Carrot,5,840,East,CUST0563,Transfer,Completed
1286,2025-02-07,Beans,2,1590,West,CUST0491,,Pending
2445,2025-12-28,Bread,7,920,East,CUST0650,Cash,Completed
2979,2025-12-16,Sugar,4,1560,East,CUST0536,POS,Completed
3649,2025-02-03,Eggs,1,2260,South,CUST0606,POS,Completed
5559,2025-08-23,Tomato Paste,5,750,North,CUST0094,Cash,Completed
4986,2025-02-08,Yam,5,1690,West,CUST0321,Transfer,Pending
4752,2025-03-06,Soft Drink,6,890,South,CUST0614,Transfer,Completed
4673,2025-10-26,Coffee,4,1930,North,CUST0616,Transfer,Returned
1946,2025-03-08,Detergent,2,,SOUTH,CUST0104,POS,Returned
1623,2025-03-24,Toothpaste,1,1110,North,CUST0270,Cash,Completed
2737,2025-07-11,Tomato Paste,5,610,,CUST0482,Transfer,Completed
6031,09-28-2025,bread,4,1010,South,CUST0480,POS,Completed
3967,2025-09-11,Soft Drink,3,850,South,CUST0406,Cash,Completed
5810,2025-02-26,Rice,4,1730,East,CUST0621,Transfer,Pending
3199,2025-12-17,Sugar,5,1190,North,CUST0034,Transfer,Completed
4026,2025-04-14,Sugar,1,1390,West,CUST0621,Transfer,Completed
4438,2025-04-18,Pepper,3,630,South,CUST0415,Transfer,Completed
1003,2025-04-12,Toothpaste,6,1290,South,CUST0226,Transfer,Completed
1167,2025-09-14,Coffee,5,2080,North,CUST0074,Transfer,Completed
4169,2025-09-26,Groundnut Oil,3,2200,East,CUST0075,Transfer,Completed
1558,2025-12-02,Cabbage,2,860,South,CUST0371,Transfer,Completed
3407,2025-01-21,Water,5,460,East,CUST0638,POS,Completed
5753,2025-06-26,Eggs,,1880,North,CUST0622,Cash,Completed
5483,2025-01-20,Beans,4,1330,EASTERN,CUST0284,Transfer,Completed
1682,2025-08-03,Beans,3,,South,CUST0296,Cash,Completed
5397,2025-10-24,Coffee,5,1860,East,CUST0062,POS,Completed
5692,2025-01-26,Detergent,6,1810,West,CUST0025,Cash,Completed
6059,2025-03-21,Groundnut Oil,6,2150,West,CUST0263,Transfer,Returned
1941,2025-10-23,Tomato Paste,3,580,South,CUST0485,Transfer,Completed
4934,2025-02-02,Butter,8,25,South,CUST0262,Cash,Completed
5214,"Aug 10, 2025",Sugar,7,1510,West,CUST0206,Cash,Completed
3800,2025-03-10,Soft Drink,10,730,West,CUST0509,Transfer,Completed
3051,2025-10-06,Bread,,1100,West,CUST0608,Transfer,Completed
5930,2025-10-13,Bread,2,890,South,CUST0175,Transfer,Completed
5709,2025-07-04,Coffee,6,1990,South,CUST0176,Cash,Pending
5077,2025-04-25,Groundnut Oil,3,2520,East,CUST0473,POS,Pending
3472,2025-11-29,Juice,3,1560,South,CUST0229,Transfer,Completed
5381,2025-11-10,Milk,2,1340,North,CUST0437,Cash,Completed
4044,2025-11-29,Rice,7,1630,South,CUST0398,Cash,Pending
3355,2025-02-21,Detergent,7,1890,West,CUST0475,Cash,Completed
1728,2025-12-31,Pepper,3,690,West,,Cash,Completed
5898,2025-10-06,Carrot,4,870,North,CUST0405,Cash,Pending
1039,2025-11-10,Yam,N/A,1770,East,CUST0568,Transfer,Completed
5589,2025-04-05,Pepper,1,690,North,CUST0587,Cash,Completed
2630,2025-01-16,Sugar,4,1300,North,CUST0272,Cash,Completed
6019,2025-04-06,Bread,4,1070,North,CUST0372,Cash,Completed
2089,2025-04-15,Butter,2,1670,West,CUST0242,Cash,Completed
5719,2025-04-04,Tomato Paste,8,610,South,CUST0033,Transfer,Completed
1184,2025-03-07,Pepper,6,780,East,CUST0434,,Completed
4229,2025-05-05,Butter,2,1910,West,CUST0058,POS,Completed
1063,2025-10-14,Toilet Roll,5,1030,South,CUST0628,POS,Pending
5495,2025-05-06,Yam,2,1450,North,CUST0366,Cash,Pending
2948,2025-08-31,Milk,7,1250,South,CUST0624,Cash,Returned
2461,2025-07-23,Toilet Roll,7,800,North,CUST0309,Transfer,Completed
1716,2025-02-27,Detergent,3,1770,West,CUST0290,POS,Completed
3300,2025-01-08,Bread,2,880,East,CUST0017,Transfer,Completed
5080,2025-02-01,Rice,6,1810,West,CUST0410,,Completed
3133,2025-03-27,,11,720,West,CUST0228,Transfer,Completed
3669,,Water,3,420,West,CUST0482,Transfer,Completed
5428,2025-11-19,Milk,3,1370,East,CUST0143,Transfer,Returned
1121,2025-10-05,Detergent,1,1570,North,CUST0233,Cash,Completed
4517,2025-09-15,Water,11,470,North,CUST0447,Transfer,Completed
6143,2025-11-19,Detergent,2,1800,West,CUST0296,POS,Completed
1012,2025-10-03,Toothpaste,3,1250,South,CUST0371,Transfer,Returned
3293,2025-05-11,Maggi,8,540,South,CUST0601,Cash,Pending
2082,2025-08-18,Juice,3,1590,West,CUST0516,Cash,Returned
3993,2025-10-30,Coffee,3,1920,West,CUST0104,Transfer,Completed
4038,2025-10-06,Milk,5,1340,South,CUST0216,Cash,Completed
2364,2025-10-29,Bread,4,1010,South,CUST0396,Cash,Completed
4408,2025-12-27,Bread,12,1020,South,CUST0039,Transfer,Completed
3196,2025-08-05,Beans,2,1530,South,CUST0237,Cash,Completed
1727,2025-02-26,Carrot,8,950,West,CUST0443,Cash,Completed
3116,2025-02-07,Sugar,12,1240,South,CUST0468,POS,Returned
4651,2025-02-08,Coffee,9,1730,East,CUST0637,POS ,Pending
2557,2025-09-30,Toothpaste,4,1340,South,CUST0476,Transfer,Returned
5284,2025-03-20,Maggi,4,550,North,CUST0458,POS,Completed
5319,2025-12-12,Cabbage,6,730,South,CUST0504,POS,Completed
2428,2025-02-21,Detergent,2,1560,South,CUST0025,Cash,
1013,2025-09-10,Toilet Roll,1,,East,CUST0157,Cash,Pending
1570,2025-04-10,Soft Drink,4,790,East,CUST0268,Transfer,Completed
2133,2025-04-26,Tea,6,980,West,CUST0500,Cash,Completed
3307,2025-01-02,Sugar,3,1500,North,,Transfer,Pending
3540,2025-10-18,Toilet Roll,7,970,East,CUST0093,Cash,
1539,2025-12-04,Juice,,1380,South,CUST0368,Transfer,Completed
5855,2025-07-25,Coffee,7,1840,East,CUST0568,Cash,Completed
4295,2025-08-07,Detergent,4,1960,South,CUST0491,Transfer,Pending
5412,2025-01-22,Toilet Roll,9,880,North,CUST0088,Cash,Returned
4687,2025-10-03,Juice,5,1670,North,CUST0632,Transfer,Completed
3203,2025-08-25,Eggs,4,1910,East,CUST0122,POS,Completed
4279,2025-12-09,Detergent,,1540,East,CUST0145,Transfer,Completed
2565,2025-11-25,Toilet Roll,2,940,North,CUST0164,,Completed
5161,2025-03-07,Toilet Roll,3,1030,South,CUST0495,Cash,Completed
2676,2025-04-12,Milk,1,1350,South,CUST0270,Transfer,Completed
1770,2025-11-20,,1,1300,East,CUST0468,Cash,Pending
5860,2025-11-15,Groundnut Oil,5,2660,East,CUST0234,POS,Completed
2216,03-25-2025,Groundnut Oil,3,2430,West,CUST0058,Cash,Completed
4033,2025-08-04,Rice,9,1750,Noth,CUST0148,Transfer,
2910,2025-06-21,Cabbage,7,790,North,CUST0292,Transfer,Pending
2247,2025-11-17,Milk,1,1350,West,CUST0145,POS,Completed
4397,2025-02-22,Tomato Paste,4,630,South,CUST0224,Cash,Completed
1515,2025-11-11,Water,9,430,East,CUST0329,Transfer,Pending
6100,2025-06-26,Milk,1,1180,North,CUST0212,Cash,Completed
3527,2025-06-11,Pepper,7,750,South,CUST0239,Transfer,Completed
5380,,Soft Drink,5,870,West,CUST0360,Transfer,Completed
3449,2025-01-29,Toothpaste,3,1290,South,CUST0283,Transfer,Completed
2932,2025-02-06,Toilet Roll,8,860,East,CUST0474,Cash,Completed
2235,2025-05-27,Rice,2,1660,East,CUST0619,POS,Completed
5424,2025-02-22,Soft Drink,9,770,North,CUST0591,,Pending
1666,2025-04-05,Bread,3,1070,East,CUST0327,POS,Completed
1911,2025-03-19,Detergent,5,1990,South,CUST0055,Transfer,Completed
3519,2025-12-21,Rice,5,1730,North,CUST0302,Transfer,Pending
2345,2025-01-28,Bread,4,840,North,CUST0001,Transfer,Completed
5947,2025-01-21,Soft Drink,5,800,East,CUST0618,Transfer,Pending
4146,2025-04-20,Soft Drink,11,810,North,CUST0503,Transfer,Pending
2104,2025-02-25,Milk,5,1370,North,CUST0147,Transfer,Completed
1423,2025-11-17,Maggi,5,470,East,CUST0212,Transfer,Completed
5840,2025-06-17,Toothpaste,6,1190,South,CUST0548,Transfer,Returned
3139,2025-04-18,Carrot,4,770,North,CUST0465,Transfer,Pending
2688,2025-11-03,Rice,4,1990,West,CUST0406,Transfer,Completed
4545,2025-04-23,Pepper,4,660,South,CUST0410,POS,completed
4436,2025-03-25,Carrot,11,950,North,CUST0624,Transfer,Returned
2749,2025-11-16,Butter,3,1780,West,CUST0114,POS,Pending
1399,2025-02-01,Detergent,7pcs,1730,South,CUST0205,Cash,Pending
5448,2025-01-14,Bread,5,970, North ,CUST0110,Cash,Returned
1975,2025-08-04,Juice,1,1700,North,CUST0221,Transfer,Completed
2252,2025-06-30,Carrot,1,790,South,CUST0265,POS,return
3189,2025-09-24,Yam,2,1750,North,CUST0181,Transfer,Completed
2056,2025-05-26,Cabbage,2,750,East,CUST0466,Transfer,Completed
1810,2025-05-26,Carrot,4,-500,West,CUST0549,Transfer,Returned
1367,2025-08-04,Juice,3,1610,South,CUST0075,Transfer,Completed
5655,2025-01-09,Carrot,4,830,West,CUST0343,POS,Completed
3149,2025-11-11,Yam,9,1840,South,CUST0341,Transfer,Returned
2384,2025-10-26,Bread,4,1080,North,CUST0031,Transfer,Completed
5582,2025-08-25,Rice,6,1690,West,CUST0007,Transfer,Completed
2020,2025-04-10,Juice,9,1370,North,CUST0364,Transfer,Completed
2452,06/08/2025,Maggi,2,510,North,CUST0117,Transfer,Completed
5804,2025-09-19,MILK,2,1240,South,CUST0069,Cash,
2401,2025-01-10,Detergent,8,1730,East,CUST0230,Transfer,Completed
2949,2025-04-25,Juice,4,1450,East,CUST0235,Cash,Completed
3915,2025-09-04,Tea,6,1070,South,CUST0100,Transfer,Completed
3030,2025-11-03,Beans,1,1540,,CUST0387,Transfer,
4766,2025-07-28,Yam,7,1480,West,CUST0406,Transfer,Returned
1350,2025-02-17,Water,4,490,North,CUST0466,POS,Completed
5014,2025-11-10,Juice,3,1640,East,CUST0435,Transfer,Completed
3665,2025-05-06,Yam,4,1850,West,CUST0231,POS,Completed
2533,2025-08-05,Cabbage,7,750,North,CUST0650,Transfer,Pending
2626,2025-12-26,Coffee,1,2070,South,,Transfer,Returned
3397,2025-03-23,Beans,5,1660,West,CUST0123,POS,Completed
4270,2025-01-11,Groundnut Oil,3,,West,CUST0432,Transfer,Completed
3591,2025-02-21,Pepper,4,810,North,CUST0501,Transfer,Completed
5593,2025-03-13,Detergent,3,1960,South,CUST0208,Cash,Completed
5178,2025-06-01,Yam,6,1470,North,CUST0208,Transfer,Completed
4459,2025-11-18,Tea,5,1090,South,CUST0251,Transfer,completed
2547,2025-05-17,Eggs,4,2310,North,CUST0100,Transfer,Completed
5664,2025-08-02,Pepper,7,660,North,CUST0280,Transfer,Completed
2331,2025-09-02,Soft Drink,,890,West,CUST0175,Transfer,Completed
1110,2025-06-09,Sugar,5,1400,East,CUST0231,POS,Pending
5007,2025-10-16,Toothpaste,1,1090,South,CUST0298,Transfer,Pending
2051,"Jan 5, 2025",Yam,4,1700,North,CUST0348,Transfer,Completed
5802,2025-10-19,Pepper,8,680,South,CUST0120,POS,Completed
5297,2025-12-25,Detergent,11,1910,South,CUST0522,Transfer,Pending
5728,2025-02-08,Water,7,420,North,CUST0492,POS,Completed
4364,2025-01-23,Bread,1,900,West,CUST0458,Transfer,Completed
3900,2025-07-24,Detergent,5,1770,South,CUST0462,Cash,Completed
2746,2025-12-06,Bread,10,1080,East,CUST0041,Transfer,Completed
4906,2025-03-10,Eggs,5,2060,North,CUST0277,Transfer,Completed
3006,2025-12-03,Sugar,,1460,South,CUST0222,POS,Pending
5549,2025-08-16,Beans,4,1500,South,CUST0358,Cash,Pending
2373,2025-09-01,Maggi,3,470,West,CUST0108,POS,Completed
6141,2025-06-18,Sugar,6,1490,East,CUST0027,Cash,Pending
1731,2025-12-23,Groundnut Oil,5,2400,West,CUST0466,Cash,Completed
4097,2025-01-28,Tea,2,1120,North,CUST0344,POS,Completed
3085,2025-07-15,Toothpaste,5,1170,East,CUST0222,Transfer,Completed
4777,2025-06-09,,5,1600,West,CUST0394,Cash,Returned
4218,2025-09-08,Coffee,10,1920,South,CUST0322,POS,Completed
3259,16/12/2025,,6,610,South,CUST0213,Transfer,Completed
2744,2025-02-21,Yam,7,1480,West,CUST0168,Transfer,Completed
2609,2025-03-03,Butter,5,1800,South,CUST0050,POS,Completed
1352,2025-04-19,Tomato Paste,-1,630,North,CUST0346,Pos,Completed
5025,2025-05-13,,6,1440,South,CUST0373,Cash,Completed
3932,2025-02-16,Pepper,11,690,,CUST0615,Transfer,Completed
2719,2025-10-02,Sugar,3,1540,North,CUST0408,Transfer,Completed
4068,2025-03-24,Rice,9,1670,East,CUST0415,transfer,Completed
4737,2025-04-26,Soft Drink,,810,North,CUST0109,Transfer,Completed
4440,2025-04-19,Groundnut Oil,10,2770,South,CUST0387,Cash,Completed
2292,,Sugar,5,1420,East,CUST0121,POS,Returned
1739,2025-03-28,juice,5,1600,North,,Transfer,Completed
3328,2025-06-17,Soft Drink,8,900,North,CUST0006,Transfer,Completed
3654,2025-05-29,Sugar,1,1500,West,CUST0177,Transfer,Completed
4325,2025-06-13,Yam,7,1570,East,CUST0611,Transfer,Completed
3217,2025-02-04,Toothpaste,7,1250,North,CUST0588,Transfer,Completed
5641,2025-07-04, Juice ,9,1490,South,CUST0013,Transfer,Returned
1131,2025-12-15,Maggi,8,530,East,CUST0317,POS,Completed
5739,2025-07-20,Toothpaste,8,not available,North,CUST0145,Transfer,Pending
5185,2025-06-01,Detergent,6,2000,North,CUST0270,Transfer,Completed
2608,2025-06-20,Carrot,2,980,North,CUST0262,Cash,Returned
1612,2025-08-29,Toothpaste,2,1360,North,CUST0391,POS,Completed
3666,2025-04-05,Butter,3,1630,South,CUST0016,Transfer,Completed
1437,2025-05-24,Yam,8,1790,East,CUST0234,Transfer,Returned
4946,2025-12-26,Butter,9,2020,East,CUST0477,Transfer,Completed
4638,2025-04-05,Juice,8,1660,South,CUST0072,Cash,Completed
5619,2025-04-26,Detergent,3,1690,East,CUST0296,Cash,Completed
4415,2025-04-21,Tea,11,1110,South,CUST0464,,Completed
5393,2025-03-14,Juice,,1510,East,CUST0634,Transfer,Completed
4454,,Maggi,2,510,West,CUST0020,Cash,Completed
5830,2025-05-02,Toilet Roll,4,1020,East,CUST0076,Transfer,Completed
1420,2025-12-27,Detergent,1,2000,West,CUST0622,POS,Completed
5008,2025-02-27,Rice,2,1730,West,CUST0024,POS,Returned
1459,2025-06-10,SUGAR,5,1190,North,CUST0215,POS,Completed
2505,2025-04-06,Milk,3,1320,East,CUST0174,POS,Completed
4121,2025-09-14,Maggi,1,500,West,CUST0473,Transfer,Completed
2317,2025-06-14,Eggs,7,2130,East,CUST0271,POS,Completed
1740,2025-09-16,Butter,1,1980,North,CUST0136,Cash,Completed
5764,2025-05-26,Soft Drink,4,770,South,CUST0172,Transfer,Completed
5932,2025-09-06,Bread,10,1060,East,CUST0031,Transfer,Completed
3518,2025-12-14,Cabbage,3,860,South,CUST0197,POS,Completed
3249,2025-09-11,Yam,2,1460,East,CUST0440,Transfer,Completed
5170,2025-05-22,,9,1010,East,CUST0288,POS,Pending
4742,2025-09-23,Carrot,,760,North,CUST0105,POS,Pending
3734,2025-10-10,Rice,6,1690,South,CUST0159,Transfer,Completed
5985,2025-12-02,Yam,1,1510,West,CUST0285,Transfer,Returned
3270,2025-08-31,Maggi,3,460,,CUST0628,Transfer,Completed
2183,2025-03-06,Rice,2,1890,West,CUST0054,Cash,Completed
2482,2025-04-26,Toothpaste,3,1060,West,CUST0282,Transfer,Pending
2861,2025-11-25,Butter,1,1720,North,CUST0476,Cash,Returned
4159,2025-09-18,Cabbage,5,900,West,CUST0267,Transfer,Completed
4120,2025-11-12,Coffee,5,2200,East,CUST0426,Transfer,Pending
4314,,Tomato Paste,3,720,South,CUST0373,Transfer,Returned
4052,2025-04-24,Maggi,4,540,North,,Transfer,Completed
2685,2025-04-25,Toothpaste,4,1250,East,CUST0472,cash,Completed
1037,2025-08-23,Rice,5,1920,East,CUST0076,Cash,Completed
5576,2025-11-23,Maggi,7,570,West,CUST0516,POS,Completed
2615,2025-01-11,Tomato Paste,,630,South,CUST0020,Transfer,Completed
2966,2025-06-23,Water,4,500,North,CUST0475,Transfer,Pending
5435,2025-10-31,Toothpaste,6,1260,South,CUST0445,POS,Returned
3946,2025-01-25,Cabbage,3,860,South,CUST0243,Transfer,Completed
3902,2025-11-08,Eggs,7,1900,West,CUST0618,Cash,Completed
5672,2025-08-07,Soft Drink,4,710,East,CUST0188,Cash,Completed
2165,2025-09-15,Groundnut Oil,3,2750,West,CUST0313,Cash,Completed
2471,2025-08-31,Soft Drink,-1,890,West,CUST0061,POS,Completed
3459,,Coffee,9,2050,south,CUST0545,Cash,Completed
5675,2025-03-31,Tea,10,1230,,CUST0264,POS,Pending
2039,2025-11-29,Juice,1,1410,West,CUST0463,cash,Completed
5228,2025-11-06,Maggi,4,570,South,CUST0491,POS,Pending
3767,2025-01-14,Carrot,6,970,West,CUST0486,Transfer,Completed
4388,2025-01-23,Milk,9,1120,West,CUST0593,Transfer,Completed
2201,2025-07-19,Toothpaste,4,1150,West,CUST0004,Transfer,Completed
2843,2025-01-25,Water,3,,South,CUST0179,POS,Completed
1221,2025-07-30,Toilet Roll,7,1000,East,CUST0129,POS,Completed
1549,07-27-2025,Toilet Roll,5,930,East,CUST0291,POS,Completed
4880,,Toothpaste,3,1280,North,CUST0380,Transfer,Pending
5500,2025-10-31,Bread,8,1080,West,CUST0029,Transfer,Completed
5475,2025-06-19,Toilet Roll,5,1020,East,CUST0553,Cash,Completed
5481,2025-08-19,,7,1650,,CUST0467,Cash,Returned
6014,2025-08-10,Eggs,3,2420,North,CUST0508,Cash,Pending
3537,2025-03-02,Yam,5,1730,West,CUST0304,Cash,Completed
1797,2025-12-27,Groundnut Oil,5,2690,East,CUSTOMER-0395,POS,Completed
5026,2025-09-22,Eggs,4,2130,North,CUST0101,Transfer,Completed
1891,2025-07-28,Water,7,430,East,CUST0504,Cash,Completed
3679,2025-01-21,,3 units,2190,South,CUST0327,Transfer,Completed
3320,2025-12-10,Milk,6,1270,South,CUST0617,Transfer,Completed
4661,2025-05-10,Groundnut Oil,3,2670,West,CUST0408,Transfer,Completed
1391,2025-01-21,Soft Drink,2,900,West,CUST0094,Cash,Returned
4886,2025-02-23,Cabbage,4,820,South,CUST0474,Transfer,Completed
2435,2025-09-26,Toilet Roll,5,1000,South,CUST0293,Transfer,Completed
1334,2025-07-18,Soft Drink,5,840,North,CUST0361,POS,Completed
5673,2025-02-20,Coffee,-1,1970,North,CUST0409,POS,Completed
2359,2025-09-06,Rice,5,1730,East,CUST0001,Transfer,Pending
3435,2025-03-04,Tea,2,1160,North,CUST0158,Cash,Completed
4149,2025-05-26,Carrot,8,770,West,CUST0085,POS,Completed
2060,2025-05-22,Groundnut Oil,2,2780,South,CUST0066,POS,return
2767,2025-05-27,Water,2,430,North,CUST0247,Cash,Completed
5927,2025-09-25,Rice,4,1760,East,CUST0295,Cash,Completed
5839,2025-03-01,Rice,5,1780,West,CUST0471,Transfer,Completed
5300,2025-02-17,Sugar,5,1410,West,CUST0229,Transfer,Completed
4222,2025-03-15,Bread,7,850,South,CUST0130,POS,Pending
2273,2025-04-01,Carrot,5,790,South,CUST0391,Transfer,Completed
3920,2025-09-10,Eggs,4,2110,,CUST0132,,Completed
4389,2025-03-07,Sugar,4,1290,East,CUST0532,Transfer,Completed
4432,2025-04-14,,7,1180,West,CUST0244,Transfer,Completed
3530,2025-12-02,Coffee,5,2180,East,CUST0280,Cash,Pending
4628,2025-05-24,Toothpaste,9,1340,North,CUST0450,Cash,Completed
5674,2025-01-04,Rice,6,1990,East,,Transfer,Completed
4513,2025-12-13,Pepper,12,790,,CUST0151,POS,Returned
5542,2025-11-24,Soft Drink,7,860,West,CUST0422,Cash,Completed
4515,2025-01-07,Eggs,4,2060,North,CUST0489,Transfer,Returned
2669,2025-08-22,Rice,8,1760,North,CUST0361,POS,Completed
4625,2025-04-25, Eggs ,3,2400,South,CUST0239,POS,Completed
1007,2025-04-27,Maggi,7,580,West,CUST0104,Transfer,Completed
1314,2025-09-10,Eggs,2,1950,North,CUST0432,Transfer,Pending
3671,2025-10-27,Carrot,5,770,East,CUST0135,Transfer,Completed
1686,2025-01-19,Carrot,2,760,North,CUST0340,POS,Completed
5209,2025-12-30,Water,3,510,West,CUST0076,Cash,Completed
2646,2025-09-16,Milk,2,1390,West,CUST0146,POS,Completed
1415,08-17-2025,Pepper,1,660,East,CUST0359,Transfer,Completed
2877,2025-11-06,Soft Drink,5,760,North,CUST0243,Transfer,Completed
3545,2025-04-02,Pepper,3,790,West,CUST0564,Cash,Returned
3338,2025-09-21,Soft Drink,9,920,West,CUST0319,POS,Completed
5484,2025-09-11,Yam,7,1440,East,CUST0178,Transfer,Completed
1368,2025-04-21,Eggs,1,1880,South,CUST0519,Transfer,Completed
5120,2025-04-01,,12,650,East,CUST0365,Transfer,Pending
3426,2025-05-24,Maggi,6,2k,South,CUST0266,Transfer,Completed
3486,2025-02-24,Carrot,2,780,South,CUST0342,POS,Pending
5778,2025-06-09,Milk,11,1280,North,CUST0030,Cash,Completed
3213,2025-03-18,Tomato Paste,1,680,West,CUST0142,Cash,Completed
3246,2025-03-25,Water,12,510,South,CUST0111,Transfer,Completed
3041,2025-03-08,Tomato Paste,3,700,South,CUST0220,Transfer,Returned
1824,01/08/2025,Eggs,2,2120,West,CUST0205,Transfer,Completed
2308,"Aug 25, 2025",Rice,3,2060,South,CUST0038,POS,Pending
4433,2025-09-27,Bread,3,1080,North,CUST0039,Cash,Pending
3515,2025-11-03,Coffee,2,1770,North,CUST0364,Transfer,Completed
3278,2025-03-28,,3,430,West,CUST0318,Transfer,Completed
4902,2025-07-13,,,450,East,CUST0350,Transfer,Completed
3103,2025-12-08,Milk,5,1210,,CUST0173,POS,Completed
1052,2025-08-12,Pepper,5,720,South,CUST0591,Transfer,Completed
5523,2025-08-07,Coffee,1,2180,North,CUST0584,Transfer,Completed
3166,2025-10-18,Juice,9,1410,South,CUST0176,POS,Completed
4180,2025-07-10,Eggs,4,1870,South,CUST0326,Transfer,Completed
4000,2025-04-13,Milk,6,1190,North,CUST0411,Transfer,Completed
4992,2025-05-26,Sugar,8,1300,West,CUST0597,Transfer,Pending
1107,2025-07-26,Bread,8,1060,East,CUST0556,Cash,Completed
4674,2025-12-21,Coffee,1,1880,South,CUST0461,Transfer,Returned
4198,2025-07-12,Pepper,6,750,South,CUST0066,Cash,Completed
5499,2025-11-29,Milk,6,1170,East,CUST0345,Transfer,Completed
5866,2025-09-19,Coffee,2,1720,East,CUST0357,POS,Completed
3401,2025-02-13,Butter,5,1990,North,CUST0371,Transfer,Completed
2196,2025-04-09,Tea,6,1250,East,CUST0560,Cash,Completed
5450,2025-05-02,,4,1990,West,,Transfer,Completed
3597,2025-02-12,Tomato Paste,8,580,West,CUST0246,POS,Completed
6050,2025-05-30,Carrot,7,880,South,CUST0476,Cash,Completed
4765,2025-02-14,Coffee,6,1740,East,CUST0547,Cash,Completed
3747,2025-06-11,Rice,8,1650,East,CUST0378,POS,Completed
1525,2025-10-07,Cabbage,3,820,North,CUST0383,POS,Completed
4592,2025-11-25,Detergent,5,1930,West,CUST0342,POS,Pending
5637,2025-11-23,Tomato Paste,2,610,North,CUST0388,Transfer,Pending
2047,2025-07-27,Cabbage,7,850,East,CUST0484,Cash,Returned
5092,2025-08-19,Water,2,520,South,CUST0535,Cash,Completed
3676,2025-10-17,Milk,2,1110,North,CUST0635,POS,Completed
1312,2025-01-14,Bread,1,980,North,CUST0395,Transfer,Completed
2306,10/09/2025,Beans,4,1680,South,CUST0123,Transfer,Completed
5786,,Juice,8,1470,East,CUST0394,Cash,Completed
2822,2025-01-25,Coffee,3,1760,North,CUST0468,POS,Completed
1374,2025-03-02,,7,1870,South,CUST0279,Cash,Completed
5245,2025-12-29,Beans,10,1510,East,CUST0055,POS,Completed
2627,2025-06-15,Water,1,500,West,CUST0579,Transfer,Completed
5691,2025-09-08,Tomato Paste,4,610,South,CUST0517,Transfer,Completed
4516,2025-12-21,Cabbage,11,900,East,CUST0594,Transfer,Pending
5682,2025-12-31,Sugar,4,1250,West,CUST0044,POS,Completed
4548,2025-01-25,Butter,5,1960,South,CUST0307,Cash,Completed
2072,"Dec 12, 2025",Beans,5,1460,East,CUST0536,Cash,Completed
1320,2025-08-13,Tea,7,1220,East,CUST0419,Cash,Completed
1253,2025-11-23,Coffee,2,1770,North,CUST0484,Transfer,Pending
5611,2025-07-16,Butter,2,1710,East,CUST0284,Transfer,Completed
3498,2025-03-23,Pepper,2,,West,CUST0639,POS,Completed
1429,2025-07-22,Milk,9,1350,West,CUST0124,POS,Completed
4335,2025-09-26,Beans,3,1370,West,CUST0568,Cash,Completed
5671,2025-10-31,Rice,5,,South,CUST0047,Transfer,Completed
1043,2025-03-24,Eggs,6,2170,South,CUST0575,Transfer,Completed
3908,2025-12-08,Sugar,10,1240,East,CUST0338,Cash,Completed
1668,2025-01-14,Sugar,7,1420,North,CUST0621,Cash,Completed
4075,2025-05-04,Cabbage,3,860,East,CUST0138,POS,Pending
4391,2025-08-18,,4,540,North,,Cash,Completed
2605,2025-06-03,Juice,5,1560,South,CUST0252,Transfer,Completed
5725,2025-11-02,Juice,8,1740,West,CUST0260,Transfer,Completed
5763,2025-02-05,Pepper,6,not available,South,CUST0385,Cash,Completed
1922,2025-03-20,Water,2,460,South,CUST0318,POS,Completed
1661,2025-03-19,Coffee,3,1930,West,CUST0090,Cash,Completed
5864,2025-12-09,Yam,6,,,CUST0523,Transfer,Completed
1599,2025-01-15,Sugar,1,1320,North,CUST0488,Cash,Pending
3371,2025-10-12,Toothpaste,9,1230,West,CUST0015,Transfer,Pending
2250,2025-03-20,Milk,5,1450,East,CUST0016,Transfer,Pending
1674,2025-05-06,Beans,4,1440,East,CUST0572,Transfer,Completed
2211,2025-11-28,Sugar,3,1310,West,CUST0404,Cash,Completed
5363,2025-03-18,Carrot,11,830,West,CUST0378,Cash,Completed
6069,2025-10-14,detergent,7,1910,South,CUST0181,Cash,Completed
4864,2025-08-08,Juice,3,1680,South,CUST0520,POS,Returned
5165,2025-11-14,Toilet Roll,3,890,East,CUST0464,Transfer,Completed
3863,2025-01-16,Groundnut Oil,4,2250,East,CUST0072,Transfer,Completed
5197,2025-09-12,Detergent,3,1760,West,CUST0413,Transfer,Pending
3927,2025-01-26,Rice,3,1930,,CUST0319,Transfer,Completed
4339,2025-04-06,Detergent,5,1590,South,CUST0205,Transfer,Completed
5575,2025-09-07,Maggi,12,560,North,CUST0202,Transfer,Completed
6017,2025-01-21,Carrot,4,,North,CUST0195,POS,
3255,2025-12-24,Coffee,11,1930,South,CUST0320,POS,Completed
1958,2025-11-25,Maggi,2,520,North,CUST0430,Transfer,Completed
5117,2025-01-23,Carrot,5,840,North,CUST0634,Transfer,Completed
1115,2025-10-10,Pepper,7,690,North,CUST0194,POS,Completed
5336,2025-03-05,CARROT,2,850,east,CUST0610,POS,Pending
5455,2025-10-25,Pepper,4,760,South,CUST0223,Transfer,Completed
5081,2025-04-17,Soft Drink,2,810,West,CUST0223,POS,Completed
ORD-3610,2025-01-25,Juice,4,1610,East,CUST0221,POS,Completed
4574,05-29-2025,Coffee,2,1910,North,CUST0586,Transfer,Completed
2579,2025-01-08,Cabbage,6,700,West,CUST0317,Transfer,Completed
5849,2025-03-05,Toothpaste,1,1110,West,CUST0097,Transfer,Completed
3032,2025-09-19,Eggs,2,2040,East,CUST0375,Transfer,Completed
1240,2025-03-13,Toilet Roll,3,950,West,CUST0403,POS,Completed
6110,2025-03-22,Water,1,420,North,CUST0528,Cash,Completed
1776,2025-12-28,Milk,6,1410,South,CUST0488,Cash,
1719,2025-07-16,Detergent,1,1640,South,CUST0446,Cash,Completed
2390,2025-01-10,Maggi,5,,south,CUST0129,Transfer,Completed
5588,2025-12-10,Toilet Roll,6,880,West,CUST0601,Transfer,Completed
5479,2025-04-11,Carrot,4,900,West,CUST0057,Cash,Completed
1535,2025-02-09,Water,6,510,East, CUST0596 ,Cash,Completed
3670,"Jun 3, 2025",Soft Drink,6,710,West,CUST0277,POS,Pending
3258,2025-05-07,Carrot,6,840,East,CUST0360,Transfer,Completed
4928,2025-07-10,Toilet Roll,7,1010,,CUST0421,Cash,Pending
2738,2025-11-16,Yam,4,1500,North,CUST0565,POS,Completed
2571,2025-09-05,Coffee,2,1770,East,CUST0470,POS,Completed
5322,2025-01-28,Rice,8,1800,West,CUST0406,Cash,Completed
3999,2025-06-18,Beans,6,1670,North,CUST0070,Transfer,Completed
5578,11/07/2025,Eggs,8,2110,East,CUST0537,Transfer,Completed
2916,2025-05-16,Beans,6,1600,West,CUST0480,POS,Completed
2896,2025-05-20,Sugar,4,1200,East,CUST0404,Transfer,
4380,2025-07-15,Cabbage,2,,West,CUST0001,Transfer,Completed
1745,2025-01-27,Bread,,940,North,CUST0488,Cash,Completed
4530,2025-01-01,Toothpaste,7,1090,West,CUST0158,Transfer,Completed
1702,2025-07-10,Coffee,4,2240,West,CUST0538,Transfer,Completed
1004,2025-03-23,Rice,6,1800,West,CUST0221,POS,Completed
4929,2025-10-11,Soft Drink,6,870,West,CUST0170,Transfer,Completed
2213,2025-11-05,Rice,1,1830,East,CUST0014,POS,Completed
5177,2025-09-15,Yam,4,1650,West,CUST0506,POS,Completed
5867,2025-06-16,Toothpaste,2,1130,East,CUST0080,POS,Completed
1369,,Tomato Paste,6,590,West,CUST0285,Transfer,Completed
5577,2025-02-10,Sugar,9,1530,South,CUST0309,POS,Completed
1104,2025-09-23,Detergent,6,1990,West,CUST0600,Transfer,Pending
4131,2025-06-29,Sugar,7,1400,,CUST0411,POS,Completed
3516,2025-09-10,Bread,2,2k,South,,Cash,Completed
5102,2025-11-06,Soft Drink,3,780,North,CUST0008,Transfer,Completed
3135,2025-11-27,Rice,-3,1760,South,CUST0573,Transfer,Completed
4115,2025-03-07,Tomato Paste,7,730,North,CUST0256,Transfer,Completed
5186,2025-01-08,Bread,7,860,North,CUST0365,Transfer,Pending
5557,2025-12-14,Toothpaste,5,1350,South,CUST0578,Cash,Pending
3289,2025-08-06,Milk,3,1160,North,CUST0261,POS,Returned
5156,2025-11-18,Maggi,5,500,South,CUST0620,Transfer,Completed
1264,2025-12-20,Yam,2,1820,North,CUST0377,Cash,Completed
3639,2025-01-23,Juice,4,1490,East,CUST0584,Transfer,Completed
4027,23/12/2025,Cabbage,4,890,East,CUST0585,Transfer,Completed
1532,2025-05-07,Pepper,7,760,South,CUST0284,POS,Completed
4030,2025-04-09,Groundnut Oil,6,2370,West,CUST0605,Transfer,Returned
3703,2025-08-23,Butter,1,1630,West,CUST0206,POS,Completed
1136,2025-03-05,Toothpaste,4,1280,North,CUST0599,Transfer,Completed
5953,2025-08-22,Toilet Roll,6,990,South,CUST0591,Cash,Completed
2168,2025-03-11,Toilet Roll,4,920,East,CUST0416,Transfer,Completed
3485,2025-02-02,,2,820,East,CUST0029,Transfer,Completed
1339,2025-10-15,Cabbage,4,790,South,CUST0426,Cash,Completed
4694,,Beans,4,1420,North,CUST0585,Transfer,Completed
2257,2025-04-25,Milk,3,1260,East,CUST0358,Cash,Completed
3098,2025-10-01,Maggi,3,580,,CUST0208,Cash,Completed
2789,2025-11-06,Pepper,8,660,West,CUST0612,Cash,Completed
5957,2025-10-28,Butter,8,1670,South,CUST0576,Cash,Pending
2145,2025-06-02,Tomato Paste,5,590,East,CUST0551,,Pending
1906,2025-11-03,maggi,6,550,East,CUST0260,Cash,Completed
2173,2025-01-02,Tea,6,1140,West,CUST0313,POS,Returned
2222,2025-12-18,Maggi,3,550,North,CUST0107,Transfer,Completed
1066,2025-05-20,Coffee,3,2200,East,CUST0142,Transfer,Completed
1045,2025-07-03,Beans,2,1380,East,CUST0363,POS,Pending
1153,2025-04-27,Groundnut Oil,4,2670,South,CUST0426,Cash,Completed
5722,2025-09-02,Pepper,,650,East,CUST0647,Cash,Completed
3559,2025-04-15,Groundnut Oil,3,2450,West,CUST0352,Transfer,Completed
6099,2025-10-23,Detergent,9,1610,South,CUST0175,Cash,Completed
5254,2025-09-24,juice,11,1720,East,CUST0213,POS,Completed
3594,2025-09-28,Groundnut Oil,6,2690,North,CUST0115,POS,Pending
1840,2025-09-20,Maggi,5,510,North,CUST0045,Transfer,Completed
4629,2025-10-05,Bread,1,930,East,CUST0350,POS,Completed
2629,2025-08-03,Sugar,2,1540,West,CUST0186,Transfer,Returned
5657,2025-08-18,Pepper,6,650,West,CUST0648,POS,Completed
1211,2025-12-14,Toilet Roll,2,800,South,CUST0036,Transfer,
1606,2025-05-03,Water,4,500,North,CUST0292,Cash,Completed
3004,2025-10-29,Water,8,510,East,CUST0349,POS,Completed
2355,2025-09-23,Groundnut Oil,4,2150,East,CUST0277,POS,Completed
3792,2025-05-24,Beans,3,1510,East,CUST0599,Transfer,Pending
3245,2025-04-20,Milk,12,not available,West,CUST0367,Cash,Returned
5309,2025-07-27,Sugar,4,1370,West,CUST0423,card,Pending
4040,2025-07-19,Water,2,500, West ,CUST0518,Transfer,Completed
5943,2025-07-07,Soft Drink,,860,South,CUST0043,Cash,Completed
3067,2025-04-22,Sugar,3,1320,East,CUST0441,Cash,Completed
2612,2025-09-30,Bread,2,970,East,CUST0588,POS,Completed
3332,2025-11-09,Rice,2,1870,East,CUST0089,Transfer,Completed
4968,2025-01-12,Groundnut Oil,3,2220,North,CUST0043,POS,Returned
5789,2025-02-07,Eggs,11,1950,West,CUST0539,Transfer,Completed
5022,2025-06-11,Carrot,12,770,East,CUST0590,POS,Pending
4873,05-06-2025,Butter,3,1830,North,CUST0435,POS,Completed
5200,2025-08-01,Toilet Roll,8,930,South,CUST0569,POS,Completed
4320,2025-04-28,Toothpaste,6,1370,South,CUST0646,Bank Transfer,Completed
4491,2025-02-08,Maggi,9,580,South,CUST0339,Transfer,Completed
3243,04-27-2025,Toilet Roll,5,1010,West,CUST0265,Transfer,Completed
5441,2025-01-30,Groundnut Oil,3,,East,CUST0508,Cash,Completed
3842,2025-05-31,Carrot,7,840,West,CUST0388,POS,pending 
1931,2025-10-28,Pepper,6,760,,CUST0639,POS,Completed
1968,2025-08-21,Carrot,1,920,South,CUST0084,Transfer,Completed
5677,2025-03-01,Soft Drink,,920,East,CUST0566,Cash,Completed
1605,2025-05-08,Cabbage,2,850,South,CUST0388,Transfer,Completed
5745,2025-10-31,,2,1320,South,CUST0490,cash,Completed
2449,2025-07-14,Soft Drink,5,760,North,CUST0496,Cash,Returned
3624,"Oct 1, 2025",Pepper,7,780,East,CUST0044,Transfer,Completed
1579,2025-01-04,Soft Drink,7,830,East,CUST0494,Transfer,Completed
2499,2025-08-16,Beans,5,1300,East,CUST0558,Transfer,Pending
4583,2025-06-26,Coffee,7,2130,East,CUST0077,Transfer,Completed
5329,2025-04-06,Tea,8,1190,South,CUST0434,Transfer,Returned
4475,2025-12-16,Bread,8,970,South,CUST0284,Transfer,Completed
1878,2025-05-03,Cabbage,2,730,West,CUST0318,transfer,Completed
4992,2025-05-26,Sugar,8,1300,West,CUST0597,Transfer,Pending
1936,2025-05-04,Water,4,470,West,CUST0089,Transfer,Completed
2983,2025-05-10,Tea,0,1150,East,CUST0255,Transfer,Completed
4363,2025-06-28,Maggi,3,450,West,CUST0246,,Completed
6150,2025-12-23,Carrot,8,900,Northh,CUST0231,POS,Completed
2439,2025-10-10,Tea,8,1200,East,CUST0613,POS,Returned
2215,2025-02-24,Rice,5,2050,East,CUST0208,Transfer,Completed
1298,2025-04-02,Tomato Paste,2,590,West,CUST0247,Transfer,Completed
3925,2025-02-18,Milk,3,1390,North,CUST0278,Cash,Completed
4949,2025-04-01,Maggi,7,570,South,CUST0070,Cash,Completed
4045,2025-01-19,Soft Drink,8,710,West,CUST0225,Cash,RETURNED
3555,2025-08-28,Butter,5,2070,East,CUST0472,POS,Completed
4143,2025-10-26,Bread,6,1080,East,CUST0139,Transfer,Completed
4609,2025-02-28,Maggi,6,520,East,CUST0127,,Completed
4580,31/02/2025,Toothpaste,4,1190,West,CUST0362,POS,Pending
3330,2025-07-19,Milk,10,1290,North,,Cash,Completed
4337,2025-02-11,Water,5,440,East,CUST0489,Cash,Returned
4161,2025-02-21,Eggs,4,2160,East,CUST0484,Transfer,Completed
5963,2025-01-19,Eggs,7,2070,East,CUST0153,Transfer,Pending
5251,2025-06-21,Detergent,4,1770,South,CUST0088,Cash,Pending
4074,2025-07-13,Soft Drink,12,800,East,CUST0002,Transfer,Completed
1275,2025-08-06,Toothpaste,5,1330,West,CUST0472,Transfer,Completed
2985,2025-11-30,Rice,2,1690,East,CUST0424,Transfer,Completed
5952,2025-01-17,Tea,4,1190,West,CUST0107,POS,Completed
3508,2025-05-14,Pepper,4,740,West,CUST0271,Transfer,Completed
2865,2025-11-01,Yam,4,1550,North,CUST0246,Cash,Completed
1042,2025-11-21,milk,4,1200,East,CUST0342,POS,Completed
1474,2025-02-21,Milk,9,1330,South,CUST0304,Transfer,Completed
4643,2025-12-15,Coffee,9,1930,North,CUST0134,Transfer,Completed
1084,2025-09-11,Rice,8,1720,West,CUST0364,POS,Completed
1818,2025-04-11,Eggs,1,2160,South,,POS,Completed
1203,2025-12-17,Sugar,4,1450,West,CUST0139,Transfer,Pending
4458,2025-03-17,Tomato Paste,1,610,South,CUST0221,Transfer,Completed
3969,"Oct 5, 2025",Milk,3,1400,East,CUST0578,Transfer,Completed
1102,2025-11-03,Milk,1,1250,North,CUST0619,Transfer,Completed
5235,,Toothpaste,6,1310,South,CUST0323,POS,Completed
4174,2025-12-11,Rice,12,1870,East,CUST0150,Transfer,Pending
5922,2025-12-31,,2,2130,East,CUST0238,POS,Completed
4456,2025-01-01,Tea,7,1170,North,CUST0151,POS,Pending
2722,2025-02-12,sugar,7,1490,West,CUST0447,Cash,Completed
3919,2025-05-31,Sugar,8,1310,South,CUST0294,Cash,Completed
5996,2025-12-22,Groundnut Oil,10,unknown,West,CUST0487,POS,Completed
3802,2025-11-25,,1,1970,South,CUST0351,Cash,Pending
4142,12-26-2025,Bread,8,1050,East,CUST0209,POS ,Pending
1336,2025-04-04,Bread,3,870,South,CUST0429,Cash,Completed
1662,2025-11-10,Maggi,8,540,,CUST0247,card,Completed
4805,2025-08-01,Soft Drink,7,760,North,CUST0255,POS,Completed
1706,2025-01-03,Bread,3,850,East,CUST0342,Cash,Completed
4441,2025-10-29,Groundnut Oil,5,2500,South,CUST0017,Transfer,Completed
1143,,Bread,1,890,East,CUST0052,POS,Completed
3315,2025-11-11,Detergent,1,1560,South,CUST0185,Transfer,Pending
1534,2025-02-11,Soft Drink,8,900,West,CUST0552,Transfer,Completed
5384,2025-11-25,Pepper,4,640,South,CUST0383,Transfer,Completed
1384,2025-04-16,Bread,,900,South,CUST0062,POS,Completed
3283,"May 5, 2025",Tea,6,1170,West,CUST0502,Transfer,Completed
2155,,Eggs,4,2260,West,CUST0073,Cash,Completed
4595,2025-12-07,Toothpaste,8,1360,North,CUST0088,Transfer,Returned
2891,2025-03-18,Groundnut Oil,3,2690,Noth,CUST0191,Transfer,Completed
3865,2025-10-02,Juice,10,1530,West,CUST0429,Cash,Returned
3718,2025-12-04,Cabbage,6,860,East,CUST0127,Transfer,Completed
2844,2025-01-21, Sugar ,3,1310,East,,POS,Completed
4686,2025-04-25,Soft Drink,2,780,North,CUST0460,POS,Completed
4277,2025-02-16,Tea,10,1260,West,CUST0418,Transfer,Completed
3909,2025-01-29,Butter,4,1700,West,CUST0032,Cash,Completed
3953,2025-12-05,Yam,3,1770,West,,Transfer,Completed
2021,2025-04-06,Groundnut Oil,3,2650,East,CUST0131,Transfer,Completed
3095,2025-01-30,Sugar,6,1360,West,CUST0413,POS,Completed
3091,2025-01-25,Rice,10,1820,East,CUST0627,Cash,Completed
3477,2025-04-24,Yam,3,1520,East,CUST0313,Cash,Completed
2850,2025-03-03,Butter,1,1630,West,CUST0202,Transfer,Returned
4689,2025-03-27,Sugar,4,1530,North,CUST0477,Cash,Completed
2469,2025-08-17,Coffee,3,2020,North,CUST0341,Transfer,Completed
3942,2025-07-19,Yam,6,1780,North,CUST0250,Cash,Completed
1722,,Soft Drink,3,850,East,CUST0093,Transfer,Completed
2797,2025-09-19,Beans,,1570,West,CUST0509,Transfer,Completed
5944,2025-04-07,,2,940,South,CUST0243,Transfer,Pending
2436,2025-03-15,Sugar,1,1550,West,CUST0441,Cash,Completed
1766,2025-07-19,Detergent,1,1800,North,CUST0512,Cash,Pending
2042,2025-08-28,Groundnut Oil,4,,South,CUST0325,Transfer,Completed
4720,2025-09-03,Rice,10,2000,West,CUST0002,Cash,Returned
1031,2025-08-05,Yam,6,1740,South,CUST0159,Transfer,Completed
4584,08/06/2025,Groundnut Oil,2,2540,West,CUST0443,Transfer,Completed
1168,2025-01-10,Tomato Paste,4,590,North,CUST0590,Transfer,Completed
1163,2025-12-12,Beans,1,1460,South,CUST0498,Cash,Completed
1540,2025-02-02,Coffee,3,,West,CUST0531,POS,completed
4790,2025-01-28,Cabbage,1,830,East,CUST0057,Transfer,Completed
2377,2025-03-24,Tea,4,1130,WEST,CUST0089,Bank Transfer,Completed
3362,2025-10-19,Detergent,10,1550,East,CUST0408,Cash,Returned
3525,2025-06-28,Cabbage,5,720,,CUST0029,Cash,Completed
5845,2025-07-27,Carrot,6,830,North,,Cash,Completed
1583,2025-07-14,Tea,5,1070,North,CUST0192,Cash,Completed
1395,2025-01-12,Milk,12,1170,South,CUST0132,Transfer,Pending
4467,2025-09-03,Rice,4,1810,North,CUST0612,Transfer,Completed
3298,2025-11-27,Bread,6,970,South,CUST0161,POS,Completed
5906,2025-08-21,Pepper,5,800,,CUST0156,Transfer,Completed
3451,2025-12-04,Rice,1,2030,West,CUST0411,Cash,Completed
3774,2025-03-22,Yam,5,1650,East,CUST0296,Transfer,Completed
5106,2025-04-15,Groundnut Oil,6,2670,West,CUST0210,Transfer,Completed
4439,2025-10-09,Bread,4,840,North,CUST0281,Transfer,Completed
1883,2025-05-09,Toilet Roll,4,810,East,CUST0321,Transfer,Completed
2880,2025-04-24,Tomato Paste,3,680,west,CUST0226,Transfer,Completed
3233,2025-07-26,Soft Drink,1,850,East,CUST0162,Cash,Completed
1694,2025-06-29,Pepper,5,740,East,CUST0207,Cash,Completed
5413,2025-05-19,Pepper,2,660,West,CUST0446,Transfer,Completed
2376,2025-11-23,Butter,5,1680,North,CUST0503,Transfer,Completed
5547,2025-01-16,Soft Drink,2,750,East,CUST0445,POS,Pending
1628,2025-07-18,Water,6,460,North,CUST0051,Transfer,Completed
3056,,Toilet Roll,3,890,South,CUST0510,Transfer,Completed
2179,2025-07-03,Rice,8,2000,East,CUST0195,Transfer,Completed
5088,2025-09-26,Juice,N/A,1590,North,CUST0117,Cash,Completed
5426,2025-03-12,Pepper,2,690,West,CUST0242,Transfer,Completed
4568,2025-05-02,Butter,8,1850,North,CUST0358,Cash,Pending
5826,2025-12-19,butter,4,1930,South,CUST0463,POS,Completed
2616,2025-05-13,,8,1880,North,CUST0546,Cash,Completed
5511,2025-04-19,Groundnut Oil,3,2640,North,CUST0135,Transfer,Completed
5404,2025-07-16,Sugar,2,1500,North,CUST0332,Transfer,Returned
6087,2025-12-20,Butter,5,1860,East,CUST0448,Transfer,Pending
4308,2025-09-25,Sugar,10,1400,South,CUST0358,Cash,Returned
4798,27/09/2025,Milk,6,1240,North,CUST0125,,Completed
4964,2025-11-21,Water,3,510,North,,Transfer,Pending
4127,03/11/2025,Tea,2,1010,North,,Transfer,Pending
4938,2025-08-05,Sugar,4,1540,South,CUST0635,POS,Completed
2947,2025-10-03,Yam,12,1610,North,CUST0341,Transfer,Completed
1069,2025-06-02,Carrot,7,950,South,CUST0552,Cash,Completed
1733,2025-05-18,Toilet Roll,4,₦1200,North,CUST0035,POS,Completed
1301,2025-01-29,DETERGENT,5,1880,East,CUST0512,POS,Completed
3739,2025-04-06,Cabbage,2,870,South,CUST0600,Transfer,Returned
1002,2025-02-14,Toothpaste,,1070,East,CUST0224,Transfer,Completed
5832,,Carrot,4,830,West,CUST0138,Cash,Pending
3742,2025-12-23,Carrot,6,960,West,CUST0092,Transfer,Completed
5238,2025-10-25,Cabbage,2,840,East,CUST0254,Transfer,Completed
3701,2025-05-27,Rice,6,2090,East,CUST0033,Transfer,Completed
4163,2025-03-31,Sugar,5,1300,North,CUST0483,Transfer,Completed
4708,2025-12-21,Pepper,4,760,North,CUST0509,POS,Pending
2667,"Oct 21, 2025",Groundnut Oil,8,2140,South,CUST0644,Cash,Completed
1242,2025-06-19,Carrot,6,980,,CUST0645,Transfer,Completed
6147,2025-01-22,Beans,1,1610,North,CUST0566,Transfer,Returned
1135,12-12-2025,Maggi,11,580,North,CUST0093,POS,Completed
2859,2025-03-07,Coffee,4,2230,South,CUST0162,,Completed
5387,2025-10-29,Maggi,2,540,East,CUST0463,Transfer,Returned
1828,2025-11-03,Milk,6,1300,South,,Cash,Completed
6109,2025-06-13,Juice,2,1520,South,CUST0489,Cash,Completed
2391,2025-03-01,Butter,4,2040,North,CUST0361,Transfer,Completed
2090,"Jun 9, 2025",Groundnut Oil,2,2240,South,CUST0181,Cash,Completed
4100,2025-02-18,rice,12,1840,West,CUST0211,POS,Completed
5112,2025-02-19,Detergent,9,1680,North,CUST0573,Transfer,Completed
3521,2025-01-06,Sugar,8,1420,South,CUST0520,Cash,Completed
2535,2025-08-06,Sugar,5,1330,East,CUST0154,Transfer,Returned
4381,2025-08-23,Milk,4,1130,North,CUST0179,Cash,Completed
3968,2025-08-28,Maggi,1,470,West, CUST0490 ,POS,Pending
5501,2025-07-25,coffee,,1830,East,CUST0370,POS,Completed
3065,2025-04-09,Beans,8,1300,West,CUST0370,Transfer,Pending
1819,2025-06-12,Detergent,5,1790,East,CUST0370,Transfer,Completed
2846,2025-12-16,Pepper,,710,South,CUST0119,Transfer,Completed
2586,2025-06-13,Beans,7,1310,South,CUST0120,Transfer,Completed
4672,2025-06-04,Groundnut Oil,6,2190,North,CUST0188,Transfer,Pending
3489,2025-12-28,Eggs,,2020,North,CUST0336,Transfer,Completed
4053,2025-10-03,Toilet Roll,2,1040,North,CUST0066,Transfer,Completed
1844,2025-03-29,Yam,9,1650,East,CUST0220,POS,Pending
5331,2025-01-01,Bread,4,1080,East,CUST0503,Transfer,Completed
4054,11-30-2025,Beans,9,1320,West,CUST0233,POS,Pending
6046,2025-04-21,,6,710,East,CUST0231,POS,Completed
2963,2025-04-19,Cabbage,2,820,South,CUST0601,Cash,Completed
3715,2025-03-16,Yam,2,1550,North,CUST0215,Transfer,Completed
5612,2025-06-10,Detergent,3,1960,North,CUST0068,Cash,Pending
1116,2025-04-30,Cabbage,8,780,North,,Cash,
4935,2025-06-06,Groundnut Oil,3,2310,West,CUST0467,POS,Completed
3100,2025-10-06,Groundnut Oil,7pcs,2420,West,CUST0169,Cash,Completed
5661,2025-10-07,Milk,1,1230,South,CUST0173,Cash,Completed
4316,2025-05-22,Water,3,520,North,CUST0418,Cash,Pending
1938,2025-10-27,Groundnut Oil,3,2310,South,CUST0053,Transfer,Completed
5669,2025-07-07,Toilet Roll,2,790,West,CUST0247,Cash,Completed
4341,2025-08-06,Sugar,3,1230,South,,Cash,
2038,2025-09-27,Carrot,6,920,South,CUST0486,Transfer,Completed
5259,12-04-2025,Pepper,3,750,North,CUST0269,Cash,Completed
2127,2025-07-14,Pepper,5,620,East,CUST0605,Cash,Pending
2382,10-04-2025,Soft Drink,3,750,North,CUST0258,,Completed
5668,2025-02-16,Rice,7,2080,West,CUST0029,Transfer,Completed
5218,2025-07-21,Toilet Roll,1,1030,North,CUST0472,Cash,Completed
5997,2025-04-22,Pepper,1,810,South,CUST0203,Transfer,Pending
4442,2025-01-12,Water,,510,South,CUST0599,Transfer,Pending
3403,2025-04-07,Soft Drink,6,830,North,CUST0009,Transfer,Completed
1371,2025-01-30,Coffee,3,2220,East,CUST0465,Cash,Completed
1645,2025-06-17,Butter,4,1700,East,CUST0403,POS,Completed
4043,"Oct 7, 2025",Toothpaste,1,1370,South,CUST0101,Cash,Completed
2867,2025-04-07,Maggi,7,560,West,CUST0303,Transfer,Completed
1009,2025-03-25,Coffee,3 units,1860,West,CUST0333,POS,Pending
4340,13/03/2025,Bread,8,1010,South,CUST0384,POS,return
2648,2025-07-05,Toothpaste,5,1290,West,CUST0384,Transfer,Completed
1321,2025-05-04,Yam,3,1480,South,CUST0387,Transfer,Returned
5823,2025-10-25,Pepper,4,680,West,CUST0206,POS,Completed
2333,2025-02-09,Eggs,2,2300,east,CUST0609,Transfer,Completed
4691,2025-08-10,Beans,3,1460,East,CUST0320,Transfer,
2766,2025-06-14,Sugar,,1270,Noth,CUST0607,Transfer,Completed
5157,2025-04-10,Carrot,1,840,North,CUST0508,Transfer,Returned
4931,2025-12-21,Eggs,10,2160,East,CUST0160,,Pending
5307,2025-09-24,Groundnut Oil,1,2620,South,CUST0443,Transfer,Completed
4940,2025-05-13,Toilet Roll,8,980,East,CUST0242,Transfer,Completed
4219,2025-07-30,Detergent,3,1760,North,CUST0603,Transfer,Completed
3921,2025-01-03,Milk,6,1260,North,CUST0079,POS,Completed
5342,2025-12-12,,3,1530,South,CUST0059,Transfer,Completed
6006,2025-01-22,Toilet Roll,5,860,West,CUST0222,Pos,Pending
4969,,Pepper,3,790,West,CUST0593,POS,Pending
4979,2025-02-16,Detergent,8,1720,West,CUST0254,Transfer,Completed
3334,2025-01-17,Beans,4,1600,,CUST0016,,Completed
2063,2025-08-01,Sugar,3,1530,South,CUST0469,Transfer,pending 
2931,2025-03-29,Tea,9,1220,South,UNKNOWN,Transfer,Completed
2944,2025-07-04,Water,,500,North,CUST0346,Transfer,Completed
5206,2025-03-02,Sugar,1,1330,West,CUST0479,Cash,Completed
1224,2025-05-26,Toilet Roll,8,860,North,CUST0129,Cash,Completed
1159,, Soft Drink ,6,830,North,CUST0030,Transfer,Completed
5119,2025-03-26,Water,3,420,West,CUST0367,Transfer,Completed
2274,2025-08-12,Maggi,5,540,East,CUST0090,POS,Completed
4624,2025-08-21,Toothpaste,7,1190,South,CUST0447,POS,Completed
3167,2025-12-03,Pepper,8,630,North,CUST0242,Cash,Completed
2324,2025-06-30,Groundnut Oil,,2730,East,CUST0363,Transfer,Completed
2457,2025-11-09,Soft Drink,,840,East,CUST0022,POS,Completed
2607,2025-07-04,Pepper,9,700,West,CUST0189,Transfer,Completed
2761,2025-11-20,Groundnut Oil,8,2640,East,CUST0628,Transfer,Completed
1436,2025-01-26,Coffee,6,2220,North,CUST0021,Transfer,Pending
5373,04-14-2025,Groundnut Oil,5,2760,North,CUST0400,Cash,Completed
1027,2025-05-08,Bread,2,980,West,CUST0433,Transfer,Completed
3782,2025-01-03,Toothpaste,3 units,1380,East,CUST0408,POS,Completed
2810,2025-08-26,Carrot,1,900,North,CUST0223,Cash,Completed
2167,2025-10-22,Sugar,1,1470,South,CUST0011,POS,Completed
3877,2025-04-15,Beans,1,1530,east,CUST0531,Cash,Pending
2778,2025-12-07,Detergent,1,2010,East,CUST0332,Cash,completed
1149,2025-09-24,Maggi,3,530,East,CUST0063,POS,Pending
3109,2025-10-04,Coffee,3,1780,West,,Cash,Completed
2169,2025-08-06,Rice,6,2020,West,CUST0541,Cash,Completed
5509,2025-11-18,Maggi,3,530,East,CUST0345,Transfer,Pending
3473,2025-10-31,Carrot,4,750,North,CUST0359,,Completed
1609,2025-04-06,Rice,11,1770,West,CUST0449,Cash,Completed
3978,2025-06-15,Groundnut Oil,4,2580,East,CUST0207,Cash,Completed
6139,2025-06-29,Carrot,5,850,West,CUST0335,Transfer,Pending
5911,2025-11-17,Cabbage,4,810,North,CUST0482,POS,Completed
2634,2025-06-09,Rice,4,2090,North,CUST0132,Transfer,Completed
3373,2025-06-21,Maggi,10,570,South,CUST0343,POS,Returned
2498,2025-12-28,Butter,6,2020,West,CUST0085,Transfer,Pending
5723,2025-11-17,Sugar,7,1330,East,CUST0376,Transfer,Completed
4002,2025-08-08,Toilet Roll,6,950,South,CUST0198,POS,Completed
4154,2025-11-03,Juice,2,1340,North,CUST0109,Cash,Completed
2682,2025-08-09,EGGS,3,2380,West,CUST0328,Cash,Completed
1660,2025-05-22,Toilet Roll,7,950,South,CUST0031,POS,Returned
4150,2025-07-30,Beans,5,1450,West,CUST0398,Transfer,Completed
4126,2025-10-24,Butter,12,1900,South,CUST0304,Transfer,Completed
4448,06-15-2025,Eggs,7,1860,North,CUST0419,,Completed
1823,2025-06-21,Toilet Roll,1,1030,South,CUST0091,Transfer,Completed
2279,2025-12-04,Eggs,3,2340,South,CUST0248,Transfer,Pending
5314,2025-07-26,,3,600,North,CUST0011,POS,Completed
2101,2025-05-11,Butter,3,1880,West,CUST0013,Transfer,Completed
4739,,Tea,,1150,South,CUST0161,Transfer,Completed
4547,2025-01-21,Cabbage,5,,North,CUST0413,Cash,Completed
3867,2025-05-15,Soft Drink,2,840,West,CUST0031,Transfer,Completed
5982,2025-06-13,Bread,6,1020,EAST,CUST0190,Transfer,
5507,2025-11-10,Eggs,5,2350,North,CUST0033,Transfer,Completed
4785,2025-07-18,Bread,2,840,West,CUST0380,POS,Completed
1356,2025-12-07,Carrot,9,790,South,CUST0641,Transfer,Completed
4421,2025-01-04,Carrot,6,820,South,CUST0360,Cash,return
6126,2025-12-10,Yam,1,1570,South,CUST0124,Transfer,Completed
1765,2025-08-13,Water,6,410,West,CUST0026,Cash,Completed
2726,2025-08-13,Maggi,1,500,West,CUST0617,,Completed
3053,2025-02-12,Milk,9,1310,South,CUST0336,,Completed
2734,2025-07-25,Coffee,2,2060,West,CUST0416,Transfer,Completed
3506,2025-12-05,Sugar,7,1300,North,CUST0060,Transfer,Pending
2467,2025-05-26,Detergent,9,1800,West,CUST0392,Transfer,Completed
1636,2025-11-08,Pepper,3,720,South,CUST0564,POS,Completed
1565,2025-09-24,Water,3,520, East ,CUST0180,Cash,
4743,09-17-2025,Sugar,8,1190,East,CUST0423,Transfer,Completed
4236,2025-07-15,Tea,1,1070,North,CUST0622,POS,Pending
3563,2025-08-23,Soft Drink,3,860,North,CUST0573,Transfer,Completed
1970,2025-10-27,Eggs,4,2100,South,CUST0502,Cash,Completed
1896,2025-08-20,Pepper,4,760,North,CUST0178,Cash,Pending
3467,2025-08-04,Butter,11,1820,North,CUST0317,Cash,Completed
5743,2025-03-28,Carrot,4,970,North,CUST0614,Cash,Completed
6137,2025-12-16,Eggs,9,1970,Noth,CUST0529,POS,Completed
3524,2025-08-31,Detergent,3,1620,North,CUST0581,Transfer,Completed
3117,2025-10-30,Toothpaste,5,1290,West,CUST0441,Cash,Completed
1933,2025-03-01,Cabbage,1,830,South,CUST0415,POS,Returned
5731,2025-09-02,Coffee,5,2090,South,CUST0173,Transfer,Completed
2065,2025-12-08,Yam,9,1720,West,CUST0506,Transfer,Completed
5548,2025-02-04,Yam,4,1410,North,CUST0125,POS,Returned
4311,2025-01-12,Juice,4,1590,North,CUST0153,POS,Completed
5713,2025-10-13,Juice,2,1620,South,CUST0356,Transfer,Completed
3874,2025-04-24,Maggi,6,490,East,CUST0106,Transfer,Pending
3843,2025-10-18,Toothpaste,1,1290,West,CUST0203,Cash,Completed
2112,2025-11-05,Cabbage,4,900,North,CUST0498,Cash,Completed
4769,2025-11-29,Rice,3,2050,East,CUST0055,POS,Completed
4333,2025-01-15,Juice,3,1680,South,CUST0367,Transfer,Complete
3239,2025-08-04,Soft Drink,6,770,South,CUST0393,Cash,Completed
1664,2025-03-12,Tea,3,1190,,CUST0441,POS,Returned
3494,2025-06-10,Water,6,510,North,CUST0391,POS,Returned
5118,2025-06-15,Sugar,1,1280,South,CUST0288,Transfer,
5514,2025-09-19, Toothpaste ,9,1190,South,,POS,Completed
4249,2025-08-13,Cabbage,3,850,West,CUST0204,Transfer,return
4569,"Oct 26, 2025",Maggi,7,560,South,CUST0613,Transfer,Completed
6063,2025-11-19,Milk,9,1320,East,CUST0423,Transfer,Completed
4786,2025-04-17,Cabbage,7,800,South,CUST0016,Transfer,Completed
2369,2025-12-02,Carrot,6,830,West,CUST0286,POS,Completed
4988,2025-07-21,Milk,6,1130,East,CUST0625,Cash,Completed
3816,2025-11-22,Pepper,4,770,West,CUST0555,Transfer,Complete
2232,2025-12-26,Beans,unknown,1510,South,CUST0609,POS,Completed
5769,2025-04-29,Maggi,1,550,North,CUST0289,Transfer,Completed
4870,2025-10-25,Tomato Paste,5,630,North,CUST0045,Cash,Completed
1513,2025-04-24,Carrot,8,910,North,CUST0370,Transfer,Returned
2405,2025-09-23,,3,1720,South,CUST0244,Transfer,Completed
2751,2025-11-15,Rice,9,1840,West,CUST0374,POS,Completed
2297,2025-05-09,Tea,2,1180,North,CUST0403,Transfer,
4042,2025-07-24,,6,1400,East,CUST0648,POS,Completed
5033,2025-07-23,Sugar,4,1280,North,CUST0238,Cash,Completed
5285,2025-09-10,Detergent,3,₦1200,West,CUST0379,Transfer,Completed
1569,2025-10-09,Milk,3,1390,North,CUST0356,POS,Completed
2582,,Toilet Roll,3,1030,East,CUST0058,Transfer,Completed
3936,2025-12-25,Soft Drink,5,830,,CUST0228,Transfer,Completed
4903,2025-09-22,Water,10,400,South,CUST0408,Cash,Completed
2840,2025-05-04,Pepper,5,710,North,CUST0318,Cash,Completed
2812,2025-09-09,Sugar,4,1410,West,CUST0080,Cash,Pending
2361,2025-06-03,Bread,4,1100,West,CUST0560,Transfer,Completed
5730,2025-01-14,Milk,6,1130,North,CUST0415,POS,Pending
3497,2025-01-25,Carrot,2,940,North,CUST0433,Transfer,Completed
4621,2025-07-30,Carrot,4,960,North,CUST0076,Transfer,Pending
4166,2025-05-07,Bread,3,840,North,CUST0199,Transfer,Pending
4578,2025-01-18,Juice,4,1500,West,,Transfer,Completed
3134,2025-07-09,Maggi,2,560,East,CUSTOMER-0574,Cash,Completed
2805,2025-12-26,Carrot,1,960,West,CUST0407,Transfer,Completed
1058,2025-12-04,Sugar,1,1380,North,CUST0096,POS,Completed
2266,2025-10-15,Rice,7,1940,East,CUST0593,Cash,Completed
4406,2025-06-25,,2,770,East,CUST0615,Cash,Completed
1132,2025-03-09,Carrot,1,820,South,CUST0180,Transfer,Pending
4477,2025-10-26,Groundnut Oil,4,2560,South,CUST0561,POS,Completed
4233,2025-05-30,Toilet Roll,4,860,South,CUST0260,POS,Pending
2674,2025-06-29,Detergent,3,1750,North,CUST0164,transfer,Completed
2957,2025-03-21,Milk,8,1400,East,CUST0246,Transfer,Pending
2442,2025-08-16,Bread,8,970,East,CUST0141,POS,Completed
1160,2025-06-23,Yam,3,1490,West,CUST0580,Cash,Completed
1926,2025-09-27,Detergent,5,1800,North,CUST0480,Transfer,Pending
4856,2025-11-11,Toothpaste,4,1230,East,CUST0560,POS,Completed
4269,2025-03-07,Sugar,8,1410,North,CUST0250,POS,Completed
3035,2025-11-22,Soft Drink,10,900,West,CUST0129,Transfer,Complete
1456,2025-10-25,Juice,10,1350,West,CUST0513,Transfer,Completed
1805,2025-02-25,Milk,2,1140,West,CUST0509,Transfer,Completed
2009,2025-07-05,Detergent,4,1560,West,CUST0049,Transfer,Completed
5797,2025-09-15,Sugar,6,1440,West,CUST0129,POS,Completed
2129,2025-07-22,Bread,1,1060,North,CUST0149,POS,Completed
2969,2025-01-20,Yam,8,1430,North,CUST0141,Cash,Pending
6077,2025-12-19,Tea,6,1200,West,CUST0619,Transfer,Returned
1564,2025-02-02,Milk,3,1230,East,CUST0394,,Completed
5892,02-13-2025,Coffee,,1720,West, CUST0356 ,Transfer,Completed
4426,2025-01-14,Milk,5,1210,North,CUST0632,Transfer,Completed
2958,2025-04-02,Eggs,2,2110,East,CUST0513,POS,Pending
1490,2025-06-19,Groundnut Oil,5,2530,South,CUST0373,Cash,Completed
1685,2025-01-04,Soft Drink,3,830,West,CUST0051,Transfer,Completed
2163,2025-09-20,Maggi,6,530,West,CUST0388,Cash,Completed
3803,2025-03-09,Juice,2,1510, West ,CUST0103,,Completed
1821,2025-02-14,Toothpaste,2,1350,South,CUST0454,Transfer,Pending
2801,,Eggs,2,2230,East,CUST0054,Cash,Completed
1963,19/09/2025,Milk,5,1280,West,CUST0024,Transfer,Pending
1404,2025-04-23,Beans,5,1670,South,CUST0364,POS,Returned
5924,2025-05-09,Detergent,5,1940,,CUST0575,Transfer,Returned
ORD-7441,2025-09-10,,8,2760,East,CUST0383,POS,Completed
4499,2025-06-01,Yam,,1610,East,CUST0103,POS,Completed
1329,2025-01-12,Bread,8,1010,West,CUST0250,Cash,Completed
4502,2025-11-02,Sugar,5,1240,North,CUST0350,Transfer,Completed
1095,2025-11-07,Tomato Paste,5,680,South,CUST0462,,Completed
3587,2025-01-29,Soft Drink,1,760,West,CUST0190,POS,Returned
3302,2025-12-13,Toothpaste,4,1190,East,CUST0561,Transfer,Completed
3155,2025-05-30,Groundnut Oil,5,unknown,East,CUST0133,Transfer,Completed
5163,2025-09-12, Carrot ,10,800,West,CUST0331,Transfer,Completed
4566,2025-06-22,Toilet Roll,4,820,North,,Cash,Completed
4768,2025-11-22,Cabbage,5,860,North,CUST0521,Transfer,Completed
3441,2025-03-03,Detergent,7,1940,West,CUST0391,Transfer,Completed
1988,2025-04-14,Beans,2,1520,West,CUST0505,Cash,Completed
2370,2025-02-04,Cabbage,9,830,South,CUST0484,Cash,Completed
1709,2025-11-15,Rice,5,1680,North,CUST0563,Transfer,Completed
3147,2025-00-12,Sugar,4,1320,North,CUST0287,Cash,Completed
3814,2025-10-29,Juice,12,1500,East,CUST0367,POS,Returned
1867,2025-12-23,Rice,4,1640,North,CUST0387,Cash,Completed
1036,2025-07-22,Eggs,2,2230,South,CUST0324,POS,Returned
3890,2025-07-12,Coffee,3,2180,North,CUST0044,Transfer,Completed
4875,2025-03-18,Beans,1,1440,South,CUST0258,Transfer,Completed
3562,2025-02-02,Yam,7,1670,South,CUST0497,Transfer,Completed
1912,2025-01-19,Sugar,4,1250,South,CUST0447,Transfer,Pending
2244,2025-07-02,Rice,7,2120,,CUST0323,POS,Completed
5744,2025-06-15,groundnut oil,6,2580,WEST,CUST0502,Cash,Completed
2312,2025-01-25,coffee,7,1790,North,CUST0447,Transfer,Completed
5383,2025-12-14,Coffee,1,2060,West,CUST0569,Cash,Completed
5437,2025-09-19,Sugar,5,1530,West,CUST0642,Transfer,Pending
3690,2025-11-06,Maggi,5,unknown,North,CUST0338,Cash,Completed
2731,2025-12-16,Coffee,4,1850,South,CUST0491,POS,Completed
4390,2025-08-17,Bread,6,1040,South,CUST0055,POS,Completed
3454,2025-02-14,Carrot,4,920,East,CUST0080,Cash,Pending
3623,2025-06-11,Water,,430,South,CUST0044,,Completed
1288,2025-07-23,Tea,9,1140,North,CUST0390,Cash,Completed
4449,2025-09-06,Coffee,3,1740,North,,POS,Completed
5073,2025-11-03,Milk,4,1280,South,CUST0601,Transfer,Completed
4099,2025-09-03, Tomato Paste ,1,630,North,CUST0328,Cash,Completed
4759,2025-05-20,Cabbage,3,710,West,CUST0469,Transfer,Returned
3904,2025-01-26,Yam,6,1700,South,CUST0409,Transfer,Completed
1555,2025-08-08,Toilet Roll,2,990,South,CUST0359,Cash,
2876,2025-01-06,Beans,2,1670,North,CUST0292,Transfer,Completed
4103,2025-11-11,Maggi,7,560,East,CUST0213,Transfer,Completed
5726,2025-11-30,Tea,9,1160,South,CUST0384,POS,Completed
2304,2025-04-19,Soft Drink,4,730,North,CUST0623,POS,Pending
2706,2025-08-18,Butter,,1730,South,CUST0414,Transfer,Completed
4619,2025-10-26,Water,6,470,East,CUST0226,Transfer,Completed
4783,2025-11-08,Detergent,4,2000,South,CUST0007,Transfer,Completed
6080,2025-08-31,Beans,1,1350,South,CUST0624,POS,Returned
3396,2025-08-01,Milk,6,1380,East,CUST0481,Transfer,Pending
4424,2025-04-09,Milk,4,1210,West,CUST0308,POS,Returned
1183,2025-07-20,Maggi,2,540,East,CUST0318,Cash,Completed
2868,2025-10-11,Toothpaste,3,1320,,CUST0121,Cash,Pending
3492,2025-05-16,Sugar,4,1440,East,CUST0309,Transfer,Completed
4831,2025-05-11,Rice,3,2100,East,CUST0020,Transfer,Completed
3366,2025-07-13,Groundnut Oil,7,2680,North,CUST0336,Transfer,Completed
5970,2025-04-07,Pepper,11,760,West,CUST0364,Cash,Completed
3274,2025-04-11,Butter,8,1670,North,CUST0455,POS,Pending
4815,2025-12-12,Detergent,2,1730,South,CUST0013,Transfer,Completed
4365,2025-02-21,Pepper,3,670,East,CUST0103,Cash,Completed
1869,2025-03-27,Pepper,5,690,South,CUST0207,Cash,Pending
4582,2025-08-21,Beans,2,1490,West,CUST0277,POS,Returned
4501,2025-05-02,Tomato Paste,6,630,North,CUST0123,POS,Completed
5735,2025-01-19,Water,3,400,East,CUST0273,Transfer,Completed
6012,2025-01-27,Sugar,4,1490,North,CUST0599,POS,Completed
4838,2025-11-28,Groundnut Oil,4,2320,North,CUST0278,Cash,Returned
5037,2025-09-25,Coffee,3,2040,North,CUST0129,Cash,Completed
2814,2025-03-23,Juice,,1470,West,CUST0434,Cash,Completed
4069,2025-02-20,Yam,2,1750,North,CUST0492,Transfer,Pending
1414,2025-02-09,Pepper,2,810,West,CUST0091,,Completed
5531,2025-11-29,Detergent,,1850,North,CUST0174,POS,Returned
1643,2025-06-28,Pepper,50,700,East,CUST0233,Cash,Pending
1550,2025-08-30,,8,740,South,CUST0616,Transfer,Completed
2842,2025-08-16,Toilet Roll,1,840,North,,Transfer,Returned
1308,09/09/2025,Groundnut Oil,2,2480,South,CUST0443,Transfer,Completed
3237,2025-11-25,Toothpaste,3,1220,West,CUST0342,Cash,Completed
5816,2025-03-31,Toilet Roll,6,870,South,CUST0212,Cash,Completed
5628,2025-12-11,Water,3,410,East,,POS,Completed
3340,2025-04-04,Maggi,1,560,West,CUST0369,Transfer,Completed
3607,2025-09-03,Pepper,2,620,West,CUST0349,Transfer,Completed
5272,2025-10-18,Beans,2,1670,North,CUST0305,Cash,Completed
5587,2025-07-17,Tomato Paste,4,620,South,CUST0048,Cash,Completed
4620,21/08/2025,Soft Drink,1,910,East,CUST0498,Cash,Completed
3992,2025-04-17,Maggi,2,500,South,CUST0304,Transfer,Completed
2514,12-04-2025,Cabbage,5,690,East,CUST0645,Transfer,Pending
1670,2025-07-11,Water,2,440,South,CUST0141,Transfer,Completed
2277,07-15-2025,Toothpaste,2,1340,East,,POS,Pending
1193,2025-06-28,Groundnut Oil,10,2390,South,CUST0515,Transfer,Completed
2993,2025-07-16,Detergent,2,2000,West,CUST0113,Transfer,Completed
1654,2025-10-08,Eggs,4,2280,West,CUST0019,Transfer,Pending
4290,2025-06-05,Juice,7,1700,North,CUST0469,POS,Pending
3313,2025-07-27,Soft Drink,,840,East,CUST0541,Transfer,Completed
3066,2025-01-14,Milk,3,1340,East,CUST0329,POS,Completed
2635,2025-12-09,Soft Drink,6,810,West,CUST0129,Transfer,Completed
2550,2025-08-25,Butter,8,1840,West,CUST0400,Transfer,Completed
3776,2025-04-02,Juice,2,1700,South,CUST0583,POS,Completed
5627,2025-02-15,Milk,4,1340,West,CUST0035,POS,Completed
5127,2025-12-05,Tomato Paste,4,590,West,CUST0528,Transfer,Completed
3231,2025-08-13,Carrot,10,880,East,CUST0027,Transfer,Completed
4378,2025-02-20,Groundnut Oil,2,2680,South,CUST0294,POS,
1279,,Juice,5,1640,North,CUST0243,Transfer,Completed
3071,2025-09-28,Toothpaste,2,1070,West,CUST0384,Cash,Completed
5886,2025-07-13,Water,5,450,NORTH,CUST0493,Transfer,Pending
5534,"Sep 24, 2025",Groundnut Oil,11,2520,West,CUST0082,POS,Completed
3427,2025-09-13,Maggi,1,510,West,CUST0026,Cash,Completed
2654,2025-13-05,Cabbage,2,870,East,CUST0232,POS,Completed
5777,2025-04-09,,6,1680,East,CUST0211,Transfer,
2696,2025-01-11,Eggs,8,1880,East,,Transfer,
3763,2025-03-15,Tea,4,990,West,CUST0347,Transfer,Completed
3821,2025-08-17,Yam,2,1590,North,CUST0185,Cash,Completed
3481,2025-10-26,Toilet Roll,8,860,West,CUST0162,Transfer,Completed
5574,2025-05-07,Coffee,8,1730,East,CUST0285,Cash,Completed
1568,2025-07-24,Eggs,,2080,West,CUST0531,Transfer,Completed
2623,2025-11-06,Detergent,3,2030,South,CUST0196,Transfer,Completed
3145,2025-06-28,Toothpaste,4,1360,North,CUST0571,POS,Pending
5894,2025-10-24,Groundnut Oil,7,2480,South,CUST0369,Transfer,Completed
2483,2025-10-27,Tomato Paste,6,640,South,CUST0261,Cash,Completed
2912,2025-09-17,Juice,1,1730,South,CUST0339,Cash,Completed
1207,2025-06-23,Cabbage,11,790,South,CUST0377,POS,Completed
3048,2025-12-11,Beans,6,1290,East,CUST0299,Transfer,Pending
2902,2025-07-08,Soft Drink,8,730,South,CUST0392,Transfer,Completed
4682,2025-04-24,Beans,4,1520,East,CUST0610,POS,Completed
1696,2025-11-12,Juice,11,1670,West,CUST0339,POS,Returned
4060,2025-09-17,Detergent,6,1970,North,CUST0597,POS,Completed
5065,2025-10-09,Tea,12,1220,North,CUST0471,Transfer,Completed
5926,2025-11-02,Tea,5,1050,North,CUST0538,Transfer,Completed
2886,2025-07-14,Coffee,5,1970,East,CUST0577,Transfer,
4331,2025-02-03,Coffee,2,,North,CUST0239,POS,Completed
6098,2025-04-30,Coffee,3,1960,North,CUST0588,Transfer,Completed
4544,2025-05-21,Beans,1,1360,North,CUST0567,Transfer,Pending
1825,2025-09-09,Toothpaste,1,1330,North,CUST0506,Cash,Completed
4991,03-14-2025,,3,1080,North,CUST0248,Transfer,Returned
3154,2025-03-15,Detergent,4,1960,West,CUST0434,Transfer,Completed
3273,2025-02-25,Rice,4,1900,South,CUST0493,Cash,Returned
4702,2025-07-07,Milk,10,1210,South,CUST0056,POS,Returned
4909,2025-01-21,Sugar,4,1430,,CUST0483,POS,Completed
1793,2025-01-18,Toilet Roll,,890,East,CUST0464,Cash,Completed
2989,2025-03-23,Groundnut Oil,1,2710,East,CUST0470,Cash,Completed
3434,2025-07-23,Tea,4,1160,East,CUST0507,POS,Pending
2462,2025-01-18,Coffee,3,1780,South,,Transfer,Completed
1119,2025-07-29,Butter,8,2070,East,CUST0481,POS,Completed
3063,2025-07-07,Beans,5,1590,North,CUST0244,Cash,Completed
4696,30/10/2025,Maggi,8,550,North,CUST0179,Cash,Completed
5263,2025-10-28,Pepper,2,660,West,CUST0641,Transfer,Completed
2748,2025-09-09,Rice,10,1920,North,CUST0088,POS,Completed
4334,2025-03-18,Eggs,5,2340,South,CUST0188,POS,Completed
3074,2025-05-11,,5,2220,South,CUST0640,Cash,Complete
4600,2025-02-26,Bread,2,880,West,CUST0399,Transfer,Completed
4900,2025-09-21,Soft Drink,4,810,West,CUST0559,Transfer,Completed
2901,2025-05-09,Cabbage,4,780,South,CUST0130,POS,Completed
1657,2025-07-17,Water,2,440,East,CUST0324,Cash,Completed
1176,2025-01-20,Groundnut Oil,1,2670,East,CUST0093,Cash,Completed
2593,,Sugar,7,1480,West,CUST0315,Cash,Completed
1626,2025-03-20,Toothpaste,5,1160,North,CUST0114,Transfer,Completed
4015,2025-11-08,Rice,7,1770,East,CUST0218,Transfer,Completed
4923,,Soft Drink,1,790,North,CUST0631,,Completed
3575,2025-07-02,Soft Drink,5,710,North,CUST0397,Transfer,Completed
4494,2025-04-11,Beans,11,1300,North,CUST0395,Transfer,Completed
3110,2025-06-23,Rice,2,2020,East,CUST0505,POS,Completed
5813,2025-04-16,Detergent,5,1710,South,CUST0383,Transfer,Completed
4107,2025-08-08,Groundnut Oil,7,2230,South,CUST0440,Transfer,Completed
4918,2025-05-13,Soft Drink,6,740,North,CUST0086,Transfer,Completed
6023,2025-07-10,Cabbage,3,730,North,CUST0613,Transfer,Completed
2005,"Mar 29, 2025",Detergent,5,1860,West,CUST0067,Cash,Completed
2272,2025-06-30,Tomato Paste,3,670,,CUST0117,POS,Completed
3533,2025-08-02,Toothpaste,5,1390,North,CUST0009,Transfer,Completed
5463,2025-05-24,Rice,2,1790,South,CUST0262,Transfer,Completed
4447,2025-11-09,Carrot,8,980,North,CUST0020,POS,Returned
5091,2025-08-26,Coffee,5,1800,North, CUST0031 ,,Completed
4343,2025-05-04,Tomato Paste,1,730,North,CUST0076,Transfer,Completed
1629,2025-01-07,Milk,10,1170,,CUST0082,Cash,Completed
1111,2025-03-02,GROUNDNUT OIL,5,2220,North,CUST0522,Cash,Completed
2329,2025-07-20,Cabbage,4,730,North,CUST0508,Transfer,Pending
5311,2025-08-15,Coffee,5,2070,East,CUST0563,Cash,Pending
1017,2025-11-17,Bread,3,1010,West,CUST0157,Transfer,Completed
5591,27/03/2025,Butter,1,1620,North,CUST0042,Transfer,Completed
3335,2025-02-14,Water,8,470,North,CUST0576,Cash,Completed
4011,2025-04-14,Tea,4,1250,South,CUST0018,Cash,Completed
6127,2025-10-27,Tea,5,1210,South,CUST0169,Transfer,Completed
3152,2025-06-15,Rice,3,1650,West,CUST0649,Cash,Completed
3892,2025-05-05,Rice,8,2060,North,CUST0523,Cash,Completed
5303,2025-04-11,Toothpaste,5,1090,North,CUST0210,Transfer,Completed
4134,2025-05-25,Bread,1,990,North,CUST0091,Cash,Returned
1861,2025-10-19,Bread,6,1010,South,CUST0488,Cash,Completed
5233,2025-05-03,Water,3,450,North,CUST0328,card,Completed
5167,2025-03-02,Tea,4,,South,CUST0018,Transfer,Returned
5256,2025-07-27,Water,0,440,East,,Transfer,Completed
1813,2025-10-01,Sugar,3,1540,,CUST0512,transfer,Returned
1528,2025-04-10,Eggs,2,2240,East,CUST0563,Cash,Completed
6103,2025-10-16,Water,4,470,North,CUST0364,POS,Completed
1983,2025-08-16,Juice,1,1540,North,CUST0412,Cash,Completed
1935,2025-01-08,Butter,,2000,West,CUST0028,Transfer,Completed
3832,2025-02-26,Maggi,,,West,CUST0421,POS ,Completed
2962,2025-01-16,Carrot,3,840,,CUST0107,POS,Pending
5960,2025-12-28,Beans,7,1360,South,CUST0209,Transfer,Completed
3256,2025-12-19,Yam,9,1450,North,CUST0603,Transfer,Completed
5408,2025-06-24,Soft Drink,8,760,East,CUST0052,Transfer,Pending
3188,2025-06-22,Cabbage,2,690,West,CUST0467,Cash,Completed
5312,2025-05-20,Yam,5,1480,South,CUST0540,Transfer,Completed
1954,2025-01-04,Tomato Paste,3,720,North,CUST0294,Cash,Completed
3864,2025-01-08,Maggi,4,570,West,CUST0522,POS,Completed
2203,2025-10-10,Eggs,2,1980,West,CUST0299,Transfer,Completed
4748,2025-05-01,Groundnut Oil,4,2310,East,CUST0232,POS,Pending
3513,2025-09-20,Groundnut Oil,1,2580,South,CUST0629,Transfer,Pending
3391,2025-05-22,Beans,10,,West,CUST0135,Transfer,Completed
3225,2025-10-04,Groundnut Oil,8,2180,,CUST0057,POS,Completed
1130,2025-04-28,Yam,5,1570,West,CUST0636,Transfer,Completed
4755,2025-11-21,Toothpaste,2,1060,North,CUST0088,Cash,Completed
5914,2025-01-08,Water,6,490,North,CUST0025,Transfer,Completed
3261,2025-01-26,Rice,1,1970,North,CUST0140,Transfer,Returned
2724,2025-03-20,Rice,3,2120,West,CUST0359,Cash,Pending
3580,2025-10-14,Tomato Paste,9,640,North,CUST0169,Transfer,Completed
4073,29/12/2025,Cabbage,7,710,,CUST0426,Transfer,Completed
5904,2025-07-18,Bread,4,1040,South,CUST0184,POS,Returned
4366,2025-02-20,Rice,2,1970,West,CUST0371,POS,Completed
5980,2025-05-20,Tomato Paste,8,590,South,CUST0056,POS,Completed
1799,2025-09-21,Beans,10,1550,East,CUST0114,Transfer,Completed
3913,2025-08-09,Toilet Roll,,1040,West,CUST0298,POS,Completed
2752,2025-09-24,Eggs,9,1860,North,CUST0171,Transfer,Completed
1851,2025-02-22,Juice,6,1690,West,CUST0067,Transfer,Completed
2219,2025-12-17,Coffee,3,2200, East ,CUST0504,Transfer,Completed
5402,2025-02-09,Water,2,440,South,CUST0039,POS,Completed
1777,2025-05-19,Water,five,450,West,CUST0626,Cash,Completed
3603,2025-07-15,Eggs,4,2280,South,CUST0388,POS,Completed
3370,2025-01-17,Rice,5,1960,South,CUST0048,Transfer,Completed
2595,2025-07-22,Tea,7,1230,West,CUST0334,POS,Returned
2763,2025-01-26,Tea,6,1090,West,CUST0488,POS,Completed
1909,2025-01-23,Pepper,11,710,North,CUST0370,POS,Completed
3876,2025-02-28,Beans,4,1660,West,CUST0423,Cash,Completed
5257,2025-09-28,Groundnut Oil,2,2470,North,CUST0452,Cash,Completed
3193,2025-03-07,Carrot,7,890,East,CUST0100,Transfer,Completed
4215,2025-04-18,Pepper,9,640,East,CUST0101,POS,Completed
1561,10-23-2025,Yam,3,1720,West,CUST0122,Cash,Completed
1355,2025-11-29,Butter,3,2020, North ,CUST0096,Cash,Completed
5301,2025-11-12,Beans,6,1370,East,CUST0431,,Completed
3736,2025-06-23,Detergent,8,1560,South,,POS,Complete
4034,2025-11-16,Groundnut Oil,4,2500,West,CUST0176,Transfer,Completed
1834,2025-07-30,Detergent,3,1990,East,CUST0224,Transfer,Completed
3663,2025-06-11,Eggs,8,2270,North,CUST0418,POS,Returned
2236,2025-07-22,Rice,8,1980,South,CUST0568,Cash,Completed
5344,06-13-2025,Rice,4,unknown,East,CUST0183,Transfer,Completed
1332,2025-04-16,Tea,3,1180,East,CUST0592,Transfer,Pending
2798,2025-02-22,Butter,4,2060,West,CUST0095,POS,Returned
4581,2025-05-03,Detergent,3,1870,North,CUST0540,Cash,Completed
5471,2025-11-26,,5,2220,North,,Cash,return
5846,2025-06-12,Beans,3,1610,West,CUST0616,Transfer,Completed
5931,2025-05-10,Detergent,3,1770,West,CUST0582,Transfer,Completed
2504,2025-08-27,Pepper,5,750,South,CUST0091,Transfer,Completed
1210,2025-06-30,Beans,5,1450,East,CUST0077,Cash,Completed
5205,2025-09-24,Bread,6,1100,South,CUST0360,Transfer,Returned
4877,2025-02-25,Sugar,5,1280,East,CUST0152,Cash,Completed
5915,2025-06-27,Rice,5,2020,South,CUST0445,Transfer,Completed
5308,2025-03-11,Eggs,6,2170,North,CUST0525,Cash,Completed
6148,2025-10-28,Toothpaste,2,1270,East,CUST0416,POS,Completed
1618,2025-03-21,Soft Drink,3,720,West,CUST0512,Transfer,Completed
5535,2025-01-07,Beans,2,1280,South,CUST0170,Transfer,Completed
5076,2025-03-06,Tea,8,1090,North,CUST0354,Transfer,Returned
1832,03/11/2025,Bread,7,980,North,CUST0309,Transfer,Completed
5623,2025-11-13,Detergent,8,1800,North,CUST0517,Transfer,Completed
3093,2025-09-25,Water,2,470,South,CUST0422,Cash,Completed
1927,2025-06-03,Detergent,2,1600,North,,Cash,
2836,2025-07-18,Pepper,3,680,South,CUST0630,Cash,Completed
2087,2025-05-05,Pepper,2,630,West,CUST0228,Cash,Completed
4706,2025-05-08,Milk,,1360,North,CUST0022,,Completed
4563,2025-07-04,Tea,5,1110,East,CUST0049,Transfer,Returned
3885,2025-07-15,Soft Drink,5,750,NORTH,CUST0343,POS,Completed
6138,2025-04-12,Sugar,5,1350,South,CUST0048,POS,Completed
1596,2025-04-18,Milk,2,1140,East,CUST0485,Cash,Completed
2668,2025-04-21,Rice,5,1640,North,CUST0102,Transfer,Completed
2937,2025-02-07,Butter,3,1750,North,CUST0594,Transfer,Completed
5325,2025-04-01,Eggs,1,,East,CUST0523,Transfer,Completed
3691,2025-03-18,Yam,11,1490,North,CUST0013,Transfer,Completed
1872,2025-06-27,tea,7,1170,North,CUST0517,POS,Completed
3378,2025-04-26,Sugar,6,1400,West,CUST0194,Transfer,Returned
4500,2025-07-04,Tomato Paste,5,630,North,CUST0328,Cash,Completed
2357,2025-12-12,Juice,4,1620,West,CUST0529,Transfer,Completed
1278,2025-10-04,Coffee,2,2190,East,CUST0144,Cash,Completed
2531,2025-08-27,Bread,7,930,East,CUST0415,POS,Completed
2126,"Feb 27, 2025",Milk,1,1360,West,CUST0119,Cash,Completed
1171,2025-06-23,Yam,2,1760,East,CUST0523,Cash,Completed
2058,2025-07-19,Milk,10,1400,Sout,CUST0211,Transfer,Pending
3018,2025-02-27,Toothpaste,5,1190,West,CUST0055,Cash,
4422,2025-12-09,Bread,6,950,East,CUST0345,Transfer,Completed
1091,2025-12-29,Rice,5,1770,East,CUST0567,Transfer,Returned
4659,2025-12-23,Maggi,1,560,North,,Transfer,Pending
4085,2025-10-09,Eggs,4,1930,West,,Transfer,Completed
5893,2025-09-16,Sugar,2,25,North,CUST0311,POS,Completed
1380,2025-02-05,Cabbage,8,880,North,CUST0336,Transfer,RETURNED
4994,2025-10-10,Milk,9,1230,West,CUST0363,Cash,Completed
5487,2025-03-06,Tomato Paste,7,630,South,CUST0061,Cash,Completed
3101,2025-01-01,Sugar,3,1270,South,CUST0244,POS,Returned
5583,2025-05-13,Toilet Roll,9,880,South,CUST0495,Transfer,Pending
5685,2025-09-16,Groundnut Oil,2,,South,CUST0550,Transfer,Completed
3174,2025-03-12,Pepper,5,730,West,CUST0134,Transfer,Pending
4546,2025-06-17,Carrot,3,850,East,CUST0354,Transfer,Completed
5409,2025-10-20,Coffee,4,2250,East,CUST0453,Cash,Pending
1501,2025-10-20,Juice,10,1620,west ,,POS,Completed
5207,07/06/2025,Rice,5,2000,West,CUST0386,Transfer,Returned
4828,2025-05-21,Water,2,450,West,CUST0589,Transfer,Completed
4951,2025-03-08,Bread,5,890,East,CUST0504,Cash,Completed
4190,2025-09-26,Butter,3,1610,East,CUST0144,Cash,Completed
4132,2025-05-20,Soft Drink,6,710,East,CUST0200,Transfer,Completed
3265,2025-08-19,Juice,7,1450,North,CUST0227,Transfer,Completed
2793,,Soft Drink,7,730,North,CUST0467,Transfer,Completed
1377,2025-05-06,,1,1820,West,CUST0184,POS,Pending
1331,2025-07-22,Tomato Paste,1,680,West,CUST0461,Cash,Completed
4818,2025-07-23,Carrot,10,760,West,,POS,Completed
2036,2025-03-06,Eggs,8,2420,,CUST0215,Cash,Pending
6140,2025-11-24,Pepper,6,700,West,CUST0363,POS,Completed
6066,2025-05-29,Sugar,7,1330,South,CUST0513,Cash,Completed
4879,2025-10-05,Butter,5,1910,East,CUST0374,Transfer,Completed
5464,2025-03-08,Yam,2,1590,East,CUST0047,POS,Completed
3612,2025-12-06,Maggi,8,560,West,CUST0307,Cash,Completed
2515,2025-08-04,Sugar,4,1320,East,CUST0192,POS,Completed
2310,2025-07-24,Carrot,1,930,South,CUST0628,Transfer,Completed
1299,17/05/2025,Carrot,7,770,South,CUST0471,Cash,Returned
2478,2025-12-17,Toilet Roll,2,950,North,CUST0532,Pos,
3197,2025-11-03,Sugar,5,1360,East,CUST0442,Transfer,Completed
1574,2025-04-23,Water,6,420,North,CUST0423,cash,Completed
2518,2025-01-21,Yam,11,1800,East,CUST0432,Transfer,Completed
5250,2025-04-04,Maggi,4,470,South,cust0030,Cash,Pending
4423,2025-10-22,Soft Drink,,770,North,CUST0198,Cash,Completed
5252,2025-12-15,Toothpaste,10,1370,West,CUST0245,POS,Completed
4185,2025-01-17,Rice,3,1860,West,CUST0316,Transfer,Completed
5942,2025-04-28,Toilet Roll,7,850,West,CUST0640,POS,Completed
4542,2025-04-21,Toothpaste,3,1280,West,CUST0492,Transfer,Completed
2821,,Rice,1,1920,South,CUST0573,POS,Completed
1011,2025-04-19,Pepper,6,690,South,CUST0147,Transfer,Completed
2334,2025-09-08,Rice,8,1870,East,CUST0018,Cash,Returned
3054,2025-07-28,Toilet Roll,7,970,East,CUST0011,POS,Completed
1675,2025-04-08,Beans,3,1440,North,CUST0293,Cash,Completed
3092,2025-11-07,Water,1,490,East,CUST0465,Transfer,Completed
1656,2025-02-04,Rice,3,1770,North,CUST0111,Transfer,Pending
3882,2025-07-17,Soft Drink,8,740,South,CUST0416,Transfer,Completed
4961,2025-12-26,Toothpaste,6,1170,South,CUST0148,Cash,Completed
2260,2025-08-29,Butter,2,1690,East,CUST0616,POS,Completed
3926,2025-07-07,MAGGI,3,530,South,CUST0049,Cash,Pending
4611,2025-05-22,Groundnut Oil,2,2760,West,CUST0069,Cash,Completed
5928,2025-10-30,Butter,5,1840,East,CUST0341,POS,Completed
3220,2025-08-13,,6,1660,South,CUST0618,Cash,Completed
3980,2025-11-17,Tomato Paste,6,600,West,CUST0505,Transfer,Completed
3081,2025-09-24,Coffee,5,1890,North,CUST0250,POS,Completed
3221,2025-07-15,Tomato Paste,10,600,South,CUST0294,POS,Completed
1860,2025-06-05,Maggi,8,460,,CUST0138,Transfer,Completed
3795,2025-05-26,Pepper,3,760,East,CUST0232,POS,Completed
2224,2025-03-17,Water,3,450,South,CUST0069,Transfer,Completed
3841,2025-09-14,Tea,7,1140,South,CUST0584,POS,Completed
4152,2025-07-06,Water,3,490,East,CUST0478,,Completed
2343,2025-03-17,,4,460,North,CUST0639,cash,Completed
3235,2025-10-24,Cabbage,10,830,South,CUST0052,Transfer,Completed
1485,2025-03-26,Detergent,1,1780,West,CUST0339,POS,Completed
1205,2025-10-06,Cabbage,4,690,West,CUST0293,Transfer,Pending
5489,2025-05-05,Coffee,2,1970,East,CUST0293,Cash,Completed
1196,2025-05-12,Rice,2,1710,South,CUST0114,POS,Completed
5239,2025-01-22,Toilet Roll,6,860,East,CUST0487,Transfer,Completed
5292,2025-09-09,Butter,2,1830,North,CUST0203,POS,Returned
1466,2025-04-19,Butter,6,1880,West,CUST0127,Transfer,Completed
2509,2025-05-16,Groundnut Oil,1,2350,North,CUST0358,POS,Completed
3568,,Pepper,,790,East,CUST0168,Transfer,Returned
2743,2025-02-03,Yam,3,1820,South,CUST0487,Transfer,Completed
2866,2025-04-09,Yam,7,1640,South,CUST0286,Transfer,Completed
1655,2025-01-23,Toilet Roll,3,810,West,CUST0633,Transfer,pending 
1097,2025-03-22,Milk,2,1290,West,CUST0003,Transfer,Completed
3364,2025-09-03,Coffee,4,2100,West,CUST0224,Cash,Completed
3170,2025-04-23,Detergent,2,1730,West,CUST0021,,Completed
3002,2025-07-31,Groundnut Oil,5,2610,East,CUST0562,Transfer,Completed
1519,2025-02-23,Tomato Paste,2,720,South,CUST0074,Cash,Completed
5519,2025-01-16,Groundnut Oil,4,2210,West,CUST0370,Cash,Pending
2925,2025-08-31,Tomato Paste,11,630,North,CUST0122,,Completed
4245,2025-09-22,Cabbage,10,770,South,CUST0113,Cash,Pending
5746,2025-11-25,Soft Drink,5,890,South,CUST0455,Transfer,Completed
1994,2025-07-14,Maggi,12,560,,CUST0600,POS,Completed
3272,2025-10-01,Eggs,7,2220,East,CUST0007,POS,Returned
2290,2025-07-20,Tea,2,1210,South,CUST0076,Cash,Completed
3611,2025-10-31,Bread,1,870,South,CUST0598,Cash,Completed
4255,2025-04-14,Rice,1,2040,North,,Transfer,Pending
4367,2025-04-11,Toothpaste,6,1080,South,CUST0536,Transfer,Pending
2158,2025-07-28,Toothpaste,1,1270,North,CUST0342,POS,Completed
2166,2025-07-28,Yam,7,,East,CUST0079,Cash,Returned
1022,2025-09-22,Groundnut Oil,4,2280,East,CUST0347,Transfer,Completed
3556,2025-10-31,Carrot,4,950,West,CUST0555,Cash,Completed
4760,2025-05-18,Soft Drink,7,810,North,CUST0028,Transfer,Pending
4410,2025-04-30,Pepper,1,690,East,CUST0618,Transfer,Pending
5054,2025-10-12,Juice,2,1410,West,CUST0425,POS,Completed
5537,2025-04-21,PEPPER,8,630,North,CUST0488,Transfer,Returned
3634,2025-02-09,Tomato Paste,1,590,South,CUST0332,Cash,Completed
2573,2025-01-19,Soft Drink,7,740,North,CUST0027,Transfer,Completed
3685,2025-05-01,BUTTER,2,1830,South,CUST0596,Cash,Returned
5991,2025-09-12,Carrot,1,980,West,CUST0638,POS,Completed
3576,2025-04-09,Juice,7,1730,North,CUST0443,Transfer,Completed
3496,2025-04-07,Eggs,12,2030,North,CUST0060,Transfer,Completed
3186,2025-04-03,Butter,1,1900,East,CUST0458,,Completed
1006,2025-02-10,Cabbage,5,870,North,CUST0592,Transfer,Completed
5027,2025-03-08,Milk,1,1180,South,CUST0341,Transfer,Completed
3965,2025-03-05,Groundnut Oil,5,2610,South,CUST0446,POS,Returned
4608,2025-10-19,Eggs,1,2180,South,CUST0016,Transfer,Completed
4302,2025-06-15,Tomato Paste,,720,South,CUST0304,Transfer,Pending
2764,2025-11-06,Detergent,6,1770,East,CUST0454,Transfer,Completed
3959,2025-01-06,Groundnut Oil,3,2690,West,CUST0432,POS,Completed
3997,2025-03-24,Water,3,490,South,CUST0066,POS,Pending
5706,2025-12-07,Butter,2,1590,North,CUST0236,Transfer,Completed
3239,2025-08-04,SOFT DRINK,6,770,South,CUST0393,Cash,Completed
3309,2025-11-28,Rice,4,1820,East,CUST0093,Cash,Pending
4853,2025-05-07,Bread,6,990,South,,Pos,Pending
2177,2025-12-03,Butter,3,1820,North,CUST0307,Transfer,Pending
3111,2025-08-08,Water,4,510,East,CUST0465,Cash,Completed
4822,2025-10-09,Rice,3,1910,North,CUST0072,Transfer,Completed
5154,2025-11-08,Butter,12,1620,West,CUST0634,Cash,Completed
2322,2025-02-05,Tea,3,1020,North,CUST0592,Cash,Completed
4306,2025-08-14,Toothpaste,1,1090,North,CUST0539,Transfer,Completed
3924,2025-01-19,Eggs,5,1890,North,CUST0522,Transfer,Completed
5827,2025-01-25,Pepper,7,780,west ,CUST0056,Transfer,Completed
5020,2025-06-21,Groundnut Oil,5,2120,South,CUST0191,Transfer,Pending
1230,2025-03-15,Soft Drink,3,,North,CUST0409,Transfer,Completed
3738,2025-01-08,Beans,2,1380,North,CUST0199,POS,Completed
2178,2025-05-18,Toothpaste,two,,South,CUST0166,Transfer,Completed
4372,2025-06-14,Soft Drink,2,750,East,CUST0542,Transfer,Completed
1820,2025-07-09,Tomato Paste,3,570,North,CUST0360,Transfer,Completed
3195,2025-04-19,Butter,8,,East,CUST0160,Transfer,Returned
1397,2025-01-16,Detergent,3,1750,North,CUST0220,POS,Completed
5801,2025-10-17,Beans,2,1660,West,CUST0398,Transfer,Completed
4996,2025-05-02,Water,9,440,South,CUST0009,Transfer,Pending
1837,2025-09-25,Soft Drink,7,780,North,CUST0030,Cash,Completed
6125,2025-03-17,Carrot,4,790,North,CUST0396,Transfer,Completed
5907,2025-02-23,Milk,5,1280,South,CUST0082,Transfer,Completed
3809,2025-02-21,Butter,unknown,1640,,CUST0051,Cash,Completed
5136,2025-04-23,juice,2,1380,West,CUST0287,Cash,Completed
4282,2025-11-27,Beans,6,1360,West,CUST0328,,Pending
2099,2025-12-23,Carrot,1,840,South,CUST0253,Transfer,Completed
3517,2025-08-21,Toothpaste,2,1060,North,CUST0154,Transfer,Completed
4725,2025-08-11,Beans,3,1490,South,CUST0461,Bank Transfer,Pending
1081,2025-08-24,Water,6,450,North,CUST0631,POS,Completed
4444,2025-02-22,Groundnut Oil,3,2430,North,CUST0429,Transfer,Completed
5249,2025-09-28,Detergent,5,2k,East,CUST0353,Cash,Completed
4018,2025-11-09,Cabbage,3,690,North,CUST0044,,Completed
ORD-5476,2025-11-03,Beans,3,1480,East,CUST0281,POS,Completed
2337,2025-06-04,Carrot,6,960,South,CUST0116,Transfer,Completed
4275,2025-02-25,Sugar,3,1340,East,CUST0259,Transfer,Returned
5460,2025-03-20,Toilet Roll,3,970,East,CUST0558,Transfer,Completed
3535,2025-01-01,Maggi,3 units,490,South,CUST0453,Cash,Completed
4032,2025-07-15,Butter,7,2000,North,CUST0425,Cash,Completed
1592,2025-08-26,Yam,5,1470,West,CUST0346,Transfer,Completed
6120,2025-05-07,Tomato Paste,1,740,South,,Cash,Pending
3748,2025-10-09,Carrot,12,910,South,CUST0251,Transfer,Pending
3104,2025-07-22,Butter,3,1610,East,CUST0442,Transfer,Returned
2539,2025-11-02,Beans,2,1570,South,CUST0255,Transfer,Completed
4740,2025-11-20,Pepper,4,620,West,CUST0256,Transfer,Completed
5264,2025-08-12,Carrot,1,920,North,CUST0159,Transfer,Completed
1544,2025-09-07,Carrot,7,960,East,CUST0514,POS,Completed
3717,2025-11-06,Eggs,6,2060,North,CUST0263,Cash,Completed
5690,2025-06-15,Groundnut Oil,7,2110,North,CUST0514,Transfer,Completed
1790,2025-07-30,Milk,8,1270,West,CUST0606,Cash,Completed
2625,2025-02-21,Cabbage,3,890,,,POS,Completed
3219,,Detergent,7,1800,South,CUST0230,Cash,Completed
5727,2025-07-04,Bread,2,"1,500",South,CUST0324,POS,Completed
2663,2025-12-07,Tomato Paste,3,750,South,CUST0575,Cash,Completed
3346,2025-03-23,Cabbage,2,730,East,CUST0609,Transfer,Returned
1622,2025-10-18,Tea,2,1080,South,CUST0282,POS,Completed
2694,2025-04-04,Pepper,1,690,South,CUST0259,Cash,Completed
2785,2025-06-10,Rice,,1680,West,CUST0639,Transfer,Completed
5618,2025-08-12,Detergent,3,1670,South,CUST0067,Transfer,Completed
5917,2025-06-12,Juice,3,1630,East,CUST0175,Cash,Pending
3400,2025-07-21,Tomato Paste,4,710,East,CUST0393,Transfer,Completed
5087,2025-03-07,Milk,3,1270,East,CUST0276,Cash,Completed
1505,2025-12-21,Yam,6,1820,South,CUST0427,POS,Returned
2303,2025-06-18,Rice,2,1920,North,CUST0239,Cash,Completed
1433,2025-08-01,Bread,2,990,East,CUST0109,Cash,Completed
5573,2025-01-23,Detergent,4,1550,North,CUST0387,Transfer,Completed
2441,2025-08-07,Juice,6,1540,South,CUST0303,POS,Completed
5262,2025-09-15,Soft Drink,7,920,North,CUST0043,Cash,Completed
5059,2025-08-23,Juice,two,1450,North,CUST0502,Transfer,Completed
5972,2025-02-24,Water,4,510,East,CUST0264,Transfer,Returned
1928,2025-10-10,Beans,1,1290,East,CUST0523,Transfer,Completed
5132,2025-02-18,Juice,6,1630,West,CUST0591,Transfer,Completed
4557,2025-12-11,Tea,2,1250,West,CUST0533,POS,Completed
1987,2025-06-13,Bread,2,1070,North,CUST0385,POS,Pending
2632,2025-09-26,Soft Drink,2,730,North,CUST0229,Transfer,Returned
1194,2025-07-11,Milk,2,1210,East,CUST0344,POS,Completed
1690,11-10-2025,Tea,1,1140,East,CUST0496,Cash,Completed
3659,,Pepper,1,710,West,CUST0342,POS,Completed
2653,2025-03-24,Detergent,7,1940,West,CUST0401,POS,Completed
3943,2025-07-18,Detergent,12,1600,South,CUST0185,,completed
1158,2025-07-08,Toothpaste,2,1150,West,CUST0440,POS,Returned
3011,2025-07-07,Tea,5,1240,North,CUST0443,Transfer,Completed
4164,2025-07-03,Tea,12,1150,North,CUST0033,Transfer,Completed
5536,2025-11-17,Water,3,520,South,CUST0583,Cash,Completed
1157,2025-02-23,Carrot,5,2k,South,CUST0230,POS,pending 
4927,2025-08-14,Butter,6,1640,East,CUST0093,Cash,Completed
3292,2025-06-14,Maggi,3,520,West,CUST0550,Cash,Completed
5018,2025-05-08,Tea,2,1060,East,CUST0416,Transfer,Completed
1394,2025-03-08,COFFEE,2,1930,,CUST0597,Cash,Pending
4137,2025-01-20,Sugar,2,1400,South,CUST0428,POS,Completed
1886,2025-05-07,Maggi,11,560,,CUST0372,Cash,Completed
3180,2025-04-18,Sugar,8,1400,East,CUST0024,POS,Completed
5084,2025-12-24,Detergent,6,1570,North,CUST0146,,Completed
1529,2025-12-10,Yam,1,1450,South,CUST0339,Transfer,Completed
2659,2025-12-30,Sugar,,1490,North,CUST0231,Cash,Completed
2402,2025-09-30,Tomato Paste,1,630,North,CUST0027,POS,Completed
5355,2025-08-19,Coffee,9,1730,West,CUST0099,POS,Completed
1723,2025-11-22,Juice,7,1640,West,CUST0464,Cash,Completed
5074,2025-01-02,Carrot,8,940,West,CUST0315,Transfer,Completed
3779,2025-08-17,Tea,8,980,North,CUST0012,POS,Completed
3210,2025-06-28,Sugar,5,1390,North,CUST0458,Transfer,Completed
3185,2025-02-28,Beans,,1580,East,CUST0119,Transfer,Completed
3421,2025-10-06,Water,5,430,West,CUST0426,POS,Completed
2602,2025-12-04,Beans,4,1670,South,CUST0256,Transfer,Completed
ORD-8921,2025-01-08,Coffee,2,2240,North,CUST0014,Transfer,Completed
5126,2025-03-04,Yam,3,1680,West,CUST0222,Transfer,Pending
2174,2025-01-19,Toilet Roll,10,1020,,CUST0059,Transfer,Completed
2097,2025-02-06,Juice,4,1340,EAST,CUST0395,POS,Completed
3393,2025-09-15,Butter,1,1750,East,CUST0417,Transfer,Completed
3429,2025-07-28,Pepper,2,710,East,CUST0286,POS,Completed
2415,2025-08-01, Maggi ,1,500,North,CUST0147,Transfer,Completed
5012,2025-12-06,Tea,4,1170,east,CUST0096,Cash,Pending
4771,2025-04-12,Soft Drink,7,890,East,CUST0455,Cash,pending 
4078,2025-08-20,Detergent,5,1700,North,CUST0283,POS,Completed
3361,2025-12-18,Carrot,5,780,North,CUST0398,Transfer,Completed
4291,2025-02-07,Coffee,12,2190,East,CUST0038,POS,Completed
1223,2025-03-05,Beans,4,1400,West,CUST0331,POS,Completed
2149,2025-10-15,Milk,3,1360,East,CUST0128,Cash,Completed
5158,2025-03-05,Cabbage,,750,South,CUST0532,Transfer,Pending
2732,2025-07-04,Toothpaste,2,1150,West,CUST0398,POS,Pending
1804,2025-04-07,Milk,9,1260,East,CUST0401,POS,Completed
4058,2025-08-31,Tomato Paste,two,630,West,CUST0434,Cash,Completed
3804,07/03/2025,Cabbage,10,870,North,CUST0485,Transfer,Completed
2988,2025-12-06,Maggi,3,510,,CUST0448,Transfer,Completed
3549,2025-09-16,Milk,3,1140,South,CUST0182,Transfer,RETURNED
2490,2025-02-10,Toilet Roll,8,1000,West,CUST0649,POS,Completed
6034,05-07-2025,Eggs,6,,West,CUST0404,Transfer,Completed
5240,2025-02-14,Eggs,3,2270,South,CUST0224,Transfer,Returned
4670,2025-02-22,Juice,3,1730,North,CUST0331,POS,
2485,2025-09-25,Butter,5,1970,North,CUST0590,POS,Completed
1454,2025-12-15,Sugar,9,1440,West,CUSTOMER-0364,Transfer,Pending
4272,2025-07-23,Milk,6,1420,South,CUST0010,Transfer,Completed
3425,2025-08-17,Toothpaste,1,1370,North,CUST0326,Transfer,Completed
5877,2025-06-11,Bread,6,960,,CUST0238,Cash,Completed
5046,2025-01-04,Toilet Roll,11,820,East,CUST0458,Transfer,Completed
3925,2025-02-18,Milk,3,1390,North,CUST0278,Cash,
2061,2025-09-27,Coffee,3,2030,South,,Cash,Completed
1481,2025-09-05,Butter,9,1640,South,CUST0452,Transfer,Completed
4948,2025-08-19,Butter,5,1730,West,CUST0055,Transfer,Completed
4634,2025-01-13,Maggi,7,520,North,CUST0390,Cash,Completed
1953,2025-02-20,Detergent,2,1720,West,,POS,Completed
4238,2025-04-07,Bread,2,1000,East,CUST0578,POS,Completed
3833,2025-05-13,Soft Drink,3,720,South,CUST0307,Transfer,Completed
4010,2025-06-04,Eggs,3,2300,South,CUST0304,Transfer,Pending
3475,2025-11-14,Toilet Roll,8,1000,North,CUST0627,Transfer,Returned
4639,2025-05-03,Groundnut Oil,12,2190,South,CUST0177,Transfer,Pending
1538,2025-11-11,Coffee,6,2130,West,CUST0457,Transfer,Completed
3000,2025-06-22,Beans,3,1580,North,CUST0505,Transfer,Returned
4396,2025-08-25,Soft Drink,12,790,North,CUST0460,POS,Completed
4835,2025-01-10,Pepper,6,810,South,CUST0631,Bank Transfer,Completed
1188,2025-08-16,Coffee,5,2130,South,CUST0240,Cash,Completed
2976,2025-02-18,Milk,10,1310,East,CUST0489,Transfer,Pending
2980,2025-09-10,Tea,5,990,West,CUST0628,Cash,Completed
2753,2025-05-15,Yam,4,1600,East,CUST0280,Cash,Completed
4405,2025-03-20,Bread,4,910,West,CUST0619,Cash,Completed
3169,2025-10-12,Pepper,10,670,East,CUST0501,Cash,Completed
4348,2025-10-11,Butter,2,1950,East,CUST0253,,Completed
2790,2025-04-10,Beans,4,1480,West,CUST0386,Transfer,Pending
2871,2025-05-10,Milk,2,1230,South,CUST0004,card,Pending
5192,2025-09-26,Toilet Roll,4,1000,South,CUST0525,Transfer,Returned
5821,2025-11-05,Detergent,1,2000,South,CUST0435,Transfer,Completed
2164,2025-07-09,Water,6,430,South,CUST0469,Transfer,Returned
5465,2025-01-01,Cabbage,1,820,East,CUST0205,Transfer,Completed
6123,2025-08-16,Beans,6,,West,CUST0625,POS,Completed
2026,2025-08-03,Yam,3,1450,East,CUST0508,Transfer,Completed
3268,2025-11-08,Soft Drink,3,910,East,CUST0436,Transfer,Completed
2939,2025-03-22,Carrot,4,830,East,CUST0033,POS,Pending
5230,2025-03-28,Beans,3,1340,South,CUST0505,Cash,Pending
3815,2025-06-24,Sugar,4,1390,North,CUST0444,Transfer,Pending
1025,2025-10-23,Juice,4,1650,South,CUST0195,Transfer,Completed
5959,2025-05-30,Toilet Roll,1,970,North,CUST0377,Transfer,Completed
4487,2025-06-04,Detergent,1,1580,West,CUST0376,Transfer,Completed
2425,2025-10-03,Butter,3,2040,West,CUST0621,Transfer,Completed
2873,2025-08-07,Beans,,1470,East,CUST0488,Transfer,Completed
1330,2025-10-14,Pepper,4,710,South,CUST0645,Transfer,Completed
1057,2025-11-07,Juice,6,1520,South,CUST0219,Cash,Pending
4744,2025-02-28,Toothpaste,8,1130,West,CUST0500,Cash,Completed
4604,2025-01-22,Butter,3,1850,South,CUST0575,Transfer,Completed
1120,2025-12-21,Soft Drink,,720,North,CUST0547,Transfer,Completed
1155,2025-02-19,Tomato Paste,6,640,West,CUST0570,Transfer,Returned
ORD-1829,2025-03-08,,2,930,South,CUST0636,Cash,Pending
1343,2025-12-01,Bread,7,920,East,CUST0461,Transfer,Pending
2881,2025-06-07,Maggi,4,560,South,CUST0457,Transfer,
1498,2025-08-20,Yam,7,1470,North,CUST0561,POS,Completed
2031,2025-01-12,Tea,2,1050,East,CUST0022,POS,Completed
2282,2025-11-22,Butter,4,1950,South,CUST0326,Cash,Completed
1195,2025-08-30, Yam ,6,1470,South,CUST0460,Cash,Pending
5650,2025-01-14,Eggs,4,2100,North,CUST0203,Cash,Returned
3822,2025-03-25,Sugar,3,1290,North,CUST0584,Cash,Completed
2604,2025-08-30,Bread,2,1040,North,CUST0424,POS,Pending
2915,2025-08-07,Butter,,1710,West,CUST0001,POS,Completed
6067,2025-04-22,Beans,2,1580,South,CUST0587,Transfer,Completed
3442,2025-03-21,Bread,4,,West,CUST0572,Cash,Completed
1925,2025-02-17,Tomato Paste,1,630,South,CUST0230,Cash,Completed
3752,2025-03-12,Bread,5,860,South,CUST0505,Transfer,pending 
4210,2025-05-27,Milk,8,1310,West,CUST0023,Transfer,Returned
5368,2025-10-29,Milk,3,1300,East,CUST0479,Transfer,Pending
4536,2025-05-30,Water,11,440,West,CUST0439,Transfer,Completed
4471,2025-12-02,Pepper,6,690,NORTH,CUST0185,POS,Pending
2745,2025-07-29,Soft Drink,2,830,South,CUST0288,Cash,Pending
1901,2025-05-17,Tea,3,1120,West,CUST0442,POS,Completed
2085,2025-05-02,Beans,9,1520,South,CUST0337,Transfer,Completed
1319,2025-07-06,Cabbage,2,810,West,CUST0564,Transfer,Completed
3191,2025-03-18,BUTTER,5,1770,East,CUST0606,Transfer,Pending
2758,2025-12-08,Milk,9,1400,East,CUST0024,POS,Pending
1181,2025-11-20,Beans,5,1300,East,CUST0572,Cash,Completed
1044,2025-10-07,Butter,1,1770,,CUST0441,Transfer,Completed
4227,2025-08-26,Juice,,1380,East,CUST0533,Transfer,Completed
4745,2025-09-06,Eggs,5,,South,CUST0199,card,
4855,2025-04-19,Coffee,4,1980,North,CUST0150,Cash,Completed
4848,2025-06-16,Eggs,7,2250,East,CUST0399,Transfer,Completed
3702,2025-01-29,Coffee,3,1940,East,CUST0088,Transfer,Completed
2566,2025-01-04,Milk,6,1340,South,CUST0533,POS,Pending
4008,2025-07-17,Beans,4,1410,South,CUST0544,POS,Completed
4830,2025-08-07,Tomato Paste,5,720,South,,Transfer,Completed
3916,2025-04-11,Detergent,5,1580,North,CUST0064,Transfer,Completed
ORD-1609,,Water,5,420,South,CUST0226,Transfer,Completed
1477,2025-05-18,Soft Drink,8,720,North,CUST0188,Transfer,Completed
4684,2025-08-24,Bread,2,880,North,CUST0068,Transfer,Returned
5714,2025-10-11,Milk,6,1250,South,CUST0415,Transfer,Returned
3308,2025-01-11,Pepper,9,630,South,CUST0400,Transfer,Completed
5089,,Maggi,5,570,South,CUST0303,Transfer,Completed
1258,2025-09-26,Toothpaste,4,1370,South,CUST0280,card,Completed
4588,2025-09-20,Rice,2,2070,West,CUST0426,Transfer,Completed
4401,2025-08-04,Tea,9,1220,west,CUST0079,Cash,Pending
2202,2025-09-20,Rice,4,1990,North,CUST0311,POS,Completed
6081,2025-05-30,Pepper,6,650,South,CUST0010,Transfer,Completed
5896,2025-01-31, Carrot ,4,790,South,CUST0550,Transfer,Completed
4361,2025-01-29,Carrot,2,820,South,CUST0464,POS,Completed
2033,2025-09-27,,11,1570,South,CUST0067,Transfer,Pending
4695,2025-12-17,Coffee,5,2040,North,CUST0328,POS,Completed
2683,06-14-2025,Butter,8,2080,West,CUST0552,Cash,Completed
4763,2025-02-06,YAM,1,1580,West,CUST0172,Transfer,Pending
2701,03/04/2025,Maggi,5,460,East,CUST0510,Transfer,Completed
4535,2025-12-25,Toilet Roll,5,860,South,CUST0284,Transfer,Completed
5751,2025-03-29,Milk,1,1130,North,CUST0133,Transfer,Completed
4437,20/11/2025, Detergent ,8,1660,South,CUST0620,POS,Completed
5507,2025-11-10,Eggs,5,2350,North,CUST0033,Transfer,Completed
5806,2025-10-24,Cabbage,4,750,South,CUST0585,POS,Completed
1508,"Feb 30, 2025",Tea,4,1270,East,CUST0192,POS,Completed
6060,"Apr 29, 2025",Pepper,10,710,South,CUST0496,Cash,Completed
1266,2025-12-07,Toothpaste,7,1310,East,CUST0539,Transfer,Completed
1179,2025-02-13,Pepper,4,650,West,CUST0449,POS,Completed
2420,2025-09-15,Juice,12,1580,South,CUST0552,Cash,Pending
4985,2025-05-03,Water,6,440,East,CUST0454,Transfer,Completed
4910,2025-04-26,Coffee,4,2020,North,CUST0454,Cash,Completed
4303,2025-07-09,Toothpaste,10,1230,North,CUST0031,POS,Pending
1077,2025-03-25,Bread,11,860,East,CUST0320,Cash,Pending
3578,2025-02-27,Rice,5,1730,North,CUST0126,Transfer,Completed
3023,2025-01-16,Pepper,1,620,East,CUST0025,POS,Completed
2657,2025-06-02,Groundnut Oil,7,2480,South,CUST0158,Transfer,Returned
6027,2025-09-21,Butter,1,2020,South,CUST0083,Cash,Completed
2068,07-23-2025,Tea,1,1050,West,CUST0335,Cash,Completed
3557,2025-04-02,Detergent,,1550,West,CUST0401,Transfer,Completed
1563,2025-03-24,Beans,3,"1,500",,CUST0149,Cash,Completed
4654,2025-10-18,Yam,3,1590,East,CUST0486,POS,Completed
2225,2025-03-16,Eggs,1,2430,West,CUST0395,Transfer,Completed
1375,2025-11-18,JUICE,1,1510,North,CUST0057,Cash,Completed
5698,,Milk,4,1350,North,CUST0487,POS,Completed
3963,2025-04-18,Milk,3,1210,South,CUST0581,Transfer,Completed
2076,2025-02-25,Toilet Roll,7,870,West,CUST0640,Transfer,Completed
1192,2025-05-20,Sugar,4,1380,South,CUST0094,POS,Completed
2336,2025-09-09,Groundnut Oil,6,2780,North,CUST0499,Transfer,Completed
2563,2025-03-31,Coffee,4,2110,West,CUST0331,Transfer,Completed
5389,2025-05-06,Rice,5,1770,South,CUST0383,POS,Completed
3015,2025-12-05,Toothpaste,5,1380,South,CUST0177,Cash,Pending
5062,2025-03-03,Toothpaste,5,1170,West,CUST0343,cash,Completed
4803,2025-03-18,Toothpaste,8,1270,South,CUST0466,POS,Completed
4758,2025-08-23,Toilet Roll,4,N/A,West,CUST0108,Transfer,return
1173,2025-11-05,Sugar,2,1470,East,CUST0182,POS,Completed
5053,2025-04-14,Toothpaste,5,1220,South,CUST0368,POS,Completed
5784,2025-07-04,Coffee,4,1830,South,CUST0115,Transfer,Completed
2353,2025-02-15,Tomato Paste,7,680,North,CUST0249,Cash,Completed
3750,2025-09-13,Eggs,4,2300,West,CUST0503,Cash,Pending
5903,2025-12-29,Water,2,520,East,CUST0235,POS,Completed
3325,2025-10-23,Rice,2,2070,North,CUST0509,POS,Completed
1310,2025-03-20, Water ,6,"1,500",East,CUST0094,POS ,Completed
5737,2025-01-23,Tomato Paste,1,620,East,CUST0192,POS,Completed
5598,2025-08-21, Carrot ,,870,North,CUST0075,POS,Returned
2512,2025-05-18,Toothpaste,1,1320,North,CUST0224,Cash,Completed
4916,2025-12-06,Water,8,440,West,CUST0614,Transfer,Completed
5935,23/04/2025,Butter,4,1950,North,CUST0482,Transfer,Completed
1398,03-18-2025,Groundnut Oil,1,2530,West,CUST0303,Cash,Pending
3286,2025-04-10,Water,1,470,West,CUST0333,Cash,Completed
3301,2025-08-11,Groundnut Oil,3,2140,East,CUST0521,POS,Completed
6009,2025-05-01,Bread,12,860,South,CUST0583,Transfer,Completed
5993,2025-10-28,Maggi,5,560,South,CUST0178,POS,Completed
1530,21/02/2025,Coffee,3,1750,West,CUST0326,Cash,Completed
3044,2025-07-08,Maggi,3,540,North,CUST0197,POS,Pending
5187,2025-07-15,Soft Drink,10,780,South,CUST0320,Transfer,Completed
5920,2025-07-01,Maggi,2,560,South,CUST0561,Transfer,Returned
3123,2025-11-12,Rice,4,1830,East,CUST0629,cash,Completed
1434,2025-10-02,Yam,8,1800,North,CUST0393,Cash,Completed
2057,2025-06-17,Sugar,8,1340,West,CUST0114,Transfer,Completed
2383,2025-05-28,Sugar,1,1410,North,CUST0409,Cash,Completed
5880,2025-04-25, Juice ,3,1460,East,CUST0182,POS,Completed
5443,2025-04-12,Cabbage,,790,South,CUST0425,Transfer,Completed
4017,2025-09-07,Juice,2,1430,West,CUST0569,Transfer,Completed
5636,2025-03-26,Detergent,5,1690,South,CUST0029,Transfer,Completed
3836,2025-08-05,Beans,8,1360,North,CUST0619,Transfer,Completed
3716,2025-07-13,Tomato Paste,5,740,West,CUST0089,Transfer,Completed
4904,,Tea,6,1260,South,CUST0388,Transfer,Completed
5232,2025-07-17,Cabbage,5,870,North,CUST0454,Cash,Completed
2585,2025-02-01,Yam,2,1520,South,CUST0476,Transfer,RETURNED
5045,2025-12-23,Milk,4,1340,North,CUST0446,Transfer,Completed
5659,2025-08-28,Eggs,2,2310,West,CUST0260,Cash,Pending
2642,2025-09-21,Water,9,440,West,CUST0262,Transfer,Pending
2148,2025-10-12,rice,4,1790,East,CUST0132,,Completed
1736,2025-02-09,Maggi,6,520,North,CUST0628,Transfer,Completed
1693,2025-08-27,Rice,5,1690,West,CUST0631,POS,Completed
2120,2025-10-08,Maggi,12,510,South,CUST0119,Cash,Completed
5359,2025-02-18,Soft Drink,4,870,West,CUST0032,,Completed
2434,2025-10-29,Toilet Roll,3,990,West,CUST0305,Cash,Completed
2935,2025-08-03,Cabbage,7,740,North,CUST0335,Transfer,Completed
5873,2025-02-02,Groundnut Oil,2,2380,South,CUST0489,POS,Completed
1614,2025-12-07,Toilet Roll,12,910,North,CUST0331,Transfer,Completed
2541,2025-09-26,Coffee,5,1740,North,CUST0382,Transfer,Completed
5060,2025-09-22,Maggi,9,560,North,CUST0190,Transfer,Returned
3058,2025-06-27,Soft Drink,2,720,North,CUST0619,Transfer,Completed
4738,2025-07-31,Water,3,430,South,CUST0157,Cash,Completed
2341,2025-06-19,Carrot,4,850,North,CUST0317,Transfer,Completed
1204,2025-01-19,Groundnut Oil,3,2140,West,CUST0043,Transfer,Completed
2709,2025-10-20,Juice,5,1590,East,CUST0548,Transfer,Returned
2791,2025-06-02,Rice,3,1700,East,CUST0030,Cash,Completed
4683,2025-11-19,Eggs,11,2380,North,CUST0152,Cash,Completed
2986,2025-03-17,Butter,6,1980,North,CUST0333,POS,Completed
3026,2025-01-14,Soft Drink,6,930,North,CUST0389,Cash,Pending
5291,2025-11-16,Eggs,6,1860,North,CUST0127,POS,Pending
3879,2025-06-01,Water,8,500,North,CUST0031,Cash,Completed
4021,2025-03-13,Beans,6,1450,West,CUST0632,Transfer,Completed
3460,2025-10-17,Beans,10,1470,East,CUST0169,Transfer,Pending
2664,2025-09-23,Soft Drink,8,850,East,CUST0617,Transfer,Pending
2974,2025-10-05,Toothpaste,9,1080,North,CUST0566,Cash,Completed
1619,2025-01-31,Water,1,480,East,CUST0129,Cash,Completed
1239,2025-01-20,Beans,2,1410,South,,Cash,Completed
4801,2025-10-30,Soft Drink,1,890,South,CUST0281,Transfer,Completed
3569,2025-07-23,Beans,4,1500,East,CUST0019,POS,Completed
4533,05-24-2025,Eggs,5,2340,South,CUST0343,Transfer,Completed
5807,2025-07-29,Soft Drink,6,720,South,CUST0230,Transfer,Completed
5148,2025-04-22,Beans,7,1280,East,CUST0415,POS,Pending
1461,2025-09-02,Tomato Paste,3,,West,CUST0383,POS,Pending
5822,2025-11-12,Water,3,420,East,CUST0253,Transfer,Returned
1287,2025-01-08,Yam,2,1490,East,CUST0491,POS,Completed
4191,2025-11-04,Soft Drink,1,740,South,CUST0303,POS,Completed
2294,2025-09-23,Rice,4,not available,North,CUST0118,POS,Completed
1340,2025-02-12,Sugar,5,1490,West,CUST0300,Transfer,Completed
1216,2025-04-13,Detergent,,1960,South,CUST0177,POS,Completed
5173,2025-03-17,Toilet Roll,2,850,East,CUST0515,Transfer,Completed
5990,2025-07-29,Butter,2,1640,South,CUST0012,POS,Completed
1134,2025-06-23,Yam,7,1620,East,CUST0145,POS,Completed
1127,2025-12-20,Tomato Paste,3,730,West,CUST0394,POS,Completed
3914,2025-06-07,Coffee,4,1780,West,CUST0326,Transfer,Completed
3282,2025-12-16,Detergent,10,1900,East,CUST0462,Transfer,Pending
1263,2025-12-08,Beans,2,1400,South,CUST0515,POS,Pending
5704,2025-06-23,Juice,2,1560,East,CUST0099,Cash,Completed
2930,2025-06-08,Sugar,3,1200,East,CUST0041,Cash,Pending
2134,2025-03-23,Maggi,12,520,North,CUST0433,Cash,Returned
1170,2025-02-15,Carrot,4,770,South,CUST0604,Transfer,Completed
4727,2025-07-07,Soft Drink,7,750,North,CUST0255,POS,Completed
3223,2025-12-09,Toilet Roll,5,860,,CUST0626,Transfer,Completed
5955,2025-08-14,Pepper,12,800,South,CUST0461,transfer,Completed
2023,2025-07-08,Yam,11,1640,West,CUST0059,Transfer,Pending
2110,2025-02-02,Eggs,3,2190,South,CUST0497,Cash,Completed
1349,2025-12-13,Coffee,4,1790,North,CUST0643,Transfer,Completed
2283,2025-12-30,Bread,7,970,South,CUST0643,POS,Pending
3664,2025-10-19,Bread,2,1050,,CUST0486,POS,
5580,2025-09-15,Soft Drink,4,740,West,CUST0265,Cash,Completed
1218,2025-03-22,Yam,,1820,West,,Cash,Completed
2651,2025-09-01,Tomato Paste,4,600,North,CUST0001,Transfer,Completed
5625,2025-04-24,Beans,4,1320,East,CUST0152,POS,Completed
4690,2025-01-06,Pepper,1,660,East,CUST0589,Transfer,Returned
5290,2025-06-18,Butter,3,1700,East,CUST0173,POS,Completed
4995,2025-02-01,Juice,6,1440,South,CUST0623,POS,Completed
2371,2025-12-04,Toilet Roll,4,820,North,CUST0603,POS,Completed
5090,2025-06-04,Yam,6,1720,East,CUST0377,Cash,Completed
3148,2025-08-05,Juice,11,N/A,North,CUST0629,Transfer,Completed
4606,2025-07-25,Pepper,3,700,North,CUST0112,Cash,Completed
5040,2025-02-13,Juice,4,1710,North,CUST0034,Cash,Completed
2704,2025-09-03,Beans,7,1650,East,CUST0533,Transfer,Completed
1001,2025-02-27,Water,1,430,West,CUST0143,Cash,Completed
5417,2025-03-01,,5,1360,North,CUST0164,Cash,Pending
2070,2025-03-29,Sugar,8,1420,West,CUST0302,Transfer,
3775,2025-10-11,Juice,2,1480,East,CUST0436,POS,Completed
3974,2025-06-23,Toothpaste,6,1070,West,CUST0187,Transfer,Completed
1653,2025-06-06,BREAD,4,840,West,CUST0551,Transfer,Completed
1648,2025-09-04,Butter,5,,West,CUST0575,Cash,Completed
4113,2025-04-23,Carrot,3,950,North,CUST0164,Transfer,Completed
4797,2025-03-06,Butter,12,1970,West,CUST0144,Transfer,Completed
1315,2025-05-09,Carrot,10,920,South,CUST0609,Cash,Completed
5396,2025-01-03,Groundnut Oil,7,,North,CUST0017,Transfer,Completed
2695,"Apr 13, 2025",,3 units,900,East,CUST0348,Cash,Completed
1704,2025-09-05,Pepper,6,720,North,CUST0147,POS,Completed
3318,2025-01-03,Toothpaste,7,1390,North,CUST0143,POS,Pending
2186,04-12-2025,Tomato Paste,4,710,East,CUST0515,Cash,Completed
4627,2025-06-20,Groundnut Oil,9,2770,North,CUST0349,Transfer,Completed
4265,2025-02-25,Detergent,3,"1,500",South,CUST0359,POS,Completed
1024,2025-02-06,Pepper,4,25,South,CUST0220,Cash,Completed
4112,2025-09-19,,1,510,South,CUST0308,Transfer,Completed
1182,2025-11-05,Maggi,8,490,West,CUST0359,Transfer,Completed
3700,2025-12-18,Bread,4,850,West,CUST0647,POS,Completed
4151,2025-06-22,Carrot,2,820,South,CUST0320,,Completed
4732,2025-03-15,Bread,3,850,North,CUST0298,Transfer,Completed
4972,2025-07-20,Toilet Roll,8,1040,North,CUST0390,Cash,Completed
1967,2025-12-11,Juice,2,1480,WEST,CUST0108,Transfer,Completed
4007,"Jun 30, 2025",Detergent,1,2010,North,CUST0482,Transfer,Completed
2857,2025-11-17,Tomato Paste,3,610,North,CUST0417,Transfer,Completed
5399,2025-03-18,Juice,2,1720,East,CUST0538,POS,Completed
2824,2025-10-25,Sugar,4,,North,CUST0300,Transfer,Completed
5341,2025-05-09,Butter,4,1750,West,CUST0432,Cash,Completed
3891,2025-05-11,Tomato Paste,4,590,Sout,CUST0377,POS,Completed
1425,2025-11-25,Milk,5,1160,South,CUST0379,Transfer,Completed
5533,2025-04-18,Soft Drink,3,760,West,CUST0468,Transfer,Pending
6053,2025-11-02,tomato paste,1,610,East,CUST0330,Cash,Completed
1956,2025-07-31,Tomato Paste,9,740,North,CUST0031,Transfer,Pending
3047,2025-09-23,Toilet Roll,2,1040,North,CUST0138,Cash,Pending
4418,2025-02-01,Coffee,4,2210,West,CUST0241,Transfer,Completed
5211,2025-07-24,Detergent,4,1790,South,CUST0500,Transfer,Completed
2473,2025-09-08,Toothpaste,5,1160,West,CUST0330,Cash,Completed
2848,2025-11-22,Carrot,5,850,East,CUST0286,Transfer,Completed
1378,2025-12-02,Toothpaste,4,1160,South,CUST0328,Transfer,
1781,2025-09-12,Detergent,2,1870,East,CUST0056,Cash,Completed
3324,2025-06-27,Toothpaste,6,1180,East,CUST0327,Transfer,Completed
2128,2025-06-13,Tomato Paste,7,720,West,CUST0533,Cash,Completed
2889,2025-03-28,Sugar,2,1410,West,CUST0038,POS,Completed
3839,2025-12-24,Yam,2,1800,North,CUST0574,Transfer,Completed
4956,2025-10-29,Cabbage,9,820,North,CUST0180,Cash,Pending
1269,2025-08-21,Beans,2,1440,East,CUST0573,Cash,
3933,99-99-2025,Coffee,6,1790,East,CUST0195,Cash,Completed
3857,2025-10-08,Bread,10,880,West,CUST0431,Transfer,Pending
5632,2025-09-17,Water,9,510,North,CUST0494,Transfer,Completed
4354,2025-02-02,Pepper,9,660,West,CUST0522,Transfer,Completed
3845,17/11/2025,Pepper,8,710,North,CUST0179,Transfer,Completed
1236,2025-07-26,Carrot,3,840,West,CUST0372,Cash,Completed
5613,2025-03-14,Beans,8,1490,,CUST0355,Transfer,Completed
5881,2025-01-27,Tomato Paste,3,690,North,CUST0386,Transfer,Completed
1376,2025-03-22,Carrot,3,770,East,CUST0234,Cash,Completed
1923,2025-12-07,Carrot,1,840,West,CUST0502,Transfer,pending 
4108,2025-10-26,Beans,10,1380,South,CUST0485,Cash,Pending
4059,2025-01-12,Yam,1,1510,West,CUST0628,Transfer,Completed
2513,2025-09-22,Bread,6,890,West,CUST0479,Cash,Completed
5261,2025-07-19,Maggi,7,480,East,CUST0439,Cash,Completed
4147,2025-11-06,Tea,1,1140,East,CUST0039,POS,Completed
2325,2025-08-09,Toilet Roll,4,810,North,CUST0379,Transfer,Completed
5558,2025-09-30, Carrot ,,810,East,CUST0089,Transfer,completed
1467,2025-07-12,Beans,8,1380,East,CUST0609,POS,Completed
5129,2025-02-05,Rice,2,1780,North,CUST0477,Transfer,Completed
4908,2025-08-30,Bread,1,970,South,CUST0498,POS,Completed
3711,2025-07-20,Toilet Roll,8,970,South,CUST0360,POS,Pending
1259,2025-08-23,Sugar,5,1460,East,,POS,Completed
1857,2025-09-24,Maggi,7,550,West,CUST0301,Cash,Completed
4890,2025-11-02,Milk,2,1420,West,CUST0116,Transfer,Completed
5181,2025-08-14,Eggs,4,2100,South,CUST0046,Cash,Completed
3386,2025-03-28,Butter,6,1820,East,CUST0056,Transfer,Completed
1324,2025-11-27,Juice,6,1490,,CUST0441,Transfer,Completed
1123,2025-05-31,Beans,3,1450,West,CUST0544,Transfer,Completed
2302,2025-02-07,Coffee,2,1920,West,CUST0322,Transfer,Completed
2465,2025-08-06,Pepper,4,620,North,CUST0470,Transfer,Completed
1910,2025-11-10,Eggs,7,2390,North,CUST0447,POS,Completed
2621,2025-04-17,Groundnut Oil,3,2410,South,CUST0204,Transfer,Completed
3541,2025-07-28,,5,,North,CUST0590,Cash,Completed
ORD-1076,2025-12-16,Rice,5,2070,North,CUST0370,Cash,Completed
4572,2025-06-04,Water,4,430,South,CUST0105,Transfer,Pending
5683,2025-02-20,Bread,4,990,North,CUST0170,Cash,Pending
2794,2025-05-26,Groundnut Oil,2,2200,East,CUST0127,transfer,Completed
5231,2025-11-01,Carrot,4,960,North,CUST0343,Cash,Completed
5195,2025-04-28,Sugar,8,1310,East,CUST0450,Transfer,Completed
4681,2025-03-27, Yam ,4,1720,West,CUST0129,Transfer,Completed
5607,2025-03-07,Maggi,8,470,South,CUST0163,Transfer,Completed
2870,2025-05-06,Carrot,4,920,,CUST0551,Transfer,Completed
2018,2025-07-16,Groundnut Oil,4,2400,East,CUST0348,Cash,Completed
3820,2025-01-05,Carrot,7,870,North,CUST0416,Transfer,Pending
2022,2025-07-03,Water,3,510,West,CUST0151,Cash,Completed
2147,2025-03-05,Water,7,420,East,CUST0186,POS,Completed
3438,2025-04-27,Groundnut Oil,6,2240,West,CUST0002,Transfer,Pending
4789,2025-07-05,Butter,3,,East,CUST0338,Transfer,Returned
5069,2025-03-26,Coffee,1,2150,East,CUST0585,POS,Pending
3322,2025-03-12,Cabbage,4,730,West,CUST0618,POS,Completed
1419,2025-02-08,Sugar,5,1530,East,CUST0347,Cash,Completed
2885,2025-07-26,Sugar,2,1310,South,CUST0281,Transfer,Completed
1033,2025-03-22,Toilet Roll,1,920,West,CUST0071,Cash,Completed
3886,2025-01-04,Detergent,1,1550,North,CUST0147,Transfer,Completed
1318,30/05/2025,Pepper,0,740,West,CUST0334,Transfer,Pending
2081,2025-06-20,Butter,2,1970,North,CUST0494,Transfer,Completed
5790,2025-05-11,Pepper,4,620,East,CUST0515,Cash,Completed
2171,2025-06-30,Toilet Roll,10,900,South,CUST0175,Transfer,Completed
4474,2025-02-09,Tomato Paste,1,700,,CUST0322,POS,Completed
1577,04-08-2025,Maggi,4,470,West,CUST0272,Transfer,Completed
1206,2025-06-19,Water,3,500,South,CUST0410,Cash,Pending
6090,2025-11-03,Carrot,5,820,West,,Cash,Completed
3727,2025-04-18,Rice,3,2110,,CUST0247,Transfer,Completed
5876,2025-10-21,Soft Drink,11,860,North,CUST0107,POS,Completed
5057,2025-09-07,Rice,,1690,South,CUST0123,Transfer,Returned
2991,2025-10-28,,4,1210, West ,CUST0461,Transfer,Pending
5987,2025-08-11,Toilet Roll,9,910,East,CUST0375,Cash,Completed
4047,2025-08-12,Maggi,6,530, South ,CUST0048,Transfer,Completed
1411,2025-06-12,Water,2,520,North,CUST0229,Cash,Pending
2154,2025-08-05,Soft Drink,1,,South,CUST0168,Transfer,Completed
4506,2025-03-06,Toilet Roll,2,810,South,CUST0365,POS,Completed
1749,2025-12-02,Eggs,5,2120,West,CUST0603,,Completed
2285,2025-11-13,Rice,6,2100,East,CUST0586,Transfer,Completed
2561,2025-06-16,Rice,5,,South,CUST0094,POS,Completed
5528,2025-05-19,TOMATO PASTE,6,710,North,CUST0042,Transfer,Returned
2545,2025-05-21,Tomato Paste,6,710,North,CUST0514,Cash,Completed
4867,2025-12-18,Bread,8,960,South,CUST0097,POS,Completed
5796,07-17-2025,Milk,8,1220,North,CUST0182,Cash,Completed
3888,2025-01-05,Coffee,2,2210,South,CUST0415,POS,Returned
2555,2025-10-20,Bread,3,1070,South,CUST0564,Transfer,Completed
2815,2025-08-02,Eggs,6,2020,East,CUST0123,Transfer,Completed
1074,2025-10-04,Rice,1,2120,West,CUST0071,POS,Completed
2207,2025-05-12,Sugar,11,,East,CUST0392,POS,Completed
4847,2025-10-08,Juice,2,1620,,CUST0479,Transfer,Completed
1342,2025-10-06,Eggs,7,2060,East,CUST0452,card,Returned
3526,2025-03-19,Sugar,5,1230,North,CUST0421,Pos,Completed
2572,2025-05-14,Coffee,3,2090,North,CUST0462,Cash,Completed
ORD-5706,2025-10-08,Tea,6,1030,West,CUST0149,POS,Completed
5005,15/08/2025,Bread,10,900,South,CUST0642,,Completed
2054,2025-07-17,Toothpaste,2,1090,South,CUST0312,Transfer,Completed
2967,2025-09-24,Soft Drink,5,730,West,CUST0485,Cash,Returned
5274,2025-03-18,Toilet Roll,3,970,North,CUST0243,Cash,Completed
3075,2025-06-01,Maggi,8,530, South ,CUST0092,POS,Completed
1679,2025-12-31,Water,7,490,East,CUST0094,Transfer,Completed
2813,2025-11-14,Rice,1,1630,North,CUST0001,Transfer,Completed
4508,2025-09-12,Eggs,5,2400,East,CUST0004,Transfer,Completed
4130,2025-10-09,Maggi,2,490,East,CUST0034,Transfer,Completed
5642,2025-12-28,Coffee,2,2120,West,CUST0187,Cash,Completed
5036,2025-02-17,Milk,5,1240,,CUST0156,Cash,Completed
3436,2025-11-04,Rice,5,1930,South,CUST0253,Transfer,Completed
2100,,Carrot,6,750,West,,Cash,Returned
3333,2025-07-05,Beans,2,1610,South,CUST0055,POS,Completed
3157,2025-02-24,Toothpaste,6,1120,east,CUST0130,Transfer,Completed
4887,2025-12-14,Pepper,2,620,West,CUST0599,POS,Completed
3090,2025-09-15,Cabbage,2,700,West,CUST0627,Transfer,Returned
4409,2025-10-20,Coffee,5,1910,East,CUST0213,Cash,Completed
1986,2025-03-28,Maggi,1,570,West,CUST0028,Cash,Completed
3414,2025-08-12,coffee,3,1970,North,CUST0403,Transfer,Completed
2997,2025-08-03,Toothpaste,5,1060,West,CUST0192,Transfer,Completed
3898,2025-10-19,Groundnut Oil,5,2230,North,CUST0387,Cash,Completed
4123,2025-05-21,Bread,5,950,,CUST0568,POS,Completed
2890,2025-02-16,Coffee,6,1800,East,CUST0257,Transfer,Returned
5068,2025-02-01,Toilet Roll,4,920, South ,CUST0446,POS,Returned
5276,2025-03-09,Eggs,5,2360,East,CUST0517,Transfer,Pending
5973,2025-07-13,Carrot,10,760,North,CUST0124,Transfer,Completed
6003,2025-05-09,Maggi,3,550,North,CUST0568,Cash,Pending
2909,2025-12-31,Butter,5,1610,West,CUST0646,Cash,Completed
3831,2025-03-30,Groundnut Oil,2,2400,South,CUST0436,Cash,Pending
5732,2025-02-06,Water,9,480,East,CUST0436,Transfer,Completed
3094,2025-04-23,Carrot,5,810,South,CUST0452,Transfer,Completed
3880,2025-09-22,Butter,4,1880,North,CUST0579,Transfer,Completed
4204,2025-08-30,Maggi,5,550,East,CUST0129,Transfer,Completed
5759,2025-06-17,Tomato Paste,8,610,,CUST0509,Transfer,Pending
3596,2025-04-15, Soft Drink ,1,760,East,CUST0228,Transfer,Completed
3682,,Cabbage,7,850,South,CUST0465,Transfer,Completed
4692,2025-05-08,Detergent,N/A,1890,North,CUST0267,Cash,Completed
1597,2025-09-26,Cabbage,7,700,North,CUST0633,Transfer,Completed
4309,2025-04-30,Water,5,490,West,CUST0019,Transfer,Completed
3529,2025-12-06,Pepper,3,720,North,CUST0100,Transfer,Completed
4787,2025-11-27,Water,3,460,West,CUST0614,,Completed
2739,2025-08-10,Toilet Roll,2,900,West,CUST0396,Cash,Completed
1647,2025-01-26,Juice,5,1430,South,CUST0514,Transfer,Completed
1811,2025-03-20,Maggi,,460,North,CUST0589,Transfer,Completed
4256,2025-09-03,Sugar,7,1350,West,CUST0262,Pos,Completed
4753,2025-07-29,Detergent,5,1870,West,CUST0297,Transfer,Completed
4496,2025-10-28,Beans,6,1320,East,CUST0528,Transfer,Completed
2466,2025-10-23,Water,4,430,East,CUST0228,POS,Completed
1649,2025-05-05,Coffee,1,2140, North ,UNKNOWN,Transfer,Completed
2643,2025-08-22,Toothpaste,6,1280,North,CUST0532,Transfer,Pending
1306,2025-09-14,Milk,6,1220,East,CUST0448,Transfer,Completed
1838,2025-12-22,Butter,2,1700,West,CUST0215,Transfer,Completed
4978,2025-04-26,Beans,8,1380,East,CUST0121,Transfer,Returned
5695,2025-10-08,Butter,2,1600,West,,Transfer,Completed
4775,2025-10-17,Maggi,6,580,,CUST0384,POS,Completed
4734,2025-10-18,Tea,8,1090,South,CUST0243,Cash,Completed
1560,2025-07-31,Tea,5,1140,West,CUST0380,Cash,Completed
2946,2025-11-10,Juice,9,1400,,CUST0466,POS,Completed
5442,2025-10-10,Toothpaste,9,1360,North,CUST0592,Cash,Pending
1735,2025-08-27,Eggs,4,2160,East,CUST0252,Cash,Completed
6025,2025-06-24,Detergent,2,1660,West,CUST0628,Cash,Completed
4881,2025-10-25,Pepper,3,640,South,CUST0218,Cash,Completed
1998,2025-12-21,Rice,2,2110,South,CUST0005,Pos,Completed
4012,2025-08-29,Pepper,8,760,South,CUST0021,POS,Completed
5530,2025-06-29,Rice,1,1700,west ,CUST0545,Cash,Completed
4641,2025-05-04,MAGGI,1,460,West,CUST0259,Transfer,Completed
4450,2025-12-26,Detergent,5,1620,North,CUST0457,Transfer,Returned
3253,2025-05-20,Bread,1,910,East,,POS,Completed
3572,2025-05-02,Toothpaste,5,1300,North,CUST0109,Cash,Completed
4561,2025-06-22,Bread,,1050,West,CUST0145,Cash,Pending
1989,2025-05-18,Bread,1,960,South,CUST0068,Cash,Completed
2964,2025-12-03,Coffee,five,2140,South,CUST0397,Transfer,Completed
3948,2025-10-07,Soft Drink,5,710,West,CUST0601,Transfer,Completed
2942,2025-08-01,Eggs,1,2360,North,CUST0152,Transfer,Completed
1993,2025-05-29,Soft Drink,6,740,East,CUST0494,Transfer,Completed
4837,2025-03-10,Sugar,6,1560,East,CUST0333,Cash,Completed
2229,2025-07-05,Rice,5,2120,East,CUST0062,POS,Completed
3052,2025-04-21,Detergent,2,1860,West,CUST0041,POS,Pending
6106,2025-09-28,Water,,460,North,CUST0519,Cash,Completed
1652,2025-02-27,Milk,6,1190,West,CUST0295,Transfer,Completed
5246,2025-09-08,Water,4,460,East,CUST0611,Transfer,Completed
4957,2025-05-27,Toothpaste,4,1070,,CUST0046,Transfer,Completed
5438,2025-11-30,Toothpaste,4,1060,East,CUST0281,Transfer,Pending
4232,2025-03-12,Milk,8,1390,East,CUST0051,POS,Completed
2973,2025-03-05,Pepper,2,660,east,CUST0238,Transfer,Completed
3954,2025-05-25,Soft Drink,6,910,West,,Transfer,Completed
1852,2025-11-01,Tea,8,1090,West,CUST0435,Cash,Completed
3768,2025-06-17,Milk,5,1260,North,CUST0010,Transfer,Completed
5199,2025-03-21,Toothpaste,2,1380,West,CUST0124,Cash,Returned
1774,2025-10-11,Carrot,2,810,East,CUST0137,Transfer,Pending
2189,2025-04-29,Water,2,450,East,CUST0523,Transfer,Completed
3351,24/12/2025,Eggs,10,2250,East,CUST0085,Cash,Completed
1889,2025-07-18,Groundnut Oil,1,2760,North,CUST0309,Transfer,Pending
1632,2025-07-17,Toothpaste,2,1230,West,CUST0584,Cash,Completed
5455,2025-10-25,Pepper,4,760,South,CUST0223,Transfer,Completed
3375,09/06/2025,Tomato Paste,2,580,West,CUST0430,Cash,Pending
3648,2025-02-13,Coffee,5,2110,North,CUST0462,Cash,Completed
4735,2025-07-13,Yam,1,1500,West,,Transfer,Completed
3786,2025-01-31,Tomato Paste,2,650,South,CUST0464,Transfer,Completed
4274,2025-04-15,Toothpaste,2,1150,West,CUST0367,Cash,Completed
2577,2025-07-27,Toilet Roll,4,1020,North,CUST0160,Cash,Completed
3469,2025-07-17,Tea,9,1100,East,CUST0264,POS,Completed
2506,2025-08-24,Carrot,1,920,West,CUST0316,POS,Completed
1244,2025-03-17,Cabbage,7,740,East,CUST0196,Transfer,Completed
4070,2025-05-11,Juice,7,1410,South,CUST0461,Transfer,Completed
4573,2025-11-21,Groundnut Oil,6,2280,,CUST0605,Cash,Pending
6039,2025-09-27,Yam,3,1850,West,CUST0388,Transfer,Complete
4723,2025-11-06,Cabbage,4,880,north,CUST0106,cash,Completed
5236,2025-06-20,Eggs,8,1990,North,CUST0287,Cash,Returned
1595,2025-04-05,Sugar,8,1240,West,,,Completed
3677,2025-06-03,Tomato Paste,1,650,West,CUST0403,Cash,Completed
1337,2025-04-06,Tomato Paste,4,670,West,CUST0569,Transfer,Completed
1393,2025-10-09,Toothpaste,3,1210,West,CUST0125,,Pending
4967,2025-08-25,Butter,2,1900,West,CUST0175,Cash,Pending
5061,2025-09-05,Maggi,11,,South,CUST0470,Transfer,Completed
2464,2025-03-19,Soft Drink,1,840,South,,POS,Pending
2781,2025-06-24,Yam,6,1770,West,CUST0379,Cash,Completed
4921,2025-10-21,Cabbage,7,840,South,CUST0389,Cash,Completed
1387,2025-03-08,Maggi,2,480,North,CUST0403,Cash,Completed
3456,2025-10-30,Tea,3,1140,North,CUST0190,Transfer,Pending
4814,2025-11-26,Juice,7,1430,South,CUST0276,Cash,Completed
3267,2025-11-21,Butter,2,1800,North,CUST0056,Transfer,Completed
5696,2025-02-02,Sugar,7,1280,South,CUST0201,POS,Completed
4675,2025-12-29,Tomato Paste,7,660,North,CUST0305,Transfer,Completed
5394,2025-07-14,Tea,5,1230,South,CUST0361,POS,Completed
1280,2025-09-24,Maggi,2,480,East,CUST0571,POS,Pending
5971,2025-12-21,Tomato Paste,7,660,North,CUST0200,Cash,Completed
5513,2025-01-18,Coffee,3,1870,East,CUST0050,Transfer,Completed
2077,2025-03-03,Tomato Paste,2,590,North,CUST0178,Transfer,Completed
4637,2025-08-28,Carrot,1,900,South,CUST0148,Transfer,Completed
2231,2025-03-02,Butter,11,1940,South,CUST0027,Cash,Completed
3345,,Groundnut Oil,6,2380,South,CUST0635,Transfer,Completed
1715,2025-05-13,Soft Drink,9,790,North,CUST0333,,Completed
4554,2025-01-02,Cabbage,4,820,East,CUST0493,POS,Completed
3642,2025-11-25,Rice,11,2050,East,CUST0109,POS,Pending
1484,2025-10-13,Butter,9,1890,East,CUST0161,Cash,Completed
1483,2025-02-18,Soft Drink,4,870,South,CUST0355,Cash,Completed
4558,,Toilet Roll,3,940,North,CUST0451,Transfer,Completed
5755,2025-06-19,Juice,7pcs,1510,South,CUST0372,POS,Completed
2444,21/08/2025,Eggs,5,2150,East,CUST0323,POS,Completed
3617,2025-10-03,,1,2000,North,CUST0591,Transfer,Pending
3365,2025-06-07,Yam,5,1840,North,CUST0231,transfer,Completed
3756,2025-01-19,Butter,3,1810,Noth,CUST0472,Transfer,Pending
2554,2025-07-12,Coffee,9,1790,East,CUST0100,Transfer,Completed
4780,2025-04-11,Butter,7,,North,CUST0539,Transfer,Completed
1370,03-21-2025,Tea,5,1090,East,CUST0318,Cash,Completed
1016,2025-01-02,Groundnut Oil,10,2700,North,CUST0513,POS,Completed
5888,2025-07-31,Sugar,4,1400,West,CUST0126,POS,Completed
1401,2025-09-06,Toothpaste,3,1250,North,CUST0398,Transfer,Completed
2153,2025-04-21,Yam,10,1680,West,CUST0606,Transfer,Completed
5545,2025-12-25,Water,3,450,East,CUST0135,Transfer,Completed
2142,2025-12-04,Maggi,1,500,South,CUST0282,Cash,Completed
4196,2025-05-03,Juice,5,1410,,CUST0502,Cash,Completed
4105,2025-04-20,Bread,2,1030,North,CUST0344,POS,Completed
5498,2025-07-15,Carrot,7,860,East,CUST0339,Transfer,Completed
5622,2025-02-20,Water,2,430,West,CUST0256,,Completed
3352,2025-10-17,Pepper,3,800,East,CUST0162,POS,Completed
4383,2025-05-15,Tomato Paste,4,730,South,CUST0321,Transfer,Returned
1729,2025-07-04,Cabbage,8,720,West,CUST0138,Transfer,Completed
1950,17/05/2025,Toothpaste,9,1340,East,CUST0052,POS,Completed
2228,2025-10-25,Milk,6,"1,500",West,CUST0090,Transfer,Completed
4301,2025-10-17,Pepper,5,640,North,CUST0638,Cash,Completed
6041,2025-05-27,Maggi,4,570,,CUST0378,Cash,Pending
5510,2025-01-24,Pepper,8,760,East,CUST0600,Cash,Pending
1580,21/05/2025,Juice,4,1730,North,CUST0408,Transfer,Completed
1076,2025-04-22,Juice,4,1430,North,CUST0172,Cash,Returned
4528,2025-09-22,Toilet Roll,4,950,South,CUST0340,Transfer,Completed
4019,2025-12-20,Cabbage,4,900,East,CUST0587,Transfer,Completed
2262,2025-05-10,Eggs,5,1900,East,CUST0281,Transfer,pending 
5686,2025-01-04,Soft Drink,2,730,,CUST0520,Transfer,RETURNED
4090,2025-09-21,Bread,2,1020,North,CUST0515,Transfer,Completed
6062,2025-06-03,Rice,6,1930,East,CUST0263,Transfer,Pending
4357,2025-09-05,Tomato Paste,2,580,West,CUST0579,Cash,Completed
1260,2025-03-31,TEA,5,1160,South,CUST0438,Cash,Completed
3146,2025-08-02,Tomato Paste,1,630,South,CUST0461,Cash,Completed
1087,2025-07-27,,6,1880,North,CUST0485,Cash,Completed
1189,2025-04-10,Detergent,3,2000,South,CUST0473,POS,Pending
3744,2025-01-24,Carrot,11,980,North,CUST0161,Transfer,Completed
4344,2025-06-09,,3,1570,West,CUST0129,POS,Completed
1220,03-08-2025,Toothpaste,5,1080,North,CUST0408,POS,Completed
1853,,Juice,unknown,1650,South,CUST0365,,pending 
4794,2025-12-18,Maggi,10,570,South,CUST0490,Transfer,Completed
3088,2025-09-18,Yam,,1810,East,CUST0169,Cash,Completed
5678,2025-09-30,Butter,11,2040,North,CUST0055,Transfer,Completed
2968,2025-03-03,Pepper,5,620,North,CUST0252,Transfer,Pending
5676,2025-09-04,Toilet Roll,2,1020,North,CUST0292,Cash,Completed
4633,2025-08-22,Juice,2,1480,West,CUST0304,Cash,Completed
2952,2025-06-06,Water,7,480,South,,Transfer,Completed
3512,2025-02-09,Juice,7,1360,East,CUST0089,POS,Completed
2750,2025-04-11,Maggi,11,,East,CUST0364,Cash,Pending
2429,2025-09-21,,8,2050,South,,Transfer,Completed
6107,2025-12-02,Carrot,8,860,West,,POS,Completed
3484,2025-03-06,Butter,1,1590,North,CUST0285,Cash,Pending
2591,2025-09-07,Sugar,1,1530,South,CUST0508,Transfer,Completed
1406,2025-10-16,Juice,2,1720,South,CUST0556,Transfer,Completed
1148,2025-07-05,Groundnut Oil,4,2190,West,CUST0630,Transfer,Pending
6144,2025-02-13,Yam,3,1760,North,CUST0594,Transfer,Completed
1721,,Toothpaste,7,1120,South,CUST0072,Cash,Completed
3488,2025-10-12,,10,2130,East,CUST0588,Cash,Returned
2406,2025-05-21,Maggi,,,North,CUST0346,Cash,Completed
1712,2025-11-19,Juice,8,1610,North,CUST0320,Transfer,Completed
4589,2025-05-16,Juice,6,1660,West,CUST0519,POS,Completed
2929,2025-01-17,Sugar,2,1560,North,CUST0366,Cash,Completed
3813,2025-08-09,Beans,4,1430,West,CUST0214,POS,Completed
4746,2025-07-20,Detergent,5,1950,North,CUST0311,Transfer,Completed
2367,2025-08-28,Butter,8,1820,East,CUST0163,Transfer,Pending
5476,2025-03-13,Cabbage,1,880,North,CUST0616,Transfer,Completed
5772,2025-05-04,Juice,9,1520,South,CUST0511,POS,Pending
3787,2025-08-21,Sugar,8,,North,CUST0365,POS,Completed
1791,2025-08-08,Rice,6,1760,North,CUST0445,Cash,Pending
5473,"Apr 25, 2025",Groundnut Oil,3,2470,East,CUST0511,POS,Completed
1458,2025-08-23,Juice,2,1680,West,CUST0083,Cash,Completed
3402,2025-06-03,Eggs,6,2110,South,,POS,Completed
1265,2025-09-02,Butter,2,1960,North,,Cash,Pending
3312,2025-08-03,Tomato Paste,5,630,West,CUST0387,Cash,Completed
5271,2025-09-22,Cabbage,2,880,North,CUST0542,POS,Pending
2721,2025-09-23,Butter,12,1820,East,CUST0115,Transfer,Pending
1435,2025-01-20,Detergent,2,1740,South,CUST0040,Transfer,Pending
3012,2025-08-31,Sugar,3,1250,East,CUST0546,Transfer,Pending
2140,2025-11-29,,3,900,West,CUST0643,Cash,Completed
5467,2025-11-02,Coffee,,1950,South,CUST0134,Cash,Completed
4468,2025-02-08,Milk,3,1260,West,CUST0213,Transfer,Completed
3153,2025-12-16,Sugar,2,1300,South,CUST0396,Cash,Returned
4655,2025-06-03,Yam,,1410,West,CUST0188,Cash,Completed
2913,2025-05-17,Water,2,490,West,CUST0096,Cash,Completed
4199,2025-06-08,Soft Drink,1,800,West,CUST0233,Transfer,
3031,2025-09-22,Carrot,3,,South,CUST0577,Transfer,Completed
4993,2025-05-29,,5,2150,East,CUST0590,Transfer,Completed
4860,2025-10-25,Cabbage,9,720,South,CUST0139,Transfer,Pending
2454,2025-07-29,Tea,1,1210,North,CUST0326,Transfer,Pending
2771,2025-07-03,Groundnut Oil,6,2430,South,CUST0308,POS,Completed
1421,2025-06-19,Bread,2,890,North,CUST0289,Bank Transfer,Completed
4285,2025-06-08,Rice,8,1900,East,CUST0178,Cash,Returned
2631,2025-06-19,Rice,1,1870,West,CUST0418,Transfer,Completed
5155,2025-08-21,Carrot,9,990,South,CUST0442,Transfer,Pending
5887,2025-11-20,Tea,4,1030,North,CUST0286,Cash,Completed
1232,2025-07-16,Yam,8,1600,West,CUST0336,POS,Completed
1190,2025-09-28,Toilet Roll,4,not available,West,CUST0620,Transfer,Completed
2477,2025-12-13,Yam,3,1550,North,CUST0578,Cash,Completed
5222,"Jun 6, 2025",Tomato Paste,2,600,North,CUST0522,POS,Completed
1806,2025-01-12,Water,3,520,West,CUST0486,Transfer,Completed
2170,2025-03-28,Groundnut Oil,6,2700,West,CUST0180,Transfer,Pending
4294,2025-08-31,Coffee,12,2120,North,CUST0030,POS,Completed
3458,2025-02-19,Detergent,2,1860,West,,Transfer,Completed
4721,12-11-2025,Bread,6,1070,South,CUST0159,Cash,Completed
3628,2025-11-17,Rice,3,1790,South,CUST0093,Transfer,Returned
1707,2025-12-04,Toilet Roll,6,800,North,CUST0215,Transfer,Completed
3216,2025-05-10,Bread,1,1040,North,CUST0600,Transfer,Completed
2083,2025-01-11,Coffee,5,2210,North,CUST0243,Cash,Completed
5770,2025-08-03,Coffee,6,2190,East,CUST0186,Cash,Completed
4762,2025-02-24,Soft Drink,6,790,North,CUST0092,Transfer,Completed
4529,2025-03-27,Juice,3,,West,CUST0163,Cash,Completed
5116,2025-08-19,Yam,4,1670,West,,Transfer,Pending
4187,2025-01-15,Juice,3,1670,South,CUST0016,Transfer,
1768,2025-09-25,Maggi,4,530,West,CUST0594,Transfer,Completed
3606,2025-10-28,Soft Drink,5,880,East,CUST0115,Transfer,Completed
4228,2025-01-13,Groundnut Oil,2,2550,West,CUST0096,Transfer,Completed
5128,2025-03-27,Rice,5,2030,South,CUST0198,POS,Completed
6129,2025-01-04,Yam,4,1730,West,,POS,Completed
3500,2025-04-23,Rice,2,1840,South,CUST0070,Cash,Completed
4322,2025-08-24,Maggi,4,510,East,CUST0521,POS,completed
5995,2025-06-21,Sugar,6,1210,East,CUST0495,POS,Returned
2679,06/05/2025,,8,1960,West,CUST0149,Transfer,Completed
4617,2025-03-04,Carrot,1,790,East,CUST0312,Transfer,Pending
1094,2025-01-28,Maggi,2,550,North,CUST0088,POS,Completed
5270,2025-01-03,Pepper,1,640,East,CUST0545,Transfer,Completed
6130,23/06/2025,Cabbage,,790,South,CUST0535,Transfer,Completed
5411,2025-01-01,Sugar,9,1250,East,CUST0500,Transfer,Completed
3643,2025-01-18,Eggs,2,,East,CUST0520,Cash,Completed
6016,2025-06-26,Soft Drink,8,770,South,CUST0298,Cash,Completed
1646,2025-09-16,Juice,1,1500,South,CUST0152,Transfer,Completed
5848,2025-09-30,Water,4,520,East,CUST0363,Cash,Completed
5407,2025-05-07,Groundnut Oil,,2270,South,CUST0393,POS,Pending
3275,2025-08-17,Eggs,2,2270,North,CUST0169,Cash,Completed
3939,2025-12-17,Groundnut Oil,6,2220,East,,Transfer,Pending
1247,,Toothpaste,7pcs,1280,North,CUST0625,Cash,Returned
3040,2025-10-20,Toilet Roll,5,960,North,CUST0418,Transfer,
3279,2025-09-15,Coffee,3,1850,North,CUST0049,Transfer,Returned
3079,2025-07-28,Beans,,1290,South,CUST0159,Transfer,
3754,2025-01-24,Water,7,500,South,CUST0165,Transfer,Completed
2340,2025-05-21,Bread,8,1020,South,CUST0540,Transfer,Pending
3343,2025-04-10,Toilet Roll,5,1040,North,CUST0234,Transfer,Returned
2594,2025-08-30,Toilet Roll,2,870,West,CUST0585,Cash,Completed
2945,2025-04-14,Toilet Roll,2,880,North,CUST0544,Transfer,Completed
5221,2025/99/01,Sugar,5,1340,East,CUST0186,POS,Completed
4173,2025-11-09,Toothpaste,,1190,North,CUST0510,POS,Completed
4941,11/03/2025,Soft Drink,6,830,West,CUST0426,POS,Pending
3895,2025-09-28,Soft Drink,4,840,West,CUST0382,Cash,Completed
3561,2025-01-12,Soft Drink,4,840,West,CUST0633,Transfer,Completed
3163,2025-08-21,Maggi,3,530,West,CUST0105,Transfer,Completed
1536,2025-01-19,Tea,5,1140,South,CUST0153,Transfer,Completed
1897,2025-04-12,Yam,7pcs,1570,South,CUST0387,POS,RETURNED
4571,2025-03-02,Water,7,450,West,CUST0219,Cash,Completed
2927,2025-03-23,Pepper,5,730,East,CUST0104,Transfer,Pending
1658,2025-04-06,Milk,2,1440,East,CUST0041,Transfer,Completed
2841,2025-04-21,Groundnut Oil,,2180,West,CUST0608,POS,Pending
3810,2025-08-25,Juice,5,1430,West,CUST0384,Cash,Completed
5522,2025-05-13,Toilet Roll,10,1030,South,CUST0571,Cash,Completed
5564,2025-09-18,Milk,8,1230,West,CUST0443,POS,Pending
1884,2025-05-01,Cabbage,10,730,East,CUST0180,Transfer,Completed
2399,2025-01-19,Butter,11,1940,South,CUST0117,Transfer,Pending
3316,2025-08-21,Juice,9,1330,West,CUST0130,Transfer,Completed
6007,2025-01-18,Pepper,5,760,East,CUST0348,,Returned
2368,2025-04-18,Toilet Roll,,970,South,CUST0526,Transfer,Completed
5343,,Bread,1,1090,South, CUST0564 ,Cash,Completed
1014,"Nov 2, 2025", Tomato Paste ,1,640,South,CUST0542,Transfer,Completed
1753,2025-02-14,Bread,8,870,West,CUST0114,Cash,Completed
5452,2025-04-21,Sugar,5,1390,,CUST0529,Transfer,Completed
3826,2025-10-22,Milk,2,1230,West,CUST0552,Cash,Completed
4747,2025-05-13,Sugar,6,1240,South,CUST0196,Cash,Completed
4392,2025-08-18,Soft Drink,5,720,West,CUST0139,Transfer,Completed
4663,2025-09-10,Toilet Roll,2,850,West,CUST0408,Cash,Completed
4532,2025-09-15,Detergent,1,2010,North,CUST0332,Bank Transfer,Completed
2680,2025-11-10,Rice,4,1860,West,CUST0423,Transfer,Completed
3758,2025-12-07,Detergent,6,1650,South,CUST0326,,Completed
5603,2025-06-06,Soft Drink,5,800,West,CUST0607,Transfer,Pending
4414,2025-06-18,Tea,6,1200,,CUST0429,Transfer,Completed
2599,2025-05-21,Groundnut Oil,1,2590,,CUST0263,transfer,Completed
2940,2025-04-06,Cabbage,7,790,South,CUST0332,Transfer,Pending
3681,2025-01-01,Pepper,8,770,East,CUST0063,Transfer,Completed
3741,2025-08-15,Cabbage,6,760,South,CUST0635,Cash,return
3907,2025-08-29,Toothpaste,2,1250,South,CUST0336,POS,Completed
2380,2025-09-14,Detergent,five,1840,West,CUST0069,Transfer,Completed
5135,2025-01-09,Carrot,,970,East,CUST0615,Transfer,Completed
5766,2025-11-03,Toilet Roll,4,920,South,CUST0148,Cash,Completed
2463,13/02/2025,Eggs,1,2140,South,CUST0021,Transfer,Pending
2103,2025-08-07,Sugar,3,1300,South,CUST0601,Transfer,Completed
3252,2025-01-22,Water,5,520,EAST,CUST0411,Cash,Completed
4057,2025-04-29,Butter,5,1740,North,CUST0366,Transfer,Completed
2095,2025-03-11,Pepper,6,650,West,CUST0005,Transfer,Completed
2059,2025-09-01,Maggi,2,520,North,CUST0602,Transfer,Completed
3010,2025-06-01,Butter,3 units,1920,West,CUST0634,Transfer,Completed
1887,2025-01-11,Yam,5,1810,East,CUST0056,Cash,Pending
4845,2025-12-05,Yam,6,1680,West,CUST0047,Transfer,Pending
2596,2025-11-01,Water,7,490,North,CUST0235,POS,Completed
5258,2025-01-06,Tea,2,1130,North,,Transfer,Returned
1542,2025-05-15,Eggs,5,2180,South,CUST0388,Transfer,Completed
2327,2025-12-15,Bread,1,900,East,CUST0225,Transfer,Pending
ORD-3218,2025-04-11,Soft Drink,,860,,CUST0233,POS,Completed
2878,2025-04-23,Pepper,2,810,South,CUST0209,Cash,Completed
2314,2025-06-05,Beans,1,1410,South,CUST0277,Cash,Returned
4564,2025-05-10,Water,4,500,North,CUST0630,POS,Completed
3552,2025-06-28,Coffee,9,1970,East,CUST0542,Cash,Completed
4550,2025-03-20,Maggi,7,490,East,CUST0175,POS,Pending
3544,2025-10-04,Sugar,3,1390,West,CUST0099,Transfer,Completed
6068,2025-06-16,Carrot,5,920,South,CUST0502,Transfer,Completed
4403,2025-09-01,Coffee,6,2040,North,CUST0381,Cash,Completed
3622,2025-02-10,Juice,1,1720,West,CUST0588,POS,
5348,2025-10-25,Groundnut Oil,3,2210,East,CUST0541,Transfer,Completed
6036,2025-03-14,Yam,2,1500,West,CUST0631,Transfer,Completed
3531,2025-12-27,Coffee,8,1750,East,CUST0182,,Completed
2049,2025-08-28,Toothpaste,6,1210,East,CUST0321,POS,Completed
4792,2025-11-17,Soft Drink,4,740,East,CUST0237,Transfer,Completed
2510,2025-12-18,Water,8,400,South,CUST0160,Cash,Completed
2475,2025-03-04,Toilet Roll,2,900,East,CUST0040,POS,Completed
1351,2025-02-17,Rice,6,1870,North,CUST0065,POS,Completed
4912,2025-01-01,Juice,1,1520,East,,Cash,Completed
5131,2025-03-01,Juice,2,1490,North,CUST0038,POS,Completed
4072,2025-01-15,Tea,7,1100,North,CUST0031,Cash,Completed
2496,2025-11-17,Eggs,1,2180,East,CUST0483,POS,Completed
ORD-8347,2025-09-21,Groundnut Oil,2,2750,North,CUST0606,POS,Completed
1227,2025-05-16,Juice,6,1640,South,CUST0633,Cash,Completed
2918,2025-05-13,Detergent,5,1810,North,CUST0647,Cash,Completed
4472,2025-07-30,Butter,4,1600,East,CUST0038,Transfer,Completed
4729,2025-06-27,Toilet Roll,4,980,West,CUST0246,POS,Completed
4959,2025-04-18,Sugar,6,1530,West,CUST0443,POS,Completed
4298,2025-03-23,Juice,2,1500,South,CUST0528,POS,Completed
2456,2025-08-18,Yam,4,1660,West,CUST0549,Transfer,Completed
5715,2025-05-08,Detergent,3,2020,West,CUST0241,POS,Complete
2113,2025-06-22,Tomato Paste,3,730,North,CUST0246,POS,Completed
1455,2025-06-19,Tomato Paste,3,680,South,CUST0121,Cash,Pending
4379,2025-04-22,Butter,,2050,North,CUST0390,POS,Completed
2972,2025-11-05,Toilet Roll,5,820,East,CUST0098,POS,Completed
4591,2025-11-17,Eggs,6,2040,West,CUST0387,Transfer,Completed
2825,2025-12-12,Detergent,5,1720,South,CUST0089,Cash,Pending
4216,2025-07-18,Rice,7,1710,South,CUST0403,Transfer,Completed
2137,2025-08-15,Butter,6,1730,West,CUST0215,,Completed
4854,2025-08-27,Butter,2,2040,North,,POS,Pending
4947,2025-05-10,Soft Drink,4,900,West,CUST0105,Transfer,Completed
1191,2025-09-04,Water,,470,East,CUST0529,POS,Completed
2987,2025-12-15,Toilet Roll,3,960,West,CUST0212,Transfer,Completed
6033,2025-12-31,Beans,9,1310,East,CUST0303,Transfer,Completed
4907,"Feb 13, 2025",Rice,5,1670,North,CUST0570,Transfer,Completed
3749,2025-06-18,Soft Drink,2,830,East,CUST0004,Transfer,Pending
5268,2025-05-21,Carrot,7,950,West,CUST0475,Transfer,Completed
3422,2025-06-08,Pepper,2,770,South,CUST0581,Transfer,Completed
4666,2025-01-04,Groundnut Oil,1,2140,East,CUST0580,Transfer,Completed
5332,2025-11-05,Butter,1,1720,South,CUST0303,POS ,Completed
1871,,Milk,1,1220,East,CUST0581,POS,Completed
4221,2025-07-31,Rice,5,2130,South,CUST0335,Transfer,Returned
4006,2025-12-07,Detergent,9,2000,North,CUST0336,POS,
2787,2025-12-31,Eggs,2,2350,East,CUST0486,Transfer,Completed
5774,2025-11-13,Pepper,8,660,East,CUST0629,Transfer,Pending
4465,2025-10-28,Butter,3,1680,South,CUST0260,POS,Pending
2536,2025-05-13,Juice,2,1660,south,CUST0446,Transfer,Completed
3574,2025-06-26,Maggi,6,₦1200,South,CUST0105,Cash,Pending
1108,2025-07-05,Toilet Roll,5,920,South,CUST0053,Transfer,Completed
1479,2025-03-09,Bread,6,850,West,CUST0107,Transfer,Completed
5353,2025-01-04,Coffee,3,2100,North,CUST0310,Transfer,Completed
2305,2025-02-08,Maggi,5,530,South,CUST0326,POS,Completed
5234,2025-05-10,Butter,1,1770,EASTERN,CUST0508,Transfer,Completed
4512,2025-03-16,Bread,5,860,North,CUST0191,POS,Pending
4081,2025-03-07,Detergent,3,1570,North,CUST0391,POS,
2723,08-15-2025,Butter,5,1600,West,CUST0216,Cash,Completed
5392,2025-05-07,Carrot,4,910,East,CUST0339,Cash,
5933,2025-09-28,Cabbage,6,800,North,CUST0543,Transfer,Completed
3175,2025-03-10,Bread,7,940,East,CUST0562,Transfer,Completed
5645,2025-08-21,Tea,5,1040,SOUTH,CUST0424,Transfer,Completed
4565,2025-12-04,Milk,3,1290,West,CUST0178,Transfer,Completed
4464,2025-11-10,Carrot,3,820,West,CUST0293,POS,Completed
3033,2025-07-12,Juice,6,1550,East,CUST0641,Cash,Completed
5863,2025-01-09,Yam,5,1660,South,CUST0564,Transfer,Completed
5975,2025-03-21,BREAD,8,990,South,CUST0106,Transfer,Completed
2837,2025-09-13,Beans,3,1290,South,CUST0393,POS,Completed
1464,2025-08-22,Yam,6,1680,North,CUST0445,POS,Returned
5992,2025-09-30,Cabbage,4,860,North,CUST0095,Transfer,Completed
3504,2025-03-29,Detergent,2,1650,West,CUST0048,Transfer,Completed
3657,2025-01-17,Beans,5,1590,West,CUST0401,POS,Completed
4761,,Groundnut Oil,3,2530,South,CUST0004,Cash,Completed
5198,2025-07-25,Carrot,1,,South,CUST0387,POS,Completed
2403,2025-05-15,Pepper,7,15000,East,CUST0350,Cash,Completed
1517,2025-08-17,Toilet Roll,,870,West,CUST0329,Cash,Returned
2037,2025-11-11,Maggi,1,510,North,CUST0511,Cash,Completed
4435,2025-06-18,Toothpaste,3,1210,West,CUST0349,POS,Completed
5647,2025-03-21,,2,1810,East,CUST0017,Cash,Completed
1671,2025-01-08,Tomato Paste,9,740,West,CUST0208,POS,Completed
2495,2025-01-18,Eggs,5,2230,South,CUST0045,POS,Completed
5323,2025-05-14,Tomato Paste,5,740,North,CUST0220,POS,Pending
4869,2025-03-22,Juice,2,1400,North,CUST0290,Transfer,Pending
1494,2025-12-11,Water,5,490,South,CUST0469,Cash,Returned
3410,2025-12-08,Carrot,1,870,West,CUST0252,Transfer,Completed
1335,2025-12-28,Maggi,7,570,East,CUST0138,Transfer,Completed
5543,2025-01-31,Soft Drink,4,740,South,CUST0088,POS,Returned
3835,2025-08-26,Sugar,4,1530,North,CUST0489,POS,Pending
1235,2025-12-11,Water,4,460,East,CUST0442,Transfer,Completed
4932,2025-03-21,,3,2420,South,CUST0138,Transfer,Pending
2640,2025-03-24,Coffee,4,1720,South,CUST0496,POS,Completed
3844,2025-02-02,Eggs,6,2420,East,CUST0610,Transfer,Completed
2742,2025-01-28,,3,1670,North,CUST0208,Cash,Returned
2772,2025-04-27,Tea,5,980,North,CUST0420,Cash,Completed
4826,2025-12-20,Tea,1,1030,East,CUST0463,Transfer,Completed
4305,2025-02-05,Juice,10,1380,North,CUST0406,Transfer,Completed
2783,2025-09-01,Water,7,470,North,CUST0200,Bank Transfer,Returned
2809,2025-04-16,Bread,2,990,North,CUST0220,POS,Pending
5334,2025-11-14,Soft Drink,4,unknown,North,CUST0221,Transfer,Returned
2829,2025-01-03,Juice,3,1550,West,CUST0233,Cash,Pending
6092,2025-05-06,Toilet Roll,2,790,East,CUST0564,POS,Completed
3205,2025-02-16,Eggs,4,2100,East,CUST0558,Transfer,Completed
2735,2025-08-16,Groundnut Oil,10,2420,North,CUST0334,Cash,Completed
1520,2025-06-19,Groundnut Oil,1,2160,,CUST0258,Cash,Completed
2735,2025-08-16,Groundnut Oil,10,2420,North,CUST0334,Cash,Completed
1503,2025-12-16,Yam,3,1780,North,CUST0209,POS,Completed
2862,2025-06-05,Pepper,8,730,North,CUST0482,Cash,
3204,2025-04-17,Beans,1,1650,South,CUST0568,Transfer,completed
4503,2025-02-12,Maggi,10,570,East,CUST0024,,Completed
4697,2025-06-21,Coffee,4,1850,East,CUST0227,Transfer,Returned
3306,01-18-2025,Bread,1,1030,East,CUST0469,POS,Completed
1457,2025-06-02,Toilet Roll,4,1010,West,CUST0141,POS,Completed
2437,2025-06-10,Soft Drink,1,770,East,CUST0295,Transfer,Completed
1607,07-31-2025,Eggs,2,1890,West,CUST0297,Transfer,Completed
5398,2025-03-16,Yam,8,1760,South,CUST0267,Cash,Completed
2124,2025-10-22,Coffee,7,2040,North,CUST0387,POS,Completed
2017,2025-07-25,Cabbage,1,850,West,CUST0614,POS,Completed
2318,2025-10-13,Carrot,8,810,West,CUST0080,Transfer,Completed
1186,2025-06-01,Milk,8,,East,CUST0345,POS,Completed
3176,2025-05-16,Beans,7,1470,South,CUST0532,Cash,Pending
2855,2025-10-11,Cabbage,5,800,East,CUST0150,Cash,Pending
1843,,Toilet Roll,1,1000,East,CUST0542,Transfer,Completed
2926,2025-07-22,Detergent,,1740,West,CUST0294,Transfer,Pending
5111,2025-02-16,Eggs,4,2100,East,CUST0632,Cash,Completed
4497,2025-06-01,Tea,1,990,South,CUST0091,Transfer,Completed
4819,2025-10-14,Water,2,450,West,CUST0114,Transfer,Completed
4289,2025-09-20,Rice,7,1670,West,CUST0440,Cash,Completed
2713,2025-05-29,Bread,1,,North,CUST0182,POS,Pending
2956,2025-07-05,Sugar,1,1540,North,CUST0556,Cash,Completed
5908,2025-01-23,Tomato Paste,6,720,West,CUST0399,POS,Completed
3759,2025-04-06,Rice,8,1780,East,CUST0309,Cash,Completed
3616,2025-06-24,Toilet Roll,,1010,East,CUST0084,Cash,Completed
3729,2025-07-18,Water,8,420,North,CUST0632,POS,Returned
2628,2025-12-22,Butter,4,1600,West,CUST0301,Transfer,Completed
2960,2025-07-18,Sugar,7,1390,North,CUST0019,POS,Completed
6084,2025-02-08,Yam,3,1620,West,CUST0623,POS,Completed
4080,2025-08-11,Carrot,8,780,South,CUST0054,Transfer,Completed
4950,2025-05-26,Sugar,3,1520,North,CUST0429,Transfer,Completed
5310,2025-08-26,Eggs,5,1960,, CUST0507 ,Cash,Completed
1075,2025-05-07,rice,2,1640,West,,Transfer,completed
5714,2025-10-11,Milk,,1250,South,CUST0415,Transfer,Returned
3025,2025-08-13,BREAD,7,980,North,CUST0059,cash,Completed
3061,11-07-2025,Tea,5,1010,West,CUST0463,Transfer,Completed
4925,2025-07-25,Toilet Roll,2,980,North,CUST0455,Transfer,Completed
4840,2025-02-14,Bread,2,920,West,CUST0333,Transfer,Completed
4037,2025-02-06,Eggs,5,2110,South,CUST0322,Transfer,Completed
5472,2025-03-01,Carrot,5,,South,CUST0523,POS,Completed
5852,2025-07-17,Yam,2,1550,South,CUST0014,Transfer,Completed
4067,2025-09-07,Water,3,510,East,CUST0435,Transfer,Completed
3640,2025-11-11,Eggs,4,2300,North,CUST0360,Transfer,Completed
5835,2025-06-13,Eggs,4,2340,South,CUST0405,Transfer,Pending
3376,2025-12-22,Rice,2,1820,West,CUST0080,Transfer,Returned
5783,2025-08-12,Beans,5,1610,West,CUST0354,Transfer,Completed
5824,2025-03-30,Beans,6,1520,East,CUST0231,Cash,Completed
1962,,Toothpaste,3,1300,West,CUST0533,POS,Completed
2660,2025-11-03,Soft Drink,8,760,South,CUST0443,Transfer,Completed
2045,2025-06-20,Tea,2,1070,North,CUST0282,Transfer,Completed
3230,2025-07-02,Groundnut Oil,4,2610,West,CUST0585,POS,Returned
5335,2025-01-23,Tea,3,1240,South,CUST0491,Cash,Completed
4116,2025-09-10,Cabbage,9,720,,CUST0347,Cash,Completed
4485,2025-03-27,Maggi,9,470,South,CUST0232,POS,Returned
2392,2025-05-02,Beans,2,1510,West,CUST0423,Cash,RETURNED
2575,2025-12-22,Butter,2,1890,South,CUST0264,Cash,Completed
4833,2025-02-21,rice,3,1970,South,CUST0417,Transfer,Completed
4977,2025-01-13,Tomato Paste,5,680,West,CUST0061,Transfer,Returned
3353,2025-02-10,Beans,3,1410,West,CUST0356,POS,Completed
1021,2025-10-04,Tea,7,1180, North ,CUST0409,POS,Completed
1082,2025-08-27,Detergent,4,1900,North,CUST0331,POS,Pending
2253,2025-11-29,Groundnut Oil,9,2740,South,CUST0041,Transfer,Completed
3357,2025-01-05,Beans,12,1390,West,CUST0312,POS,Completed
6113,2025-06-15,Beans,5,1410,North,CUST0117,Transfer,Completed
2227,2025-07-16,Coffee,4,1990,South,CUST0546,Cash,Completed
5620,2025-07-28,Cabbage,4,760,West,CUST0595,Transfer,Pending
2091,2025-08-18,Juice,11,1400,South,CUST0082,POS,Completed
4520,,Soft Drink,7,720,South,CUST0054,Transfer,Completed
3940,2025-01-04,Maggi,4,570,North,CUST0286,Transfer,Completed
5635,2025-09-01,Water,10,510,North,CUST0413,Transfer,Completed
3354,2025-10-29,Maggi,,530,North,CUST0033,POS ,Completed
5496,2025-09-19,Bread,7,880,North,CUST0609,Transfer,Pending
5347,2025-10-26,Yam,6,1840,South,CUST0339,Cash,Completed
4065,2025-01-13,Cabbage,10,890,North,CUST0299,POS,Pending
5454,2025-12-16,Groundnut Oil,8,2330,West,CUST0123,Transfer,Completed
5837,2025-12-29,BEANS,9,1620,,CUST0609,Transfer,Completed
5333,2025-11-13,Carrot,5,830,West,CUST0485,Transfer,Completed
1644,2025-11-21,Rice,7,1830,North,CUST0537,Transfer,Completed
3910,,Tomato Paste,5,720,EASTERN,CUST0573,POS,Completed
4347,2025-03-16,Beans,3,1610,South,CUST0305,Transfer,Pending
3440,2025-07-23,Detergent,1,1560,South,CUST0047,Cash,Completed
3918,2025-10-30,Milk,2,1270,West,CUST0471,Transfer,Completed
6070,2025-06-02,SOFT DRINK,7,890,North,CUST0426,Cash,Returned
4144,2025-03-24,Rice,11,1900,East,CUST0297,Transfer,Completed
5194,2025-09-21,Coffee,2,2210,East,CUST0216,Transfer,Completed
3789,2025-08-11,Toothpaste,3,1060,South,CUST0373,POS,Pending
3797,2025-07-21,Coffee,9,2040,West,CUST0008,POS,Completed
ORD-3496,2025-04-16,Eggs,12,2150,North,CUST0593,POS,Completed
4836,2025-04-10,Bread,,1060,North,CUST0382,Transfer,Completed
4999,2025-02-14,Tomato Paste,2,620,West,CUST0119,POS,Completed
3592,2025-01-29,Milk,3,1120,,CUST0372,Transfer,Completed
2819,2025-07-31,Groundnut Oil,2,2120,East,,POS,Pending
4539,2025-08-14,Cabbage,4,780,East,CUST0052,Cash,Completed
5640,2025-07-07,Toilet Roll,2,980,South,CUST0406,Cash,Completed
4257,2025-03-26,Beans,3,1630,North,CUST0308,Transfer,Returned
5293,2025-02-27,Carrot,6,800,East,CUST0509,POS,Completed
4507,2025-07-15,Water,8,470,South,CUST0150,Transfer,Completed
1361,2025-11-29,Soft Drink,2,780,West,CUST0644,Cash,Pending
4551,2025-06-14,Carrot,6,950,West,CUST0571,,Completed
1276,2025-01-17,Bread,7,950,East,CUST0247,Transfer,Completed
5658,2025-10-04,Tomato Paste,7,680,West,CUST0485,POS,Completed
4665,2025-07-25,Butter,,1720,North,CUST0513,Cash,Completed
5520,2025-12-28,Bread,4,890,South,CUST0059,Transfer,Completed
1759,,Water,10,,North,CUST0156,Cash,Pending
1934,2025-09-07,Soft Drink,3,890,North,CUST0405,POS,Completed
5977,2025-11-08,Juice,9,1610,West,CUST0525,Cash,Completed
3721,2025-02-03,Sugar,,1290,South,CUST0550,Transfer,Completed
1345,2025-12-30,Carrot,5,850,West,,POS,Pending
4750,2025-03-04,Eggs,5,1990,South,CUST0007,Transfer,Completed
3799,2025-01-30,Juice,4,1460,South,CUST0321,,Completed
5505,2025-10-01,Milk,3,1390,North,CUST0215,Transfer,Pending
1738,2025-05-29,Yam,2,1720,North,CUST0578,Transfer,Completed
4110,2025-07-27,Carrot,8,770,West,CUST0393,POS,Completed
3487,2025-12-28,Toilet Roll,5,840,North,CUST0644,Cash,Completed
6112,2025-10-03,Maggi,8,470,West,CUST0609,Transfer,Pending
3637,2025-09-07,Butter,4,1800,East,CUST0270,Cash,Completed
4118,2025-04-19,Eggs,10,2020,North,CUST0513,Cash,Completed
2497,2025-03-30,Detergent,4,1970,East,CUST0040,Transfer,Completed
6020,2025-03-02,Cabbage,4,690,,CUST0517,Transfer,Completed
5299,2025-05-31,Beans,2,1470,North,CUST0338,Cash,Completed
3432,2025-04-02,Maggi,6,450,West,CUST0328,Cash,Pending
2556,2025-11-03,Tomato Paste,3,710,East,CUST0649,POS,Completed
2139,2025-03-28,Maggi,9,450,South,CUST0184,POS,Completed
2199,2025-01-12,Toilet Roll,2,860,West,CUST0297,Transfer,Completed
2041,2025-06-01,Milk,4,1220,East,CUST0477,Cash,Completed
3089,2025-12-08,Rice,8,1850,South,CUST0399,Transfer,Completed
2693,2025-12-25,Juice,10,1480,South,CUST0391,Cash,Completed
1409,2025-02-26,Butter,8,2020,East,CUST0383,Cash,Completed
2540,2025-03-16,Butter,5,1800,North,CUST0354,POS,Completed
2259,2025-06-25,,12,710,South,CUST0118,Transfer,Completed
2484,2025-02-09,Tea,5,1000,,CUST0287,Transfer,Completed
5585,2025-10-29,Toothpaste,8,1250,East,CUST0412,Cash,Completed
1238,2025-10-13,Pepper,10,760,West,,Cash,Completed
2933,2025-12-25,Water,4,460,West,CUST0291,Transfer,Pending
2647,,Rice,,1810,West,CUST0577,POS,Completed
2879,2025-02-16,Sugar,5,1420,North,CUST0498,Transfer,Completed
3392,2025-03-07,Carrot,6,770,North,CUST0199,Transfer,Pending
1499,2025-11-20,Toothpaste,2,1130,North,CUST0354,,Completed
2014,2025-02-07,Coffee,7,2050,East,CUST0641,Transfer,Completed
3870,2025-07-14,Rice,unknown,1660,North,,Transfer,Completed
1641,2025-10-19,Cabbage,9,850,North,CUST0495,Transfer,Pending
4371,2025-02-28,Groundnut Oil,,2290,North,CUST0029,POS,Completed
4183,2025-08-24,Yam,7,1630,West,CUST0331,POS,Pending
1937,2025-08-05,Detergent,1,1620,west,CUST0456,POS,Completed
5162,2025-07-13,Carrot,2,870,South,CUST0303,Transfer,Completed
3830,25/05/2025,Cabbage,2,800,North,CUST0011,Transfer,Completed
1164,2025-09-20,Tea,2,1100,North,CUST0608,Cash,Completed
3564,2025-05-26,Juice,4,1350,West,CUST0623,POS,Pending
5210,2025-02-23,Tea,2,1230,West,CUST0404,Transfer,Completed
4338,2025-07-03,Carrot,3,910,South,CUST0033,POS,Completed
4413,2025-10-15,Beans,12,1520,West,CUST0111,Cash,Completed
4156,2025-03-16,Yam,8,1490,east,CUST0467,Transfer,Completed
4353,2025-10-27,MAGGI,2,530,South,CUST0620,Transfer,pending 
6093,09-27-2025,Beans,5,1660,South,CUST0324,Transfer,Completed
5977,2025-11-08,Juice,9,1610,West,CUST0525,Cash,Completed
2587,2025-10-05,Bread,5,1000,North,CUST0583,Transfer,
3709,2025-06-29,Coffee,5,1950,South,CUST0420,Cash,Completed
5708,2025-10-29,Water,5,420,North,CUST0537,Cash,Completed
4139,2025-05-13,,4,1200,North,CUST0310,Cash,
4510,2025-08-22,Water,1,420,West,CUST0032,Transfer,Completed
4884,2025-07-24,Coffee,5,2110,West,CUST0435,POS,Completed
6015,2025-07-20,Tomato Paste,3,730,,CUST0217,Transfer,Returned
2971,2025-07-28,Yam,1,2k,North,CUST0190,Cash,Pending
2125,2025-12-01,Cabbage,5,810,South,CUST0239,Transfer,Completed
3801,2025-06-08,Groundnut Oil,5,2300,East,CUST0016,Transfer,Completed
5096,2025-12-17,Maggi,6,460,East,CUST0406,Transfer,Pending
3589,2025-05-19,Tomato Paste,5,670,West,CUST0633,Transfer,Completed
1292,2025-09-13,Coffee,N/A,2230, North ,CUST0264,,pending 
2052,2025-12-20,Cabbage,5,760,East,CUST0582,POS,Returned
5180,2025-07-07,Pepper,2,760,West,,POS,Completed
4179,2025-07-13,Rice,1,1650,North,CUST0431,Cash,Completed
1290,2025-04-15,Pepper,3,700,West,CUST0150,Transfer,Completed
4483,2025-10-10,Tea,5,1000,South,CUST0513,Transfer,Completed
4434,2025-05-28,Carrot,2,810,West,CUST0393,POS,Returned
4556,2025-10-21,Butter,6,1720,East,CUST0315,Cash,Completed
2799,2025-02-11,Pepper,4,760,South,CUST0411,Cash,Completed
1089,2025-03-03,Pepper,6,800,West,CUST0197,Transfer,Completed
5346,2025-04-28,Juice,7,1710,East,CUST0645,POS,Completed
5600,2025-11-13,,4,730,West,CUST0556,Cash,Completed
1985,2025-10-05,Bread,2,870,North,CUST0092,Transfer,Returned
2263,2025-08-03,Groundnut Oil,4,2560,North,CUST0189,POS,Completed
4823,2025-11-10,Detergent,6,1910,West,CUST0645,Transfer,Completed
3465,2025-03-03,Sugar,5,1320,East,CUST0358,Cash,Completed
2352,2025-07-01,Groundnut Oil,4,2390,South,,Transfer,Completed
3319,2025-06-21,Carrot,4,980,,CUST0472,Cash,Completed
2508,2025-04-26,Tomato Paste,8,620,West,CUST0182,POS,Completed
1482,2025-01-07,Pepper,6,750,West,CUST0347,Cash,Completed
3765,2025-09-01,Toilet Roll,5,890,East,CUST0270,Cash,Returned
3281,2025-02-27,Milk,2,1170,South,CUST0293,POS,Completed
1246,2025-06-16,Toothpaste,12,1220,South,CUST0322,POS,Completed
2528,2025-11-09,Rice,5,1830,East,CUST0236,Transfer,Completed
3695,2025-12-19,Milk,4,1420,West,,Transfer,Returned
5939,2025-08-03,Tomato Paste,,740,EAST,CUST0223,Cash,Completed
1725,2025-08-11,Yam,6,1820,East,CUST0597,Transfer,Returned
2446,2025-07-12,Juice,8,1410,West,CUST0272,Pos,Completed
5521,2025-04-29,Water,75,520,North,CUST0253,Cash,Completed
4960,2025-03-06,Yam,7,1820,South,CUST0559,Transfer,return
4247,2025-02-22,Maggi,4,520,West,CUST0496,Cash,Completed
1438,2025-06-14,Groundnut Oil,3,2390,East,CUST0193,Transfer,Pending
4656,2025-01-03,Detergent,1,1580,East,,Cash,Completed
3735,2025-10-29,Soft Drink,5,790,South,UNKNOWN,POS,Completed
5793,2025-12-24,Toilet Roll,1,990,North,CUST0079,Cash,Pending
1460,2025-09-08,Sugar,7,1480,West,CUST0630,Transfer,Completed
3078,2025-05-31,Coffee,7,2140,South,CUST0414,Cash,Returned
1366,2025-11-01,Water,1,510,East,CUST0370,POS,Completed
5782,2025-12-05,Eggs,2,2260,South,CUST0256,Transfer,Completed
4025,2025-12-03,Bread,3,970,South,CUST0274,POS,Completed
2358,2025-03-11,Detergent,2,1870,West,CUST0309,Cash,Completed
3468,2025-07-25,Detergent,3,1760,South,CUST0317,POS,Completed
2928,,Rice,5,1880,East,CUST0156,POS,Completed
3854,2025-01-11,Cabbage,3,740,South,CUST0439,Transfer,Complete
1162,2025-06-16,Yam,7,1660,East,CUST0054,Transfer,Completed
3173,2025-11-02,Maggi,4,510,South,CUST0116,Transfer,Completed
1789,2025-11-06,Yam,2,1760,West,CUST0592,POS,Pending
1341,2025-03-28,Yam,7,1660,South,CUST0563,Cash,Completed
1248,2025-10-13,Eggs,3,2400,North,CUST0296,Cash,Completed
2729,2025-07-18,Beans,7,1320,West,CUST0644,Transfer,Completed
2817,2025-08-22,Coffee,8,2030,North,CUST0277,,Completed
2296,2025-06-28,Milk,6,1330,South,CUST0508,Transfer,Returned
1552,,Cabbage,2,,South,CUST0154,Cash,Completed
2741,2025-09-07,Butter,3,2050,East,CUST0100,POS,Completed
2624,2025-07-04,Toilet Roll,4,920,South,CUST0017,Transfer,Pending
4799,2025-11-18,Water,11,420,East,CUST0160,Transfer,Completed
4926,2025-11-13,Juice,5,1500,West,CUST0265,Transfer,Completed
1582,2025-08-23,Sugar,11,1450,,CUST0324,Cash,Completed
3479,2025-05-19,Juice,8,1430,West,CUST0150,Transfer,
3380,2025-09-25,Bread,5,970,East,CUST0375,Cash,Completed
3260,2025-03-06,Water,2,470,North,CUST0382,Cash,Completed
4667,2025-12-09,Detergent,2,1840,North,CUST0076,Cash,Completed
2156,2025-12-23,Water,5,490,West,CUST0430,POS,Completed
1078,2025-07-23,Cabbage,10,730,West,CUST0105,Cash,Completed
2665,2025-02-20,Water,5,410,West,CUST0370,Cash,Completed
3230,2025-07-02,Groundnut Oil,4,2610,West,CUST0585,POS,Returned
1698,2025-06-21,Toothpaste,4,not available,East,CUST0534,Transfer,Completed
2438,2025-05-28,Sugar,10,1290,East,CUST0238,Cash,Completed
2806,2025-11-15,Water,3,470,Noth,CUST0164,POS,Completed
4317,2025-01-26,Eggs,unknown,2170,South,CUST0214,Transfer,Completed
3194,2025-05-22,Butter,2,2060,North,CUST0553,Transfer,Completed
3998,2025-03-14,Toilet Roll,9,820,South,CUST0539,Cash,Completed
2212,2025-02-06,Butter,4,1810, South ,CUST0103,Cash,Complete
1865,2025-05-07,Coffee,2,1890,East,CUST0068,,Completed
4244,2025-06-13,Groundnut Oil,3,2150,East,CUST0640,Cash,Completed
3165,2025-04-22,Groundnut Oil,9,2550,West,CUST0030,Transfer,Completed
2578,2025-07-11,Toilet Roll,3,1030,West,CUST0538,Cash,Completed
5767,2025-11-05,Carrot,9,790,West,CUST0520,Transfer,Completed
3553,2025-07-27,Rice,10,1880,South,CUST0098,Cash,Completed
2032,2025-02-26,Water,3,420,South,CUST0246,Transfer,Completed
2470,2025-02-18,Milk,5,1170,South,CUST0608,Transfer,Completed
5283,2025-07-08,Tea,8,1120,East,CUST0064,Cash,Completed
4839,2025-09-12,Yam,12,1490,North,CUST0204,Cash,Completed
2689,2025-12-23,Toothpaste,6,1170,,CUST0148,POS,Returned
3922,2025-11-19,Detergent,1,1990,North,CUST0092,Cash,Completed
5848,2025-09-30,Water,4,520,East,,Cash,Completed
5062,2025-03-03,Toothpaste,5,1170,West,CUST0343,Pos,Completed
1154,2025-12-07,Pepper,3,800,South,CUST0069,Transfer,Completed
5431,2025-01-27,Yam,11,1720,South,CUST0499,POS,Completed
4644,15/06/2025,Cabbage,7,820,East,CUST0140,Cash,Completed
1165,2025-04-23,Beans,4,1520,East,CUST0210,Transfer,Completed
1056,2025-10-19,Soft Drink,3,830,East,CUST0312,Transfer,Completed
1201,2025-07-11,,3,690,East,CUST0354,Transfer,Completed
1023,2025-04-23,Juice,1,1620,East,CUST0235,Transfer,Completed
4858,2025-09-12,Coffee,5,2050,North,CUST0284,Transfer,pending 
5488,2025-08-29,Tomato Paste,1,720,East,CUST0515,Cash,Pending
2268,2025-07-28,Maggi,3,540,South,CUST0129,Cash,Completed
2472,2025-06-22,Yam,8,unknown,,CUST0006,Transfer,Completed
5724,2025-07-28,Bread,3,970,West,CUST0258,Cash,Completed
5242,"Aug 20, 2025",Toothpaste,5,1200,West,CUST0299,POS,Completed
4217,2025-07-08,Coffee,1,1790,West,CUST0287,Transfer,Completed
4209,2025-09-22,Water,6,480,North,CUST0425,Transfer,Completed
2044,2025-02-10,Water,7,510,East,CUST0122,Transfer,Completed
4453,2025-05-08,Tomato Paste,4,620,West,CUST0417,POS,Pending
1296,2025-01-31,Carrot,5,910,South,CUST0500,Transfer,Completed
5776,2025-04-15,Soft Drink,5,790,West,CUST0051,Cash,Completed
5418,2025-09-15,Eggs,2,1910,East,CUST0087,Transfer,Completed
5212,2025-08-06,Toothpaste,1,1340,North,CUST0092,Cash,Returned
3581,2025-03-06,Butter,2,2040,South,CUST0490,Transfer,Returned
2588,2025-08-15,Bread,7,890,South,CUST0001,Transfer,Completed
1214,2025-05-08,Eggs,11,1860,West,CUST0512,Cash,Pending
3208,2025-06-20,Coffee,1,1740,North,,POS,Returned
5419,2025-12-22,Carrot,6,960,West,CUST0595,Transfer,Pending
4022,2025-04-30,Beans,11,1420,West,CUST0341,Cash,Completed
5275,2025-10-02,Milk,2,1150,West,CUST0528,POS,Completed
5094,2025-08-28,Soft Drink,9,860,West,CUST0217,Transfer,Completed
6056,2025-06-30,Water,4,460,West,CUST0280,Transfer,Completed
2242,2025-04-07,Yam,5,1690,East,CUST0247,Transfer,Returned
1322,2025-10-26,Detergent,4,1790,South,CUST0557,Transfer,Returned
3571,2025-04-08,Toothpaste,8,1330,North,CUST0495,Transfer,Pending
5374,,Bread,7,-500,North,CUST0124,POS,Completed
2055,2025-04-01,Toothpaste,1,1290,south,CUST0028,Transfer,Completed
4622,2025-01-03,Cabbage,3,,North,CUST0554,POS,Completed
1918,2025-09-03,Maggi,4,570,East,CUST0338,POS,Completed
1294,2025-10-05,Sugar,12,1550,East,CUST0077,POS,Completed
4975,"Aug 27, 2025",Toothpaste,9,1200,East,CUST0434,POS,Completed
4788,2025-09-01,Butter,6,2080,South,CUST0408,POS,Completed
1286,2025-02-07,Beans,2,1590,,CUST0491,Transfer,Pending
1995,2025-10-01,Sugar,5,1300,South,CUST0126,POS,Completed
3784,2025-04-26,Soft Drink,2,860,South,CUST0185,Cash,Completed
3445,2025-12-20,Tea,12,1010,West,CUST0521,Transfer,Completed
4016,2025-08-10,,5,1670,South,CUST0611,Cash,Pending
3464,2025-06-18,CABBAGE,3,690,North,CUST0187,Transfer,Completed
2295,2025-04-23,Butter,1,1930,West,CUST0275,Transfer,Completed
4273,2025-06-28,Cabbage,5,840,North,CUST0480,POS,Completed
3042,2025-02-12,Eggs,4,1870,South,CUST0299,POS,Completed
3646,2025-06-28,Bread,2,1060,South,CUST0024,POS ,Completed
2613,2025-02-07,Tea,7,1100,North,CUST0477,Cash,Pending
3988,2025-05-15,Cabbage,10,850,North,CUST0588,Transfer,Completed
1480,2025-12-14,Juice,4,1580,North,CUST0627,Transfer,Completed
1199,2025-05-04,Carrot,5,790,East,CUST0537,POS,Completed
1714,2025-02-19,Groundnut Oil,4,2570,South,CUST0482,Transfer,Completed
4224,,Tea,6,1050,West,CUST0075,Transfer,Completed
3311,2025-05-18,,7,1520,East,CUST0377,POS,Completed
1040,2025-05-16,Butter,2,1640,West,CUST0279,Transfer,Completed
2150,2025-03-29,Toothpaste,4,1370,East,CUST0255,Transfer,Returned
4267,2025-01-09,,1,2270,West,CUST0166,POS,Pending
5405,2025-04-02,Rice,11,2060,North,CUST0257,POS,Completed
2720,2025-05-14,Juice,2,1370,west,CUST0089,Cash,Completed
2335,2025-09-26,Coffee,4,2130,East,CUST0103,Transfer,Completed
6108,2025-05-15,Eggs,3,2310,South,CUST0067,POS,Completed
3829,2025-12-17,Bread,,1060,East,CUST0486,POS,Pending
4782,2025-12-26,Eggs,1,2390,West,CUST0281,Cash,Pending
2516,2025-10-07,Groundnut Oil,2,,South,CUST0608,Cash,Completed
4774,2025-10-31,Pepper,4,670,West,CUST0239,Cash,Completed
4660,2025-11-29,,6,770,North,CUST0176,Transfer,Completed
1348,2025-05-22,Beans,8,1330,West,CUST0256,Transfer,Completed
4704,2025-06-03,Maggi,10,500,East,,Cash,Completed
2481,2025-10-03,Bread,4,860,,CUST0609,Transfer,Completed
5493,2025-10-21,Juice,2,1490,West,CUST0291,Cash,Completed
4796,2025-11-18,Groundnut Oil,,2780,North,CUST0325,Cash,Completed
1228,07/10/2025,Water,3,520,South,CUST0251,POS,Completed
5123,2025-05-13,Cabbage,4,790,East,CUST0084,Transfer,Completed
6131,2025-01-18,Carrot,7,920,East,CUST0358,Transfer,Completed
1138,25/12/2025,Groundnut Oil,3,2390,West,CUST0047,POS,Completed
1760,2025-01-02,Juice,4,1710,South,CUST0490,Transfer,Pending
2206,2025-05-31,Soft Drink,3,720,East,CUST0365,Transfer,Returned
5853,2025-12-10,Juice,1,1690,East,CUST0462,Transfer,Completed
2832,2025-01-01,Tea,9,1270,East,CUST0508,Transfer,completed
3987,2025-04-08,Cabbage,7,830,North,CUST0650,POS,Pending
4377,2025-07-15,Cabbage,9,780,West,CUST0026,Transfer,Completed
1326,2025-10-29,Maggi,6,460,East,CUST0495,Transfer,Completed
4195,2025-07-03,Toothpaste,1,1110,South,CUST0098,Cash,Completed
5604,2025-10-02,,3,500,North,CUST0120,Cash,Completed
3947,2025-01-05,Tomato Paste,3,600,East,CUST0649,Transfer,Pending
3856,2025-09-05,Cabbage,5,830,East,CUST0415,Cash,Pending
4048,2025-09-09,Tomato Paste,3,670,South,CUST0532,POS,Pending
5144,2025-09-18,Juice,7,1560,West,CUST0061,Transfer,Completed
3884,2025-08-04,Sugar,2,1530,North,CUST0288,Transfer,Completed
5410,2025-07-20,Bread,2,870,North,CUST0648,POS,Completed
5571,2025-05-06,Milk,7,1240,West,,Cash,Completed
2784,2025-10-21,Water,11,420,West,CUST0256,Cash,Completed
2319,07/01/2025,Tea,6,1110,South,CUST0193,Cash,Completed
2138,2025-01-05,Water,3,500,East,CUST0152,Transfer,Returned
2078,2025-07-19,Rice,2,1740,North,CUST0639,Transfer,Completed
4062,2025-04-17,Toothpaste,6,1100,East,CUST0340,Cash,Returned
4827,2025-03-20,Beans,6,,East,CUST0195,Cash,Completed
5376,2025-01-23,Carrot,1,830,South,,Cash,Pending
5444,2025-01-06,Toothpaste,unknown,1360,North,CUST0075,Cash,Pending
4522,2025-09-04,Eggs,8,2010,South,,POS,Completed
3211,2025-09-12,Eggs,1,1920,East,CUST0342,Transfer,Completed
5182,2025-06-03,Detergent,3,,,CUST0081,Cash,Completed
4481,2025-11-16,Coffee,5,1810,West,CUST0069,Transfer,Completed
4235,2025-03-27,Toilet Roll,,970,South,CUST0511,Cash,Completed
5562,2025-11-02,Maggi,4,460,North,CUST0253,POS,Completed
4087,2025-12-18,Carrot,4,890,West,CUST0153,Transfer,Completed
3476,2025-12-03,Tomato Paste,4,630,North,CUST0269,POS,Returned
3329,2025-09-22,Water,2,480,South,CUST0247,Transfer,Returned
1405,2025-04-01,Sugar,2,1310,North,,Transfer,Completed
5349,2025-07-22,Sugar,6,1340,North,,card,Completed
4770,2025-01-03,Groundnut Oil,7,2410,West,CUST0493,Transfer,Pending
1046,2025-11-14,Tomato Paste,6,740,West,CUST0167,POS,Pending
2315,2025-08-24,Juice,,1450,West,CUST0599,POS,Returned
3875,2025-12-03,Juice,2,1680,East,CUST0337,Transfer,Returned
5440,2025-12-16,Tomato Paste,5,610,East,CUST0196,Transfer,Completed
2286,2025-08-21,Butter,5,1980,West,CUST0246,Cash,Completed
1960,2025-03-17,Soft Drink,6,800,West,CUST0558,Cash,Completed
4470,2025-09-17,Carrot,2,930,North,CUST0352,Transfer,Returned
5905,,Toilet Roll,3,870,East,CUST0298,POS,Completed
3480,2025-08-04,Toilet Roll,,970,West,CUST0590,Cash,Completed
3710,2025-02-21,Pepper,6,640,South,CUST0188,Transfer,Returned
5496,2025-09-19,Bread,,880,North,CUST0609,Transfer,Pending
3248,2025-06-20,Cabbage,7,840,West,CUST0369,POS,Completed
2953,2025-03-01,Yam,8,1820,South,CUST0575,Cash,Completed
2416,2025-06-21,CARROT,11,960,North,CUST0482,POS,Completed
3546,2025-12-19,Toothpaste,2,1200,West,,cash,Completed
1141,2025-01-17,Eggs,6,1980,South,CUST0242,POS,Completed
3983,2025-06-21,Beans,5,1340,North,CUST0139,Cash,Completed
4064,2025-02-05,Carrot,5,900,North,CUST0551,Transfer,Completed
4676,2025-06-25,Water,8,470,South,CUST0532,Cash,Completed
4714,2025-01-13,Tomato Paste,9,660,East,CUST0112,Transfer,Pending
1651,2025-11-16,Groundnut Oil,2,2140,West,CUST0205,Cash,Completed
5171,2025-09-06,Toothpaste,4,1150,,CUST0477,POS,Completed
4336,2025-06-25,Yam,10,1520,South,CUST0042,POS,Pending
1100,2025-05-17,Butter,7,1620,West,CUST0315,Cash,Pending
5430,2025-11-13,Butter,9,1680,South,CUST0437,Cash,Pending
6132,2025-07-29,Beans,5,1460,west ,CUST0132,Cash,Completed
3604,2025-10-29,Cabbage,10,900,West,CUST0215,POS,Completed
3558,2025-10-01,Cabbage,3,720,North,CUST0589,POS,Completed
6124,2025-12-18,Rice,1,2110,West,CUST0187,Cash,Completed
4851,2025-09-21,Rice,2,1870,East,CUST0134,Cash,Completed
4749,2025-09-30,Bread,1,880,South,CUST0647,Cash,Completed
4306,2025-08-14,Toothpaste,1,1090,North,UNKNOWN,Transfer,Completed
6072,2025-07-22,Juice,2,1720,South,CUST0342,Transfer,Completed
5609,19/05/2025,Yam,4,1490,East,CUST0097,Transfer,pending 
4650,2025-07-23,Toothpaste,1,1120,West,CUST0605,POS,Completed
3935,2025-10-13,Soft Drink,4,920,West,CUST0043,POS,Completed
5592,2025-10-02,Soft Drink,4,860,South,CUST0283,Transfer,Completed
1099,2025-11-17,Eggs,5,2320,,CUST0436,Transfer,Completed
5468,2025-12-30,Milk,4,1370,South,CUST0568,POS,Pending
3706,2025-06-09,Eggs,3,1880,North,CUST0182,POS,Returned
3358,2025-03-02,Juice,1,1470,East,CUST0220,Transfer,Completed
1551,2025-11-16,Sugar,6,1290,,CUST0465,Cash,Completed
4419,2025-02-18,Rice,9,1680,North,CUST0298,Transfer,Completed
2346,2025-09-15,Yam,6,1750,West,CUST0089,Cash,Completed
4871,2025-12-16,Butter,7,1740,West,CUST0470,Transfer,Completed
2740,2025-10-16,Maggi,7,530,West,CUST0155,Transfer,Completed
4145,2025-08-24,Toothpaste,8,1160,West,CUST0497,POS,Completed
1249,2025-06-12,Detergent,4,1810,North,CUST0295,Transfer,Completed
2316,2025-11-23,Tomato Paste,4,590,West,CUST0592,,Completed
5281,2025-05-28,,4,2020,,CUST0341,Transfer,Returned
5829,2025-05-30,Soft Drink,7,840,North,CUST0164,POS,Completed
5021,2025-10-05,Pepper,8,640,North,,POS,
2476,2025-09-26,Water,4,490,South,CUST0409,Transfer,Completed
5213,2025-10-27,Milk,3,1370,East,CUST0561,Cash,Pending
1999,2025-10-12,Tomato Paste,9,700,South,CUST0552,Transfer,Pending
2959,2025-09-19,,2,not available,North,CUST0086,Transfer,Completed
4817,2025-05-30,Toothpaste,6,1110,West,CUST0032,POS,Completed
2106,2025-09-26,Tomato Paste,4,620,South,CUST0175,transfer,Completed
3290,2025-05-15,Eggs,4,2330,West,CUST0548,POS,Completed
2768,2025-05-09,Maggi,3,460,East,CUST0065,Cash,Pending
5130,2025-10-14,Carrot,1,930,East,CUST0613,Transfer,Completed
1521,2025-05-13,Coffee,4,1960,South,CUST0444,Transfer,Completed
2223,2025-05-16,Carrot,7,₦1200,East,CUST0003,POS,Returned
5321,2025-12-12,Pepper,7,750,North,CUST0472,Cash,Completed
4989,2025-07-11,Yam,4,1730,North,CUST0153,Transfer,Completed
2839,2025-09-01,Milk,3,1130,West,CUST0647,POS,Completed
5756,2025-09-06,Coffee,8,1850,North,CUST0159,Transfer,Completed
6094,2025-01-14,Carrot,6,830,East,CUST0013,Transfer,Completed
1748,2025-11-23,Toothpaste,3,1340,North,CUST0344,Transfer,Pending
2603,2025-01-31,Cabbage,2,830,North,CUST0551,Transfer,Returned
1396,2025-03-04,Pepper,1,710,West,CUST0588,Transfer,Completed
5515,2025-07-06,Carrot,7,870,West,CUST0576,Transfer,Completed
5897,18/04/2025,Water,3,440,West,CUST0216,Transfer,Completed
5255,2025-09-14,Tomato Paste,4,630,East,CUST0502,Cash,Completed
1185,2025-04-03,Yam,10,1560,South,CUST0197,Transfer,Completed
1531,2025-06-06,Maggi,6,460,North,CUST0324,POS,Completed
3120,2025-11-07,Yam,3,1740,East,CUST0087,Transfer,Completed
2520,2025-04-12,,10,940,West,CUST0134,Cash,Pending
4767,01/02/2025,Rice,3,1780,South,CUST0476,Cash,Pending
6037,2025-09-10,Carrot,4,930,South,CUST0468,Transfer,Completed
5780,2025-06-13,Bread,5,870,North,CUST0314,POS,Completed
4671,2025-11-06,Tea,5,990,West,CUST0020,POS,Completed
1209,2025-12-05,Pepper,3,700,South,CUST0171,Cash,Completed
4601,2025-07-22,Detergent,9,1770,south,CUST0048,Cash,Completed
1562,2025-02-21,Sugar,2,,North,CUST0564,Cash,Completed
3379,2025-11-28,Bread,7,1030,West,CUST0070,Transfer,Pending
3206,2025-07-07,Maggi,4,460,East,CUST0111,POS,Completed
4321,2025-04-21,Detergent,,1730,North,CUST0531,Bank Transfer,Completed
3136,2025-12-15,Detergent,3,1670,east,CUST0199,Transfer,Completed
5663,2025-01-10,Eggs,7,2250,North,CUST0086,Cash,Completed
5390,2025-06-11,Beans,3,1470,South,CUST0495,POS,Completed
1866,2025-01-11,Sugar,5,1200,South,CUST0582,Cash,Completed
3672,2025-06-13,Bread,10,980,East,CUST0175,POS,Completed
5269,2025-03-16,Bread,8,1000,North,CUST0221,Transfer,Returned
3344,2025-06-02,Water,4,410,East,CUST0339,Transfer,Completed
2990,2025-05-28,Bread,2,910, South ,CUST0015,Cash,Completed
1881,2025-06-10,Milk,5,1400,South,CUST0373,Cash,Pending
4883,2025-04-09,Tomato Paste,5,680,North,CUST0421,Transfer,Completed
4171,2025-09-19,Butter,7,1630,North,CUST0295,Cash,Completed
1035,2025-12-03,Tomato Paste,5,670,North,CUST0210,Cash,Completed
2911,2025-03-05,Juice,8,1640,South,CUST0527,Transfer,Pending
5107,2025-10-16,Eggs,2,2420,South,CUST0401,Transfer,Completed
5707,14/08/2025,,4,1240,West,CUST0153,Transfer,Pending
5736,2025-02-22,Rice,2,1710,East,CUST0143,Cash,Completed
5153,2025-04-23,Toothpaste,6,1270,North,CUST0586,Cash,Completed
5984,2025-01-29,Maggi,7,540,South,CUST0450,Transfer,Returned
1944,2025-03-09,Groundnut Oil,8,2600,South,CUST0427,POS,Completed
1234,2025-09-16,Cabbage,4,740,North,CUST0050,Transfer,Completed
3807,2025-05-18,Toothpaste,3,1100,East,CUST0196,Transfer,Completed
2048,2025-07-23,Butter,2,1950,West,CUST0486,Transfer,Completed
1780,2025-12-04,Water,2,400,East,CUST0153,Cash,Returned
5684,"Mar 27, 2025",Tea,9,1120,East,CUST0104,Cash,Completed
1468,2025-01-11,Water,1,410,South,CUST0390,Transfer,Completed
3976,2025-09-11,Yam,6,1680,West,CUST0623,Transfer,Completed
1842,2025-05-23,Butter,10,1760,West,CUST0513,POS,Completed
3008,2025-08-20,Carrot,5,790,East,CUST0643,Cash,Completed
2004,2025-04-18,Soft Drink,1,920,South,,POS,Completed
3437,2025-06-30,Soft Drink,7,900,West,CUST0241,Transfer,Completed
1105,2025-08-29,Milk,3,1220,East,CUST0165,Transfer,Completed
5633,2025-04-07,Tea,5,1080,East,CUST0015,Transfer,Completed
5705,19/08/2025,Bread,4,920,South,CUST0478,POS,Completed
5594,2025-05-12,Milk,3,,West,CUST0581,POS,completed
2362,2025-12-03,Groundnut Oil,5,2400,East,CUST0190,Transfer,Completed
5639,2025-06-20,Tea,2,1060,West,CUST0322,POS,Completed
4945,2025-03-02,Tomato Paste,9,30000,North,CUST0420,Cash,Completed
5273,2025-09-22,Tea,,1200,South,CUST0615,Transfer,Completed
1428,2025-08-03,Toilet Roll,11,,South,CUST0587,POS,Completed
1383,2025-12-22,Water,8,520,East,CUST0386,POS,Completed
3855,2025-12-28,Coffee,3,1860,South,CUST0607,Cash,Completed
2765,2025-04-12,Sugar,3,1520,West,CUST0127,Cash,Completed
3944,2025-07-12, Juice ,,1470,East,CUST0142,Cash,
5372,2025-12-02,Water,7,470,South,CUST0314,Transfer,Returned
5043,2025-09-07,Sugar,9,1310,North,CUST0128,Transfer,Completed
4231,2025-04-11,Cabbage,4,730,West,CUST0533,Transfer,Completed
3348,2025-02-21,Coffee,10,2260,South,CUST0520,POS,Completed
1410,2025-02-21,Juice,3,1460,West,CUST0448,POS,Returned
1372,2025-12-03,Maggi,6,460,West,CUST0012,Transfer,Returned
1955,2025-08-01,Carrot,3,910,West,CUST0543,Transfer,Completed
4709,2025-08-10,Cabbage,7,720,West,CUST0285,Transfer,Completed
4136,2025-10-24,Yam,6,1670,East,CUST0026,Transfer,Completed
1874,2025-04-06,Toilet Roll,5,850,South,CUST0275,POS,Completed
2645,2025-10-09, Bread ,6,870,North,CUST0315,Cash,Completed
3860,2025-04-15,Tomato Paste,3,720,South,CUST0410,Transfer,Pending
3714,2025-01-08,Carrot,1,980,East,CUST0523,Transfer,Completed
4647,2025-09-24,Water,7,430,North,CUST0359,POS,Pending
3641,2025-10-03,Pepper,,700,South,CUST0127,Cash,Pending
1250,2025-07-22,Cabbage,7,890,West,CUST0298,Transfer,Returned
3022,2025-11-21,Tomato Paste,5,710,North,CUST0472,Transfer,Completed
4653,23/03/2025,Detergent,9,1790,West,CUST0079,Transfer,Completed
3790,2025-03-28,Rice,1,1630,East,CUST0579,POS,Pending
2705,2025-10-16,Toilet Roll,5,930,South,CUST0560,Cash,Completed
5328,2025-06-12,Coffee,8,2010,East,CUST0557,Transfer,Completed
2562,2025-12-01,Soft Drink,3,820,West,CUST0166,Cash,Completed
1067,2025-12-28,Butter,2,1790,North,CUST0556,Cash,Completed
4162,2025-03-04,Bread,3,1050,West,CUST0144,Transfer,Completed
2828,"Dec 21, 2025",Tea,4,1220,East,CUST0514,Cash,Completed
1137,2025-02-25,Carrot,6,860,North,CUST0625,Transfer,Completed
4046,2025-03-15,Toothpaste,3,1260,West,CUST0230,Transfer,Completed
2773,2025-08-26,Cabbage,8,790,West,CUST0146,Cash,Completed
2924,03/02/2025,Maggi,7,570,East,CUST0447,Transfer,Completed
ORD-6651,2025-11-11,Maggi,1,460,West,CUST0483,Cash,Completed
1822,"Aug 1, 2025",Tomato Paste,2,680,East,CUST0148,Transfer,Completed
3415,2025-07-15,Toilet Roll,11,810,West,CUST0288,Transfer,Completed
5847,2025-01-03,Soft Drink,5,870,North,CUST0278,POS,Pending
5771,2025-02-14,Tea,2,1250,East,CUST0163,Cash,Completed
1575,2025-12-25,Rice,8,1760,East,CUST0409,Cash,Pending
5566,2025-09-12,Pepper,2,690,South,CUST0190,POS,Completed
6086,2025-07-06,Maggi,3,520,West,CUST0226,Cash,Completed
3901,2025-01-07,Tomato Paste,3,620,West,CUST0051,Cash,Pending
4984,2025-06-24,Detergent,5,1840,North,CUST0377,Transfer,Completed
3791,2025-01-24,Soft Drink,2,880,North,CUST0307,POS,Completed
2360,2025-02-19,Toilet Roll,3,820,East,CUST0518,Transfer,Completed
6019,2025-04-06,Bread,4,1070,North,CUST0372,Cash,Completed
5032,2025-06-20,Rice,3,2000,North,CUST0389,POS,Pending
3297,2025-11-29,Toothpaste,2,1210,West,CUST0244,Cash,Completed
2117,2025-06-16,Beans,6,1370,South,CUST0410,Cash,Pending
1475,2025-01-21,Sugar,8,1320,west ,CUST0437,Cash,Completed
6013,2025-02-08,Soft Drink,8,790,West,CUST0001,Transfer,Completed
2904,2025-11-29,Butter,7,,West,CUST0017,POS,Pending
2468,2025-07-10,Cabbage,7,840,South,CUST0230,Cash,Completed
1225,2025-09-15,Milk,5,1310,West,CUST0176,Cash,Completed
2019,2025-08-21,Rice,4,1930,East,CUST0106,Transfer,Completed
3863,2025-01-16,Groundnut Oil,4,2250,East,CUST0072,Transfer,Completed
3162,2025-03-21, Cabbage ,8,890,North,CUST0146,Cash,Completed
2675,2025-04-08,Bread,5,0,North,CUST0574,Cash,Completed
2067,2025-01-23,Toilet Roll,4,810,South,CUST0391,Transfer,Completed
3638,2025-03-01,Groundnut Oil,4,2500,North,CUST0217,POS,Completed
3917,2025-12-06,Juice,2,1340,North,CUST0637,Cash,Completed
2906,2025-05-06,,10,1640,East,CUST0303,Transfer,Completed
3629,2025-12-07,Groundnut Oil,3,2550,south,CUST0385,Transfer,Completed
1128,2025-10-20,,,750,North,CUST0023,POS,Completed
1125,2025-03-15,Juice,2,1590,South,CUST0262,Cash,Pending
5000,2025-11-14,Sugar,1,1450,West,CUST0515,Transfer,Completed
5176,2025-08-20,Detergent,11,"1,500",North,CUST0131,Transfer,Completed
1256,31/03/2025,Beans,4,1620,East,CUST0407,POS,Completed
3528,2025-11-27,Butter,4,2000,North,CUST0185,Transfer,Completed
3566,2025-10-25,CABBAGE,5,800,South,CUST0300,POS,Completed
5590,2025-03-10,Toilet Roll,5,920,West,CUST0480,Transfer,Completed
3509,2025-04-27,Toothpaste,5,1370,West,CUST0481,Cash,Completed
2385,2025-06-21,TEA,8,990,West,UNKNOWN,POS,Completed
5818,2025-01-07,Butter,,2000,East,CUST0440,POS ,Completed
3184,2025-03-01,Butter,2,1640,South,CUST0420,Cash,Completed
3050,2025-02-22,Butter,1,1940,South,CUST0539,Cash,Pending
1502,2025-07-15,Rice,2,1980,West,CUST0274,POS,Completed
4649,2025-09-03,Rice,5,2130,South,CUST0564,Cash,Returned
2712,2025-02-07,Pepper,6,710,East,CUST0047,POS,Completed
2830,2025-03-01,Detergent,3,1950,North,CUST0562,POS,Completed
1785,2025-05-02,Bread,6,1070,South,CUST0226,Transfer,Completed
2011,2025-12-20,Coffee,4,1760,West,CUST0202,Transfer,Completed
2895,2025-07-08,Toothpaste,6,1110,West,,POS,Completed
5478,2025-08-04,Pepper,9,620,East,CUST0480,POS,Completed
5386,2025-05-10,Detergent,4,1600,West,CUST0572,Transfer,Completed
6071,2025-04-04,Milk,6,1130,West,CUST0415,Cash,Completed
2617,2025-07-01,Juice,9,1620,West,CUST0194,POS,Completed
1026,2025-08-05,Carrot,4,950,East,CUST0101,Transfer,
3019,2025-03-06,Coffee,3,1740,East,CUST0248,Cash,Completed
3212,,Tea,4,1220,South,CUST0261,POS,Pending
3471,2025-10-17,,,1960,South,CUST0452,Transfer,Pending
4680,2025-05-27,Juice,1,1350,North,CUST0495,Transfer,Completed
1611,not recorded,Beans,1,1580,West,CUST0058,Transfer,Completed
2900,2025-08-27,Toilet Roll,11,1030,North,CUST0621,Cash,Pending
1875,2025-08-11,Soft Drink,10,870,East,CUST0535,,Completed
4051,08-14-2025,Pepper,6,620,West,CUST0096,Cash,Completed
1554,2025-10-04,Soft Drink,7,,South,CUST0535,Transfer,Pending
5966,2025-03-20,Yam,4,1500,North,CUST0265,POS,Completed
2714,2025-07-25,Carrot,1,780,West,CUST0637,Cash,Pending
1054,2025-11-16,,3,780,North,CUST0520,Transfer,Completed
1444,2025-01-15,Yam,3,1480,West,CUST0227,Cash,Completed
5395,2025-05-12, Soft Drink ,2,830,South,CUST0549,Transfer,Pending
2152,2025-11-07,Carrot,5,800,East,CUST0046,Transfer,Completed
2523,2025-02-16,Tomato Paste,6,600,North,CUST0006,Cash,Completed
6119,2025-06-16,Water,,460,West,CUST0488,Pos,Completed
1915,2025-10-16,Eggs,9,2190,East,CUST0539,POS,Completed
2845,2025-09-06,Detergent,3,1730,West,CUST0386,Transfer,Completed
2015,2025-01-18,Beans,3,1640,East,CUST0131,Transfer,Pending
2389,2025-01-11,Coffee,10,1730,West,CUST0548,Cash,Completed
4930,2025-07-30,Juice,2,1600,East,CUST0465,Cash,Completed
2681,2025-11-18,Cabbage,5,880,South,CUST0268,Cash,Returned
5541,2025-06-24,TOILET ROLL,1,1040,West,CUST0465,Cash,Returned
5865,2025-12-07,Juice,2,1580,South,CUST0009,Transfer,Completed
5260,2025-01-30,Toilet Roll,5,840,South,CUST0568,POS,Completed
5833,2025-02-25,Cabbage,8,830,North,CUST0578,Cash,Completed
5919,2025-12-10,Toilet Roll,9,810,West,CUST0049,Cash,
5850,2025-08-05,Sugar,8,1350,,CUST0279,POS,Pending
5758,2025-03-22,Sugar,8,1410,West,CUST0637,Transfer,Completed
3494,2025-06-10,Water,6,510,North,CUST0391,POS,Returned
1486,2025-10-09,Coffee,,1940,West,CUST0081,Cash,Pending
4888,2025-01-17,Soft Drink,4,840,West,CUST0118,Transfer,Completed
3636,2025-04-07,,6,1500,West,CUST0503,POS,Completed
5560,2025-10-24,Water,4,470,North,CUST0222,Cash,Completed
5885,2025-03-16,Maggi,4,490,South,CUST0165,Cash,
1274,2025-09-28,Cabbage,2,900,East,CUST0024,POS,Completed
2394,2025-05-25,Sugar,unknown,1320,West,CUST0300,Transfer,Completed
2869,2025-05-07,Water,2,500,North,CUST0188,POS,Pending
2486,2025-11-12,Eggs,,2130,West,CUST0003,POS,Returned
2034,2025-04-08,Butter,2,1770,North,CUST0326,Cash,Returned
2143,,Rice,2,1690,West,CUST0024,Cash,Returned
2730,2025-11-29,Rice,7,1870,South,CUST0290,Cash,Completed
2397,2025-09-15,Toothpaste,2,1170,South,CUST0637,Cash,Completed
5506,2025-10-02,Pepper,11,690,West,CUST0640,Transfer,Completed
3363,2025-01-31,Toothpaste,1,1190,South,CUST0489,Transfer,Pending
3285,2025-02-01,Toothpaste,7,,South,CUST0253,POS,Completed
4318,2025-04-23,Carrot,3,920,North,CUST0390,Cash,Pending
3132,2025-12-15,Maggi,9,470,North,CUST0495,Transfer,Returned
2460,2025-10-11,Tea,6,1260,East,CUST0021,POS,Completed
1364,2025-11-04,Toothpaste,,1260,East,CUST0309,Transfer,
4056,2025-11-05,Toothpaste,1,1070,South,CUST0462,Cash,Completed
2538,2025-10-05,Rice,3,1780,South,CUST0018,Transfer,Completed
3689,2025-05-06,Bread,10,860,East,CUST0536,POS,Completed
5643,09-22-2025,Eggs,3,1930,East,CUST0578,Transfer,Returned
1241,2025-10-31,Yam,3,1780,South,CUST0577,Transfer,Pending
1876,2025-03-19,Coffee,6,2130,South,CUST0421,Transfer,Pending
1416,2025-01-25,Rice,3,2010,,CUST0424,Cash,Completed
2700,2025-01-16,Groundnut Oil,5,2740,East,CUST0320,,Completed
5217,2025-09-13,Eggs,5,2290,North,CUST0600,Cash,Completed
1604,02/11/2025,Yam,2,1410,North,CUST0194,Transfer,Completed
1836,2025-01-09,Butter,4,1740,North,CUST0143,POS,Pending
1850,2025-12-11,Detergent,2,1750,East,CUST0123,Transfer,Completed
3627,2025-11-03,Toilet Roll,4,850,North,CUST0248,POS,Completed
2961,2025-02-02,Milk,2,1220,West,CUST0491,POS,Completed
1697,2025-08-31,Detergent,7,1860,South,CUST0160,Cash,Pending
2218,2025-01-01,Butter,9,1600,South,CUST0395,Transfer,Completed
2046,2025-10-06,Butter,9,1590,North,CUST0289,POS,Pending
1586,2025-05-01,Eggs,5,2350,West,CUST0150,POS,Completed
4460,2025-03-19,Maggi,2,490,South,CUST0091,Cash,Pending
1816,2025-03-13,Beans,6,2k,East,CUST0412,Cash,Completed
2823,2025-12-04,Carrot,9,920,Sout,CUST0329,Cash,Completed
2221,2025-11-06,Beans,2,"1,500",North,,Transfer,Completed
4718,2025-06-30,Maggi,10,570,East,CUST0359,Cash,Completed
3853,not recorded,Bread,7,920,East,CUST0466,Cash,Pending
5304,2025-01-25,Yam,1,1730,West,CUST0223,POS,completed
2728,2025-06-14,Sugar,3,1240,East,CUST0240,Transfer,Completed
5003,2025-03-22,,2,940,East,CUST0590,POS,Completed
2493,2025-04-08,Toothpaste,3,1120,East,CUST0201,Transfer,Completed
3420,2025-05-17,Bread,,870,North,CUST0054,POS,Returned
4239,2025-01-01,Water,1,510,North,CUST0401,Transfer,Completed
2833,2025-05-04,Yam,7,1540,West,CUST0555,Cash,Returned
5050,2025-02-22,Toothpaste,,1300,North,CUST0346,Transfer,Returned
5028,2025-09-04,Groundnut Oil,4,,North,CUST0526,Transfer,Completed
3941,2025-09-30,Beans,6,1550,West,CUST0202,Transfer,Completed
3984,2025-11-24,Beans,4,1560,East,CUST0136,,Completed
1018,2025-01-01,Toilet Roll,5,920,East,CUST0372,POS,Pending
2854,2025-09-03,Coffee,7,1820,,CUST0490,Cash,Completed
3704,2025-08-07,Water,1,410,East,CUST0271,POS,completed
5828,2025-02-01,Toothpaste,4,1080,South,CUST0338,Transfer,Pending
5295,2025-11-15,Carrot,11,960,North,CUST0446,POS,Returned
1413,2025-10-18,Cabbage,1,820,West,CUST0580,Transfer,Completed
3805,2025-11-19,Toilet Roll,9,860,East,CUST0146,Cash,Pending
5857,2025-04-13,Bread,10,930,West,,Cash,Completed
5586,, Carrot ,6,860,South,CUST0410,POS,Pending
1537,2025-05-29,Juice,2,1530,East,CUST0407,Transfer,Completed
4731,2025-03-24,Juice,8,1370,North,CUST0561,Cash,Completed
5164,2025-06-24,Tea,2,1220,South,,Transfer,Completed
4028,2025-03-28,Coffee,11,1950,North,CUST0562,Transfer,Completed
1917,2025-07-21,Bread,3,1080,East,CUST0332,Transfer,Completed
3138,2025-09-25,,8,1070,West,CUST0276,POS,Completed
4942,2025-11-05,Pepper,4,750,North,CUST0066,POS,Completed
2954,2025-04-13,Water,1,450,North,,POS,Completed
4599,2025-05-14,Milk,6,1190,West,CUST0332,Transfer,Completed
1285,2025-02-17,Carrot,5,950,East,CUST0275,Transfer,Completed
2517,2025-08-31,Cabbage,8,740,North,CUST0616,Transfer,Completed
3070,2025-09-28,Rice,12,2030,North,CUST0306,Transfer,Pending
5967,2025-11-03,Juice,2,1680,East,CUST0611,Cash,Completed
5962,2025-10-08,,6,2350,North,CUST0313,Transfer,Completed
3536,2025-09-24,Pepper,3,760,South,CUST0412,Transfer,Pending
1830,2025-12-21,Groundnut Oil,2,2220,North,CUST0370,Transfer,Pending
2474,2025-02-11,Toothpaste,9,1200,East,CUST0385,Transfer,Completed
6082,2025-04-22,Coffee,7,2170,West,CUST0132,Transfer,Completed
5015,2025-06-26,Rice,5,1770,South,CUST0407,Cash,Completed
2905,2025-09-07,Eggs,4,2270,North,CUST0210,Cash,Completed
5030,2025-12-26,Tea,3,990,South,,Transfer,Completed
3585,2025-02-19,,8,1500,West,CUST0321,Transfer,Pending
2652,2025-06-09,Maggi,2,540,East,CUST0061,POS,Completed
2180,2025-06-19,Tomato Paste,9,600,West,CUST0491,POS,Returned
2546,2025-12-14,Sugar,3,,West,CUST0020,POS,Completed
5052,2025-03-30,Yam,5,1810,West,CUST0321,Cash,Pending
5070,2025-05-20,Coffee,4,2040,South,CUST0504,Cash,Completed
2430,2025-12-31,Coffee,3,1900,North,CUST0606,Cash,Completed
3288,"Feb 23, 2025",Water,4,490,South,CUST0452,Cash,Completed
2553,06-30-2025,Soft Drink,5,800,East,CUST0291,Cash,Completed
1754,2025-12-05,Groundnut Oil,10,2540,North,CUST0438,Cash,Completed
1315,2025-05-09,Carrot,10,920,South,CUST0609,Cash,Completed
1952,2025-03-02,Water,8,510,West,CUST0300,Cash,Completed
4773,2025-03-29,Rice,9,1770,North,CUST0089,POS,Pending
2433,,Milk,9,1310,North,CUST0465,Transfer,Completed
4479,2025-11-13,Water,1,490,West,CUST0238,Transfer,Completed
2010,2025-06-11,Groundnut Oil,1,2240,East,CUST0586,POS,Returned
4514,2025-01-09,Cabbage,7,700,East,CUST0178,POS,Pending
3819,2025-06-13,Water,6,410,South,CUST0173,Cash,Completed
5253,2025-04-22,Bread,5,870,South,,Transfer,Completed
2755,"Feb 30, 2025",Yam,2,,South,CUST0037,Cash,Completed
1019,2025-05-03,Yam,1,1800,East,CUST0088,Cash,Pending
3837,2025-05-23,Beans,8,1600,South,CUST0336,POS,Completed
2123,2025-03-05,Maggi,6,570,South,CUST0093,POS,Completed
5382,2025-09-09,Cabbage,3 units,710,South,CUST0600,Cash,Completed
4982,2025-11-22,Butter,6,,South,CUST0073,POS,Returned
4197,2025-01-02,Beans,1,1280,North,CUST0441,Transfer,Completed
3698,2025-04-09,Water,4,420,West,CUST0353,POS,Completed
6102,2025-01-02,Water,3,410,South,CUST0028,Cash,Pending
1667,2025-06-05,Tomato Paste,4,2k,North,CUST0156,POS,Completed
5365,2025-08-06,,,800,West,CUST0461,,Completed
2718,2025-12-20,Maggi,3 units,530,East,CUST0163,POS,Completed
2313,2025-10-03,Carrot,12,970,,CUST0266,POS,Completed
5477,2025-08-18,Sugar,1,1400,North,CUST0032,POS,Completed
2144,2025-05-21,Detergent,6,1590,West,CUST0394,Cash,Completed
3722,2025-01-10,Eggs,3,1910,East,CUST0045,Transfer,Completed
4772,2025-08-15,Milk,2,1350,South,CUST0054,POS,Completed
1965,2025-05-13,Carrot,5,830,East,CUST0128,Transfer,Completed
5606,,Water,7,470,East,CUST0636,Transfer,Completed
2006,2025-05-13,Butter,unknown,2020,North,CUST0197,POS,Completed
1730,2025-09-07,Butter,6,2080,West,CUST0087,Transfer,Pending
2650,2025-05-23,Tea,1,1270,South,CUST0304,Transfer,Completed
5115,2025-12-04,Rice,3,1850,East,CUST0567,Transfer,Completed
5570,2025-07-28,Tea,6,980,West,CUST0032,Transfer,Pending
5799,2025-09-24,Cabbage,10,700,North,CUST0480,Transfer,Completed
6011,2025-03-15,Eggs,4,1940,,CUST0580,Cash,Completed
1213,2025-07-10,Carrot,4,770,West,CUST0543,Transfer,RETURNED
5201,2025-08-07,Butter,3,1980,West,CUST0203,POS,Pending
4998,2025-02-05,Detergent,2,1830,South,CUST0181,POS,Completed
2455,2025-07-24,,3,580,,CUST0225,Transfer,Pending
4124,2025-07-17,Butter,6,1870,East,CUST0135,POS,Returned
1289,2025-05-14,Yam,3,1800,South,CUST0101,POS,Completed
3207,2025-02-13,Groundnut Oil,2,2140,South,CUST0105,Transfer,Completed
3838,2025-00-12,Toothpaste,1,1090,South,CUST0635,Cash,Completed
1741,2025-01-08,Eggs,6,2200,West,,Transfer,Completed
1778,2025-11-10,Detergent,10,1850,North,CUST0357,Transfer,Completed
4490,invalid,Soft Drink,3,840,East,CUST0592,Cash,Completed
1631,06/02/2025,Beans,8,1310,West,CUST0532,Transfer,Completed
5414,2025-03-13,Rice,4,2140,East,CUST0337,POS,Completed
6008,2025-06-24,Coffee,10,2000,South,CUST0606,Cash,Completed
5999,2025-08-02,Eggs,7,2080,South,CUST0079,Transfer,Returned
4250,2025-06-14,Beans,8,1410,WEST,,Transfer,Completed
5815,2025-04-22,Beans,8,1340,West,CUST0019,Transfer,Completed
5140,2025-08-01,Sugar,7,1470,East,CUST0236,POS,Returned
4263,2025-06-01,Tea,6,1120,East,CUST0358,Cash,Completed
4200,2025-04-22,Carrot,2,800,South,CUST0643,Cash,Pending
2256,2025-12-25,Coffee,7,1720,East,CUST0298,Transfer,Completed
4662,2025-05-30,Pepper,6,800,West,CUST0207,Transfer,Returned
3187,2025-08-13,Toilet Roll,10,840,West,CUST0038,Transfer,Completed
1553,2025-11-04,SOFT DRINK,1,880,East,CUST0096,Cash,Completed
5114,2025-10-04,,4,2020,East,CUST0334,Transfer,Returned
2255,2025-02-12,Carrot,6,870,North,CUST0044,Cash,Completed
4958,2025-03-27,Maggi,7,520,South,CUST0094,POS,Completed
3869,2025-11-04,Water,6,410,North,CUST0580,Cash,Completed
1267,2025-10-16,Milk,2,1390,West,CUST0587,Cash,Completed
3903,2025-02-13,Soft Drink,2,730,East,CUST0031,Transfer,Completed
3684,2025-01-12,Rice,5,2070,East,CUST0394,Cash,Completed
1175,2025-08-15,Detergent,5,1930,East,CUST0361,Cash,Completed
2386,2025-02-01,Maggi,2,450,East,CUST0355,POS,Returned
3937,2025-07-19,Butter,3,1630,North,CUST0567,Transfer,Completed
5792,2025-12-14,soft drink,,800,West,CUST0352,POS,Completed
3201,2025-08-05,Carrot,9,820,East,CUST0380,Transfer,Completed
4668,2025-03-21,Toothpaste,5,1300,West,CUST0244,Transfer,Completed
4260,2025-09-01,Detergent,,1990,East,CUST0124,,Completed
3683,2025-01-02,Rice,4,1920,East,CUST0125,Transfer,Completed
5247,2025-05-15,Toilet Roll,5,910,South,CUST0208,Cash,Returned
5681,2025-04-02,Tea,3,990,West,CUSTOMER-0143,Cash,Completed
1677,2025-10-27,Sugar,10,1450,West,CUST0403,Transfer,Completed
1152,2025-09-16,Groundnut Oil,5,2180,EAST,CUST0565,Cash,Completed
4882,2025-09-13,Detergent,4,1800,North,CUST0222,Transfer,Completed
2756,2025-06-21,Cabbage,3,800,South,CUST0417,Cash,Completed
1034,2025-07-26,Coffee,2,2200,West,CUST0593,Cash,Completed
3082,2025-10-15,Maggi,7,560,North,CUST0004,POS,Returned
5680,2025-04-02,Bread,8,880,South,CUST0013,Transfer,Pending
3620,2025-02-15,Carrot,5,900,East,CUST0476,POS,Completed
5929,2025-12-10,Eggs,4,2140,East,CUST0343,Cash,Pending
1627,2025-03-08,Beans,2,1290,East,cust0498,,Completed
2978,2025-12-25,Juice,8,1580,East,CUST0482,Transfer,Completed
3973,2025-04-06,Water,3,450,West,CUST0637,POS,
5648,2025-03-18,Water,3,520,west,CUST0621,Transfer,Completed
3952,2025-08-09,Toothpaste,1,1350,South,CUST0358,POS,Returned
3471,2025-10-17,Eggs,4,1960,South,CUST0452,Transfer,Pending
4495,2025-03-30,Soft Drink,3,740,North,CUST0589,Cash,Pending
1769,2025-09-08,Butter,6,1820,East,CUST0249,Cash,Completed
1283,2025-04-26,Coffee,3,2100,South,CUST0060,Cash,Returned
4915,,Soft Drink,3,840,South,CUST0276,Cash,Completed
4540,2025-04-05,Toilet Roll,1,820,West,CUST0039,Transfer,Completed
3037,2025-11-17,Eggs,6,2410,West,CUST0561,POS,Completed
4841,,Sugar,4,1390,West,,Transfer,Completed
4041,2025-04-16,Tomato Paste,4,730,East,CUST0491,Transfer,Completed
3129,2025-07-11,Pepper,3,650,South,CUST0472,Cash,Completed
3192,2025-07-14,Carrot,8,760,East,CUST0220,Cash,Completed
5436,2025-10-25,Coffee,5,2100,West,CUST0569,Cash,
2970,2025-05-24,Butter,3,1790,East,CUST0544,Transfer,Complete
5579,2025-06-07,Detergent,1,1620,North,CUST0240,Cash,Completed
3511,2025-09-17,,6,1930,West,,Transfer,Completed
5002,2025-10-12,BEANS,5,1490,East,CUST0593,Bank Transfer,Completed
3323,2025-02-08,Juice,4,1660,west ,CUST0376,Transfer,Completed
3280,2025-06-06,Eggs,6,2020,South,CUST0347,Cash,Pending
3644,2025-11-30,Groundnut Oil,6,2760,West,CUST0240,Transfer,Completed
1873,2025-06-10,Toothpaste,2,1190,South,CUST0561,Transfer,Completed
3247,2025-01-01, Tomato Paste ,,750,East,CUST0261,Transfer,Completed
1113,2025-02-05,Butter,3,1980,South,CUST0349,POS,Complete
2864,2025-09-30,Pepper,4,740,North,CUST0645,Transfer,Completed
5567,2025-01-03,Coffee,1,2140,South,CUST0519,POS,Completed
1914,2025-03-05,Butter,3,1690,North,CUST0185,POS,Completed
5526,2025-08-13,Butter,6,1850,West,CUST0149,POS,Completed
4079,2025-01-14,Yam,5,1500,North,CUST0065,Cash,Pending
4710,2025-03-03,Tomato Paste,6,600,East,UNKNOWN,Cash,Pending
5529,2025-12-06,Pepper,3,630,South,CUST0237,Cash,Returned
4509,2025-12-05,Butter,7,1900,North,CUST0505,Transfer,Completed
5388,2025-03-12,Butter,5,1630,South,CUST0523,Transfer,Pending
4962,2025-05-05,Rice,,1890,South,CUST0460,Cash,Pending
1373,2025-09-22,Toilet Roll,7,970,West,CUST0381,Transfer,Pending
5831,2025-08-15,Groundnut Oil,4,2290,East,CUST0252,Transfer,Completed
1098,2025-05-30,Detergent,1,1680,North,CUST0465,Transfer,Completed
1862,2025-07-20,Beans,3,1520,South,CUST0632,Cash,Completed
5720,02/03/2025,Carrot,6,960,North,CUST0209,Transfer,Completed
4484,2025-06-04,Yam,7,1410,North,CUST0621,Transfer,Completed
3381,2025-09-15,Bread,4,980,North,CUST0564,Cash,Completed
2834,2025-01-13,Tea,7pcs,1060,West,CUST0191,POS,Completed
1854,2025-09-06,Cabbage,4,720,South,,Transfer,Completed
4898,2025-08-27,Toothpaste,6,1210,North,CUST0015,Transfer,Pending
5503,2025-04-13,Carrot,5,910,North,CUST0435,Bank Transfer,Pending
1788,2025-03-11,Eggs,2,2120,South,CUST0176,POS,Completed
1848,,Yam,5,1550,South,CUST0232,Cash,Completed
3360,2025-11-12,Soft Drink,9,920,North,CUST0355,POS,Completed
3651,2025-11-12,Detergent,3,2010,West,CUST0148,POS,Completed
1277,2025-08-17,Beans,5,1560,East,CUST0251,Cash,Completed
6101,2025-05-28,Coffee,12,1740,West,CUST0119,Cash,Completed
1079,2025-11-04,Maggi,7,550,East,,Cash,Completed
3577,2025-01-10,Detergent,6,1800,WEST,CUST0425,POS,Pending
3215,2025-01-13, Juice ,7,1650,East,CUST0458,Cash,Completed
4549,2025-12-20,Soft Drink,2,820,North,CUST0419,Transfer,Completed
1808,2025-12-02,Pepper,5,0,South,CUST0469,Transfer,Completed
2914,2025-01-22,Coffee,1,1720,West,CUST0200,Transfer,Completed
5701,2025-01-29,Eggs,4,2240,East,CUST0316,Cash,Completed
3661,2025-08-20,Water,,410,West,CUST0554,POS,Completed
3107,2025-02-17,Water,8,510,West,CUST0105,Cash,Completed
4480,2025-09-12,Sugar,4,1300,East,CUST0324,Transfer,Completed
3349,2025-01-10,Maggi,2,550,South,CUST0399,Transfer,Completed
5058,2025-05-11,Eggs,3,not available,East,CUST0597,POS,Completed
1530,2025-02-21,Coffee,3,1750,West,CUST0326,Cash,Completed
2204,2025-03-10,Eggs,3,2310,West,CUST0216,,Completed
3610,2025-09-09,Carrot,3,920,North,CUST0533,Transfer,Completed
4203,2025-12-10,Milk,4,1270,South,CUST0439,Transfer,Completed
4462,2025-08-08,Groundnut Oil,2,2390,West,CUST0398,Transfer,Completed
3287,2025-05-17,Butter,,1700,West,CUST0313,Transfer,Pending
2951,2025-02-08,Beans,7,1390,South,CUST0017,Cash,Returned
2220,2025-05-25,Bread,3,1000,East,CUST0370,POS,Pending
3769,2025-07-30,Pepper,4,760,South,CUST0512,Cash,
5601,2025-08-12,Toothpaste,6,1080,West,CUST0335,POS,Completed
3849,2025-02-12,Cabbage,5,780,North,CUST0426,Transfer,Completed
5248,2025-08-07,Rice,1,1760,North,CUST0458,POS,Completed
2838,2025-12-19,Tomato Paste,5,730,South,CUST0028,Transfer,Returned
1450,2025-01-30,Coffee,7,2150,South,CUST0328,Cash,Completed
4280,2025-02-14,Beans,3,1580,East,CUST0328,Transfer,Completed
3144,2025-03-09,Soft Drink,7,710,North,CUST0133,Transfer,Completed
5188,2025-11-01,Milk,7,1400,East,CUST0126,Cash,Completed
5820,2025-12-07,Water,8,490,East,CUST0168,Cash,Completed
1650,2025-07-07,Tomato Paste,3,630,East,CUST0313,Transfer,Completed
1601,2025-10-16,Water,4,480,North,CUST0356,Cash,Completed
2035,2025-01-24,Coffee,7,2040,North,CUST0153,Transfer,Completed
3408,2025-06-09,Coffee,9,2100,South,CUST0270,Transfer,Completed
4486,2025-12-16,Toothpaste,6,1340,south,CUST0318,POS,Pending
1512,2025-04-05,Coffee,4,2150,West,CUST0426,Cash,Completed
2875,2025-10-02,Toothpaste,3,1320,South,CUST0210,Transfer,Completed
2040,2025-08-06,Yam,unknown,1660,north,CUST0261,Cash,Completed
2195,2025-03-08,Bread,5,1000,East,CUST0601,POS,Pending
5327,2025-06-27,Toilet Roll,6,960,North,CUST0419,Transfer,Completed
3251,2025-02-03,Detergent,7,1600,Northh,CUST0609,Cash,Completed
2184,2025-01-05,Soft Drink,4,770,South,CUST0085,POS,Completed
4576,2025-07-18,Soft Drink,2,720,North,CUST0631,Cash,Completed
4243,2025-04-08,Pepper,,740,North,CUST0528,Cash,Completed
5742,2025-04-25,Detergent,8,1620,South,CUST0070,Cash,Completed
3598,2025-04-04,Soft Drink,4,710,South,CUST0519,Cash,Completed
4876,2025-05-16,Yam,10,1760,North,CUST0482,POS,Completed
3077,2025-09-14,Rice,8,1920,West,CUST0180,POS,Completed
2001,2025-07-03,,3,890,East,CUST0128,Cash,Returned
1572,2025-05-09,Juice,6,1730,South,CUST0250,POS,Returned
3482,2025-08-17,Juice,2,1610,East,CUST0491,POS,Completed
6116,,Coffee,10,2210,South,CUST0345,Transfer,Completed
3222,2025-05-17,Juice,3,1670,North,CUST0448,Transfer,pending 
2686,2025-02-03,Tomato Paste,10,600,South,CUST0573,Cash,Pending
3296,2025-10-04,Soft Drink,6,790,North,CUST0180,Transfer,Pending
4451,2025-06-19,Butter,1,2020,West,,Transfer,Completed
2008,2025-01-27,Water,8,440,South,,Transfer,Completed
1616,2025-04-22,Maggi,N/A,470,South,CUST0333,Transfer,Pending
5805,2025-11-25,butter,6,2040,South,CUST0320,Cash,Completed
2217,2025-03-05,Toothpaste,1,1070,North,CUST0106,Cash,Pending
4586,2025-09-24,Eggs,11,,,CUST0053,POS,Completed
1469,2025-04-16,Butter,6,1900,,CUST0431,Cash,Completed
4268,2025-12-12,Butter,3,1940,West,CUST0470,Cash,Returned
2064,2025-02-18,juice,4,1720,West,CUST0162,Transfer,Completed
3382,2025-10-19,,6,750,South,CUST0172,Cash,Completed
ORD-1651,2025-02-24,Yam,4,1800,South,CUST0460,Transfer,Completed
5644,,Butter,1,1720,North,CUST0492,POS,Completed
1522,2025-10-01,Bread,1,1030,East,CUST0600,Transfer,Pending
1252,2025-12-23,Toothpaste,3,1090,West,CUST0249,Bank Transfer,Pending
5871,2025-12-14,Coffee,8,1830,East,CUST0388,Transfer,Completed
3127,2025-01-27,Carrot,6,960,North,CUST0400,Transfer,Completed
4457,2025-08-24,Detergent,3,1720,South,CUST0050,POS,Completed
3930,2025-05-03,Beans,4,1650,South,CUST0286,Cash,Completed
4119,2025-01-14,Juice,4,1360,West,CUST0304,Cash,Completed
4852,2025-10-28,Toilet Roll,5,850,South,CUST0288,Transfer,Completed
3605,2025-10-22,Soft Drink,3,790,South,CUST0269,POS,Completed
3003,2025-04-22,Tea,,980,East,CUST0602,Transfer,Returned
1243,2025-10-24,Water,5,490,South,CUST0175,Cash,Completed
2330,2025-11-23,,,890,East,CUST0097,Transfer,Pending
4728,2025-11-17,Beans,6,,West,CUST0017,Cash,Completed
1720,2025-03-30,Coffee,6,1760,South,CUST0118,Cash,Completed
5280,11/10/2025,Toilet Roll,3,980,North,CUST0032,Cash,Completed
1742,2025-09-06,Coffee,2,2000,East,CUST0352,Bank Transfer,Returned
5918,2025-12-22,Toothpaste,2,1310,West,CUST0161,Transfer,Pending
5361,2025-11-30,Coffee,1,2040,South,CUST0295,Cash,Completed
2747,2025-09-02,Cabbage,2,690,North,,Cash,Completed
4703,2025-11-21,Eggs,12,1880,West,CUST0156,POS,Pending
2030,2025-03-31,Yam,2,1530,WEST,CUST0348,POS,Completed
1849,2025-04-07,Tomato Paste,8,730,South,CUST0377,Transfer,Returned
5555,2025-07-17,Detergent,five,1630,North,CUST0620,POS,Pending
6118,2025-04-06,Toilet Roll,6,820,South,CUST0001,Cash,Completed
2690,2025-06-11,Juice,8,1730,East,CUST0367,Cash,Pending
1855,2025-11-18,Coffee,10,1730,East,CUST0070,Cash,Completed
4170,2025-05-28,Soft Drink,9,860,North,CUST0249,Transfer,Completed
5631,2025-08-15,Sugar,4,1380,North,CUST0161,Cash,Completed
4781,2025-05-05,Maggi,8,460,South,CUST0398,Cash,Completed
1732,2025-07-16,Groundnut Oil,3,2240,East,CUST0592,Cash,Completed
5950,2025-10-05,Cabbage,9,850,East,CUST0053,Cash,Completed
5039,2025-11-20,Maggi,4,580,West,CUST0265,Transfer,Completed
1744,2025-03-27,Water,2,490,North,CUST0056,Cash,Completed
2002,2025-01-05,Groundnut Oil,2,2130,North,CUST0367,,Pending
1061,2025-12-19,Water,1,490,East,CUST0436,Transfer,Pending
3083,2025-03-02,Maggi,3 units,570,South,CUST0350,Transfer,Pending
2574,2025-05-30,Carrot,3,920,North,CUST0487,Cash,Completed
1041,2025-04-15,Pepper,6,780,South,CUST0258,POS,Pending
4897,"Aug 14, 2025",Eggs,2,2220,North,CUST0182,Transfer,Completed
3883,29/09/2025,Beans,2,1280,East,CUST0468,Transfer,Completed
5447,2025-05-31,Carrot,1,850,North,CUST0113,POS,Completed
1439,2025-09-06,Tomato Paste,7,730,East,CUST0528,POS,Completed
3601,2025-12-05,Pepper,,680,West,CUST0495,POS,Pending
3542,2025-09-21,Sugar,6,1230,East,CUST0059,Transfer,Completed
3632,2025-10-06,Sugar,5,1560,South,CUST0420,Transfer,Pending
4296,2025-09-29,Maggi,5,570,South,CUST0242,Transfer,Completed
4358,2025-08-15,Rice,5,1810,East,CUST0383,POS,Completed
1005,2025-07-14,Milk,1,1400,North,CUST0045,Cash,Completed
1758,2025-02-06,Milk,5,1190,South,CUST0020,POS,Completed
5610,2025-11-20,Tea,7,1150,west ,CUST0038,Cash,return
5988,2025-01-17,Toilet Roll,10,910,West,CUST0119,Transfer,Pending
5539,2025-10-18,Maggi,12,450,West,CUST0239,Cash,Pending
4635,2025-01-06,Tomato Paste,8,640,West,CUST0418,Transfer,Completed
2671,2025-11-28,Toothpaste,3,1190,North,CUST0177,POS,Pending
1610,2025-01-08,Butter,4,1760,North,CUST0511,POS,Completed
2777,2025-04-27,Eggs,2,2200,South,CUST0444,Transfer,Pending
4602,2025-12-05,Tomato Paste,6,650,West,CUST0477,Transfer,Completed
4412,2025-06-06,Maggi,five,550,South,CUST0139,Cash,Pending
3502,2025-06-27,Soft Drink,7,770,East,CUST0178,Transfer,Completed
3985,2025-11-28,Maggi,8,510,North,CUST0519,Transfer,Completed
3554,2025-07-09,Water,7,420,East,CUST0273,Transfer,Completed
5895,2025-10-27,Toilet Roll,6,960,East,CUST0200,Transfer,Completed
5651,2025-10-03,,10,2560,North,CUST0511,Transfer,Completed
2288,2025-11-18,Butter,two,2k,East,CUST0114,Cash,Completed
1951,2025-02-26,Groundnut Oil,11,,East,CUST0576,Transfer,Completed
3156,2025-07-08,Sugar,3,,East,CUST0539,Transfer,Pending
2332,2025-06-20,Sugar,9,1240,East,CUST0486,Transfer,Completed
3115,2025-02-23,Groundnut Oil,6,2380,West,CUST0075,Cash,Pending
1547,2025-03-24,,5,1490,West,CUST0045,Transfer,Completed
1767,2025-01-09,Groundnut Oil,five,2150,East,CUST0416,Transfer,Pending
1929,2025-10-19,Maggi,7,490,,CUST0516,Transfer,Completed
3599,2025-02-04,Toothpaste,3,1110,South,CUST0202,Transfer,Pending
1868,2025-09-08,Bread,,1020,NORTH,CUST0509,Cash,Completed
4911,2025-11-28,Butter,9,1790,East,CUST0336,POS,Completed
1809,2025-03-29,Yam,7,1510,North,CUST0296,POS,Completed
3043,2025-07-01,Sugar,10,1330,,CUST0044,Transfer,Pending
5538,2025-04-03,Carrot,1,880,West,CUST0068,Cash,Completed
4286,not recorded,Coffee,6,1870,North,CUST0557,POS,Completed
1945,2025-08-30,Carrot,7,950,West,CUST0290,Cash,Completed
5294,2025-01-29,Beans,3,1670,,CUST0570,Transfer,Completed
5282,2025-11-01,Tomato Paste,10,640,North,CUST0616,Cash,Pending
4806,2025-12-27,Tomato Paste,,650,East,CUST0119,Transfer,Pending
5317,2025-10-23,Butter,7,1660,West,CUST0273,Transfer,Completed
3588,2025-08-30,Milk,2,1370,West,CUST0649,POS,Completed
2000,2025-02-09,Water,5,510,South,CUST0127,Transfer,Pending
4226,2025-12-20,Toothpaste,10,1290,East,CUST0294,POS,Returned
2338,2025-01-11,Water,2,450,West,CUST0146,Transfer,Completed
3850,2025-03-09,Groundnut Oil,6,2370,West,CUST0414,Cash,Pending
5041,2025-12-21,Tomato Paste,7,730,East,CUST0247,Transfer,Completed
6121,2025-08-12,,8,1940,South,CUST0584,POS,Completed
2053,2025-06-19,,5,1990,South,CUST0391,Transfer,Completed
2239,2025-02-09,Soft Drink,7,810,North,CUST0415,POS,Completed
2570,2025-10-24,Eggs,7,1910,West,CUST0376,Transfer,Completed
3762,2025-08-18,Beans,4,1380,East,CUST0457,Cash,Completed
5083,2025-09-12,Coffee,6,1820,West,,Transfer,Pending
1701,2025-06-07,Bread,6,920,East,CUST0279,Transfer,Completed
6004,2025-03-03,Water,7,510,East,CUST0500,POS,Completed
4009,2025-07-02,Beans,1,1430,North,CUST0333,Transfer,Completed
1360,2025-07-15,Butter,7,2k,West,CUST0147,Transfer,Completed
3466,2025-10-16,Yam,5,1770,North,CUST0492,Transfer,Completed
1665,2025-12-02,Butter,10,2050,North,CUST0070,Cash,Returned
3356,2025-12-29,Carrot,6,910,East,CUST0237,Cash,Pending
5699,2025-01-26,Groundnut Oil,6,2290,North,,Cash,Pending
4607,2025-06-15,Beans,6,1550,West,CUST0624,Cash,Completed
4652,2025-07-25,Toothpaste,11,1370,West,CUST0553,POS,Completed
4001,2025-11-03,juice,5,1690,North,CUST0401,Transfer,Completed
2584,2025-11-08,Beans,3,1390,West,CUST0066,POS,return
2374,2025-08-04,Cabbage,9,700,North,CUST0118,Transfer,Completed
3416,2025-07-09,Yam,1,1720,East,CUST0587,Transfer,Pending
2381,2025-10-19,Milk,1,1370,North,,Transfer,Completed
1178,2025-06-14,,5,1120,East,CUST0462,Transfer,Pending
5902,2025-09-13,Maggi,3,450,East,CUST0444,POS,Completed
3675,2025-06-09,Eggs,4,1860,West,CUST0449,POS,Completed
4394,2025-10-01,Soft Drink,6,930,East,CUST0444,Transfer,Completed
4252,2025-05-07,Coffee,,2040,West,CUST0290,Transfer,Completed
1446,2025-01-05,Soft Drink,2,840,North,CUST0282,Transfer,Completed
1802,,Toilet Roll,4,810,North,CUST0354,Cash,Completed
4924,21/05/2025,Milk,3,1310,East,,POS,Pending
4084,25/06/2025,Pepper,,760,West,CUST0278,POS,Returned
5320,06-17-2025,Toilet Roll,4,850,North,CUST0338,Transfer,Completed
ORD-6890,2025-03-17,Maggi,2,460,North,CUST0083,Transfer,Pending
2230,2025-05-31,Butter,4,2000,South,CUST0249,Transfer,Completed
1231,2025-02-24,Toothpaste,3,1210,North,CUST0461,Transfer,Completed
2965,2025-01-19,Beans,4,1280,North,CUST0018,POS,Returned
1897,2025-04-12,Yam,1,1570,South,CUST0387,POS,Pending
3161,2025-08-26,Detergent,3,1910,North,CUST0576,Cash,Completed
2492,2025-04-02,Carrot,,840,South,CUST0355,Cash,Completed
3962,01-28-2025,Tomato Paste,3,650,East,CUST0383,Transfer,Completed
2955,2025-05-13,Butter,2,1730,North,CUST0426,Transfer,Completed
4541,2025-09-01,Juice,6,1390,North,CUST0149,,Completed
4866,2025-06-06,Tea,6,1120,West,CUST0059,POS,Completed
1713,2025-10-01,Maggi,1,570,South,CUST0582,Transfer,Pending
6091,2025-05-17,Detergent,4,1870,North,CUST0035,Cash,Completed
3432,2025-04-02,Maggi,6,450,West,CUST0328,Cash,Pending
2851,2025-10-13,Carrot,3,760,,CUST0597,Transfer,Completed
4418,2025-00-12,Coffee,4,2210,West,CUST0241,Transfer,Completed
2289,2025-03-14,,3,1070,East,CUST0080,Cash,Completed
3934,2025-01-11,Eggs,4,2150,East,CUST0443,Cash,Completed
2907,2025-12-01,Cabbage,8,700,North,CUST0364,POS,Completed
4613,2025-08-05,Bread,5,1080,East,CUST0564,Cash,Completed
4384,2025-10-31,Cabbage,4,790,East,CUST0222,Transfer,Completed
3726,2025-12-24,Beans,2,1520,East,CUST0083,Transfer,Completed
1047,2025-01-13,Tomato Paste,2,740,South,CUST0255,Transfer,Pending
1096,2025-08-08,Juice,3,1580,East,,Cash,Completed
2358,2025-03-11,Detergent,two,1870,West,CUST0309,Cash,Completed
5540,2025-02-23,Coffee,-1,2050,West,CUST0282,POS,Completed
1237,2025-08-19,Toilet Roll,7,860,East,CUST0132,POS,Completed
6021,2025-09-23,Beans,2,1390,North,CUST0145,Cash,Completed
1903,2025-08-19,Soft Drink,9,790,South,CUST0088,Transfer,Completed
3740,2025-12-09,Soft Drink,,830,South,CUST0266,Transfer,Completed
1379,2025-03-03,Carrot,4,960,West,CUST0229,POS,Returned
3049,2025-07-01,TEA,2,1130,North,CUST0126,Transfer,Completed
4811,2025-07-22,Cabbage,6,730,West,CUST0332,Cash,Completed
3593,2025-08-21,Groundnut Oil,3,2430,North,CUST0220,Transfer,Completed
3418,2025-10-22,Carrot,3 units,820,South,CUST0187,Transfer,Returned
6058,2025-06-02,Soft Drink,7,unknown,East,CUST0354,Transfer,Completed
5773,2025-05-03,Groundnut Oil,8,2340,South,CUST0387,Transfer,Completed
1703,2025-04-14,Beans,9,1460,East,CUST0495,POS,Completed
4895,2025-10-11,Juice,1,1440,South,CUST0430,Transfer,Completed
1523,15/09/2025,Carrot,2,940,North,CUST0622,Transfer,Completed
1064,2025-10-08,Tomato Paste,4,600,South,CUST0461,Transfer,Completed
5910,2025-07-14,Bread,9,870,North,CUST0285,,Completed
2559,2025-07-16,Bread,5,950,South,CUST0421,Transfer,Completed
2280,2025-01-08,Beans,,1600,North,CUST0344,Transfer,Completed
5504,2025-12-17,Bread,3,1040,North,CUST0277,Cash,Completed
1430,19/04/2025,Sugar,7,1240,South,CUST0081,POS,Completed
3399,2025-03-02,,4,970,East,CUST0376,Transfer,Pending
1775,2025-07-12,Soft Drink,7,710,South,CUST0083,Transfer,Completed
4106,2025-06-20,Yam,2,1540,South,CUST0306,POS,Completed
1959,2025-06-05,Toothpaste,6,1160,North,CUST0009,POS,Pending
2894,2025-12-31,Soft Drink,1,880,North,CUST0184,Cash,Pending
2858,2025-07-22,Pepper,1,750,North,CUST0401,Transfer,Pending
4266,2025-07-28,Groundnut Oil,3,2520,South,CUST0537,POS,Completed
4165,2025-05-18,Toothpaste,4,1330,West,CUST0382,POS,Completed
2069,04/02/2025,Groundnut Oil,1,2550,South,CUST0144,Cash,Completed
3264,2025-06-09,Rice,3,2080, South ,CUST0454,Transfer,Pending
4177,2025-10-06,Rice,7,30000,East,CUST0430,Cash,Completed
1633,2025-08-01,Toothpaste,,1310,North,CUST0470,Cash,Completed
2697,2025-01-07,Toilet Roll,1,890,East,CUST0582,Cash,Pending
5646,2025-08-08,Butter,3,1610,South,CUST0048,Pos,Completed
1447,2025-08-24,Carrot,3,860,South,CUST0599,Transfer,Completed
4140,2025-04-18,Beans,3,1310,East,CUST0490,Cash,Completed
5760,2025-11-12,Juice,1,1350,West,CUST0530,Pos,Completed
2363,2025-03-29,Coffee,4,2100,West,CUST0488,Cash,Completed
4562,2025-11-10,Eggs,8,1880,South,CUST0247,Transfer,Completed
1059,2025-06-08,Maggi,2,470,East,CUST0048,Transfer,Completed
2521,2025-02-16,Beans,3,1590,North,CUST0470,Transfer,Completed
3678,2025-04-12,Butter,7,2080,North,CUST0554,Transfer,Completed
2711,2025-12-15,Carrot,6,960,East,CUST0469,POS,Pending
2638,2025-05-17,Juice,7,1380,South,CUST0384,Cash,Completed
1743,2025-03-20,Soft Drink,8,870,South,CUST0393,,Completed
1254,2025-10-09,Rice,11,1710,South,CUST0489,Cash,Completed
4324,2025-11-02,Tomato Paste,6,730,East,CUST0365,Transfer,Completed
6065,2025-09-12,Soft Drink,8,770,West,CUST0093,Cash,Completed
1684,2025-11-08,Rice,8,1750,South,CUST0465,Transfer,Completed
1400,2025-11-19,Coffee,12,2010,East,CUST0392,POS,Completed
5700,2025-07-27,Toothpaste,10,1270,East,CUST0168,POS,Pending
1151,2025-02-03,Butter,2,1900,North,,POS,Completed
3168,2025-06-16,Sugar,6,1450,West,CUST0592,POS,Completed
4445,2025-06-23,Water,1,490,South,CUST0021,Cash,Completed
4446,2025-05-30,Maggi,3,560,West,CUST0210,Transfer,Completed
4071,2025-10-30,Butter,7,2020,South,CUST0296,Cash,Returned
1902,2025-12-13,Yam,2,1490,West,CUST0030,Transfer,Completed
2938,2025-03-04,Tomato Paste,,,North,CUST0215,POS,Completed
2717,2025-05-10,Detergent,5,1850,South,CUST0043,Cash,Completed
2581,2025-04-27,Toilet Roll,6,880,East,CUST0409,Cash,Returned
3317,2025-12-26,Tomato Paste,7,640,West,CUST0390,cash,Returned
6061,2025-07-18,Butter,7,1970,South,CUST0331,Transfer,Completed
5099,2025-03-14,Coffee,5,1910,East,CUST0001,Transfer,Completed
3971,2025-03-10,Maggi,2,580,South,CUST0297,Transfer,Completed
2860,2025-02-08,Detergent,4,1560,East,CUST0576,Transfer,Pending
1638,2025-01-04,Yam,3,1510,North,CUST0023,POS,Returned
1779,2025-03-02,Tea,12,1270,North,CUST0553,Cash,Completed
2187,2025-11-19,Juice,5,1420,West,CUST0411,Transfer,Returned
4636,2025-10-08,Tomato Paste,4,690,South,CUST0452,POS,Completed
1947,2025-06-05,Detergent,2,1810,East,CUST0368,POS,Completed
2543,2025-07-25,Tomato Paste,1,740,North,CUST0082,POS,Completed
1445,2025-11-30,Eggs,4,1860,East,CUST0486,POS,Completed
1257,2025-01-20,Yam,1,1660,East,CUST0344,Transfer,Returned
4808,2025-06-12,Pepper,6,730,East,CUST0398,Cash,Completed
5095,2025-03-26,Coffee,1,1990,South,CUST0354,POS,Pending
1112,2025-08-30,Detergent,3,1810,South,CUST0196,POS,Completed
1317,2025-11-01,Water,2,440,West,CUST0491,Transfer,Returned
3957,2025-07-09,Maggi,2,510,South,CUST0054,Transfer,Completed
5038,2025-04-17,Groundnut Oil,4,2470,North,CUST0057,POS,Completed
5421,2025-03-19,Beans,1,1640,North,CUST0315,Transfer,Returned
2999,2025-10-17, Soft Drink ,5,730,South,CUST0640,Transfer,Completed
5884,2025-03-10,Water,4,460,East,CUST0208,POS,Returned
3755,2025-06-01,Butter,7,1800,North,CUST0287,Transfer,
6136,2025-12-19,Tomato Paste,2,580,North,CUST0544,Transfer,Completed
1140,2025-08-03,Toothpaste,5,1300,South,CUST0102,POS,Completed
3995,2025-04-27,Pepper,3,620,East,CUST0187,Cash,Completed
5882,2025-10-04,Tea,5,1040,North,,transfer,Completed
3871,2025-11-07,Eggs,5,2410,North,CUST0238,Cash,Completed
4917,2025-06-08,Groundnut Oil,,2620,North,CUST0155,Transfer,Completed
2984,2025-01-24,Coffee,6,2090,West,CUST0224,Transfer,Completed
5287,2025-08-29,Soft Drink,5,710,East,CUST0292,POS,Pending
4368,2025-04-24,Tomato Paste,4,570,East,CUST0491,POS,Completed
4276,2025-07-31,Toilet Roll,12,890,North,CUST0246,POS,Completed
2776,2025-06-22,Eggs,2,2140,West,CUST0311,POS,Pending
6078,2025-11-18,Detergent,8,1920,North,CUST0595,Cash,Completed
3209,2025-06-03,Detergent,2,1740,East,CUST0202,Transfer,Completed
6064,2025-11-02,Juice,1,1670,South,CUST0403,POS,Returned
5703,2025-06-21,Eggs,6,2140,South,CUST0476,Transfer,Pending
4896,19/05/2025,Butter,4,1590,South,CUST0020,Cash,Pending
1471,,Bread,4,1000,North,CUST0536,POS,Completed
5787,2025-02-04,Juice,6,1610,North,CUST0322,POS,Completed
5474,2025-06-09,Cabbage,6,700,East,CUST0357,POS,Pending
4724,2025-11-08,Yam,5,1590,East,CUST0267,Transfer,Completed
3198,2025-04-27,Tomato Paste,2,730,East,CUST0351,Transfer,Returned
3958,2025-05-01,Rice,11,1840,South,CUST0143,Transfer,Completed
3551,2025-04-13,Sugar,9,1460,West,CUST0102,Cash,Pending
4292,2025-12-12,Tea,7,1040,South,CUST0510,POS,Completed
5400,2025-11-11, Water ,4,510,East,CUST0220,POS,Completed
5145,not recorded,Bread,7,930,South,CUST0569,Cash,Completed
1699,2025-10-12,Pepper,5,660,North,CUST0363,Transfer,Completed
2923,2025-08-03,Cabbage,5,750,West,CUST0167,Cash,Returned
3390,2025-12-11,Rice,2,1950,East,CUST0131,Transfer,Completed
4014,2025-01-24,Sugar,7,1310,East,CUST0554,Cash,Completed
5009,2025-05-15,Eggs,5,2100,South,CUST0079,Transfer,Completed
3423,2025-04-26,Groundnut Oil,2,2720,East,CUST0031,Cash,Completed
5512,2025-09-10,Detergent,4,1660,North,CUST0580,Transfer,Pending
3039,2025-03-21,Coffee,6,1790,South,CUST0634,Cash,Completed
3431,2025-06-16,Carrot,5,900,East,CUST0038,Transfer,Completed
1919,2025-06-16,,two,2780,West,CUST0217,cash,Pending
5825,2025-12-19,Water,2,490,West,CUST0160,Cash,Completed
3097,2025-01-25,Cabbage,12,810,East,CUST0270,Transfer,Returned
3687,2025-10-06,Yam,12,1830,,CUST0492,POS,Completed
5858,2025-07-03,Sugar,5,1230,East,CUST0202,POS,Completed
4716,20/02/2025,Toothpaste,5,1130,North,CUST0401,Cash,Completed
5710,2025-04-21,Tea,5,1070,South,CUST0643,Transfer,Completed
5901,2025-12-25,TEA,9,1060,East,CUST0528,POS,Completed
2417,2025-03-24,,3,1780,West,CUST0606,Transfer,Completed
2698,2025-04-07,Sugar,5,1380,West,CUST0354,Transfer,Completed
2251,2025-02-14,Toothpaste,4,1210,West,CUST0303,Transfer,Completed
2427,2025-04-03,Tea,8,970,East,CUST0429,Transfer,Completed
3705,2025-09-12,Rice,6,1850,North,CUST0230,POS,Pending
1961,2025-12-24,Groundnut Oil,3,2660,South,CUST0203,POS,Completed
5366,2025-07-30,Sugar,1,1240,South,CUST0067,Transfer,Completed
2872,2025-09-11,Eggs,4,2430,North,CUST0524,Cash,Completed
4784,2025-09-02,Bread,8,1060,South,CUST0623,Transfer,Pending
2379,2025-06-24,Milk,2,1360,South,CUST0195,POS,Completed
2893,"May 28, 2025", Sugar ,5,1540,West,CUST0242,Transfer,Returned
1518,2025-10-03,Sugar,5,1420,West,CUST0645,POS,Pending
2408,2025-04-02,Eggs,,1860,East,CUST0478,Transfer,Completed
5339,2025-08-16,Butter,3,1990,West,CUST0424,Transfer,Completed
5377,2025-08-02,Toilet Roll,5,840,East,CUST0565,Transfer,Completed
5288,2025-05-26,Soft Drink,5,770,South,CUST0473,POS,Returned
4678,2025-11-28,Maggi,1,not available,,CUST0232,Transfer,Completed
3674,2025-12-12,Toilet Roll,4,850,South,CUST0061,POS,Completed
5208,12/02/2025,Bread,6,1030,North,CUST0371,Cash,Pending
3339,2025-01-19,Milk,3,1120,North,CUST0575,cash,Completed
5035,,Pepper,3,700,South,,Transfer,Returned
3331,2025-10-15,Carrot,5,930,East,CUST0094,Transfer,Completed
2453,2025-09-05,Butter,8,2020,South,CUST0241,Transfer,Completed
1060,2025-08-22,Milk,4,1320,West,CUST0394,Cash,Completed
4952,2025-10-04,Detergent,7,1560,South,CUST0427,Transfer,Completed
1325,2025-09-19,Coffee,6,2020,West,CUST0457,Transfer,Completed
4259,2025-01-05,Butter,5,1970,West,CUST0569,POS,Pending
2451,01/06/2025,Detergent,1,1600,North,CUST0430,POS,Completed
4205,2025-02-14,Toothpaste,7,1270,South,,Transfer,Completed
3796,2025-10-14,Toothpaste,3,1320,West,CUST0252,Transfer,Completed
1427,2025-12-09,Milk,3,1290,West,CUST0567,Transfer,Completed
1215,2025-05-15,bread,7,1020,West,CUST0627,Transfer,Pending
2271,2025-01-09,Carrot,3,820,East,CUST0512,Cash,Completed
1083,2025-05-23,Milk,8,1190,South,CUST0584,Cash,Completed
2598,2025-08-02,Cabbage,1,890,East,CUST0419,Transfer,Pending
1147,2025-01-09,Pepper,2,630,South,CUST0539,Transfer,Completed
5740,22/07/2025,Soft Drink,7,840,South,CUST0518,POS,Completed
2620,2025-04-22,Coffee,7,unknown,South,CUST0127,POS,Completed
3299,2025-09-22,Sugar,8,1540,West,CUST0172,Transfer,Completed
1678,2025-08-21,Sugar,5,1460,West,CUST0466,Transfer,Completed
4715,2025-02-19,Tomato Paste,8,710,West,CUST0498,POS,Completed
5305,2025-10-28,Detergent,1,1990,West,CUST0557,Cash,Completed
1442,2025-07-23,Toilet Roll,5,820,East,CUST0248,Transfer,Completed
2606,2025-05-14,Maggi,5,550,East,CUST0144,POS,Completed
4859,2025-12-04,Water,3,500,North,CUST0113,POS,Completed
2852,2025-04-14,Coffee,2,1790,South,CUST0012,Transfer,Completed
4626,2025-05-02,Detergent,1,1650,North,CUST0595,POS,Completed
1344,2025-08-13,Milk,8,1140,West,CUST0215,POS,Completed
3384,2025-04-21,Soft Drink,1,920,West,CUST0521,POS,Completed
1932,2025-04-19,Sugar,2,1470,North,CUST0109,Transfer,Completed
2344,2025-05-28,Detergent,1,1680,South,CUST0042,Transfer,Pending
5565,2025-01-26,Butter,8,1970,West,CUST0163,Cash,Completed
6001,2025-12-13,Beans,4,₦1200,East,CUST0110,Transfer,Completed
1762,2025-06-20,Carrot,6,840,East,CUST0375,Cash,Returned
5525,2025-08-18,Sugar,6,1460,South,CUST0295,Cash,Pending
4431,2025-05-31,Butter,1,1800,West,CUST0525,Cash,Completed
2757,2025-05-14,Carrot,5,860,North,CUST0086,POS,Pending
6032,2025-08-05,Tomato Paste,5,750,North,CUST0482,Cash,Completed
1407,2025-01-29,Milk,,,South,CUST0001,Transfer,Completed
4066,2025-07-19,Eggs,2,1920,North,CUST0558,Transfer,Completed
4428,2025-12-06,Juice,10,1500,West,,Cash,Completed
4242,2025-05-20,Beans,3,-500,South,CUST0522,Transfer,Completed
5350,2025-10-21,Bread,1,1030,North,CUST0071,POS,Completed
5941,2025-05-08,Milk,3,1270,North,CUST0161,Cash,Pending
2507,2025-03-09,Tea,3,1080,,CUST0183,Transfer,Completed
3899,2025-12-03,Soft Drink,7,840,West,CUST0221,Transfer,Completed
4913,2025-01-07,Sugar,3,1240,North,CUST0579,Cash,Completed
5624,2025-08-31,Groundnut Oil,2,2590,,CUST0135,Cash,Completed
1289,2025-05-14,Yam,3,1800,South,CUST0101,POS,Completed
1527,2025-06-26,Tea,2,,West,CUST0165,Transfer,Completed
5289,2025-08-12,Bread,4,890,North,CUST0432,,Completed
2114,2025-11-09,Cabbage,1,760,,CUST0103,Transfer,Pending
6145,2025-09-25,,6,1850,East,CUST0089,Transfer,Completed
1145,2025-03-17,Pepper,7,730,North,CUST0149,POS,Completed
5067,2025-01-05,Detergent,8,1910,East,CUST0458,Transfer,Completed
5768,2025-02-03,Soft Drink,4,880,South,CUST0050,POS,Completed
4933,2025-10-07,Yam,7,1780,,CUST0562,POS,Completed
3647,2025-06-28,Butter,,1670,East,CUST0269,Transfer,Pending
1634,2025-03-27,Bread,7,980,North,CUST0162,Cash,Completed
1272,2025-11-25,Butter,11,1910,South,CUST0384,POS,Completed
3369,2025-12-26,Juice,7,1410,West,CUST0316,Transfer,Completed
5337,2025-02-25,Butter,4,1880,North,CUST0348,POS,Completed
1495,"Sep 13, 2025",Butter,1,1960,South,CUST0600,Cash,Completed
1533,2025-09-03,Pepper,4,690,North,CUST0499,Cash,Completed
5981,2025-09-20,Groundnut Oil,2,2550,West,CUST0447,Cash,Completed
4407,2025-02-04,Toothpaste,5,1340,North,CUST0506,card,Pending
1354,2025-03-05,Rice,9,1710,South,CUST0001,POS,Completed
3764,01/09/2025,Cabbage,4,720,West,CUST0224,POS,Completed
3005,2025-05-09,Milk,7,1290,West,CUST0046,Cash,Completed
1814,2025-03-21,Pepper,1,760,North,CUST0303,Cash,Completed
4492,2025-07-12,Bread,4,1040,West,CUST0221,Cash,Returned
2200,2025-07-23,Tea,4,1130,East,CUST0170,Transfer,Completed
5508,2025-06-27, Tea ,5,1150,North,CUST0524,Transfer,Completed
6104,2025-07-29,Coffee,3,2030,North,CUST0595,Transfer,Completed
6122,2025-06-21,Pepper,11,770,East,CUST0300,Transfer,Completed
2185,2025-09-19,Butter,2,1730,East,CUST0270,POS,Completed
2080,2025-03-29,Juice,3,1360,North,CUST0647,Cash,Completed
5524,,Yam,6,1810,North,CUST0468,Cash,Pending
5051,2025-01-21,Coffee,8,2190,North,CUST0573,Transfer,Completed
6057,2025-11-25,Maggi,3,580,South,CUST0434,Transfer,return
6096,2025-05-10,Eggs,4,1890,West,CUST0458,Cash,Pending
2431,2025-02-07,Beans,6,1420,South,CUST0419,Cash,Completed
4362,2025-01-25,Water,3,470,West,CUST0280,Transfer,Completed
2157,2025-07-14,Tomato Paste,1,680,East,CUST0277,Transfer,Completed
1311,2025-05-19,Carrot,2,770,South,CUST0460,Cash,Completed
4254,2025-10-04,Pepper,7,800,South,CUST0562,Cash,Pending
3374,2025-10-06,Toothpaste,,,West,CUST0090,Transfer,Completed
1489,2025-10-15,Toilet Roll,,960,North,CUST0373,POS,Pending
6043,2025-12-16,Coffee,5,2000,West,CUST0134,Cash,Completed
4114,2025-07-21,Eggs,4,2030,West,CUST0347,Transfer,Completed
2931,2025-03-29,Tea,9,1220,South,CUST0111,Transfer,Completed
2503,2025-07-29,Toilet Roll,2,980,East,CUST0319,Transfer,Completed
4443,14/08/2025,soft drink,9,720,West,CUST0537,Transfer,Returned
5097,2025-09-26,Water,4,480,East,CUST0413,Cash,Completed
1101,2025-08-13,Yam,2,1720,South,CUST0279,Cash,Completed
4493,2025-10-28,Bread,2,980,East,CUST0561,POS,Completed
4094,2025-09-26,Water,3,430,North,CUST0466,POS,Completed
1177,2025-10-25,Groundnut Oil,5,2640,East,CUST0461,POS,Completed
1692,09-12-2025,Water,4,420,West,CUST0298,POS,Completed
5750,2025-04-19,Tomato Paste,3,700,South,CUST0018,POS,Completed
3602,2025-02-21,Beans,4,1630,North,CUST0436,Cash,Completed
1710,2025-10-21,Yam,3,1440,North,CUST0554,Transfer,Completed
3131,2025-04-24,Cabbage,8,730,East,CUST0349,Transfer,Completed
3016,2025-06-11,Eggs,3,1970,East,CUST0201,Transfer,Completed
4971,2025-07-04,Milk,7,"1,500",North,CUST0410,POS,Completed
3945,2025-06-04, Toothpaste ,1,1180,South,CUST0007,Transfer,Completed
1773,2025-10-31,Beans,2,1300,North,CUST0145,POS,Completed
5458,2025-01-14,Rice,2,2110,East,CUST0522,POS,Completed
4966,2025-05-11,Beans,3,1410,North,CUST0599,Cash,Completed
5616,2025-02-14,Tea,1,1160,South,CUST0496,Transfer,Completed
2975,2025-01-21,Cabbage,3,880,East,CUST0342,Transfer,Completed
3262,2025-04-02,Eggs,1,2390,,CUST0281,POS,Completed
3897,2025-03-26,Sugar,11,1400,West,CUST0012,Transfer,Completed
1904,2025-12-21,Pepper,4,660,South,CUST0434,Cash,Completed
1590,2025-06-26,Eggs,1,1920,West,CUST0591,Cash,Completed
5958,2025-07-07,Toilet Roll,9,830,East,CUST0640,POS,Completed
3994,2025-11-30,Toothpaste,1,1350,East,CUST0338,Cash,Completed
5330,2025-09-08,Sugar,6,1450,East,CUST0286,Transfer,Completed
5103,2025-05-27,Pepper,4,700,North,CUST0204,Transfer,Completed
2820,2025-09-03,Yam,2,1530,North,CUST0193,Transfer,Completed
5891,2025-07-08,Pepper,3,780,West,CUST0326,Cash,Completed
1977,2025-06-22,,7,2430,West,CUST0142,Cash,Completed
1478,2025-05-20,Groundnut Oil,8,2580,South,CUST0432,Cash,Pending
5406,2025-03-15,Sugar,6,1400,East,CUST0502,POS,Completed
2108,2025-01-31,Tea,6,1220,West,CUST0266,POS,Pending
4469,2025-11-26,Beans,6,1510,North,,POS,Completed
3045,2025-12-09,Rice,1,1820,South,CUST0287,POS,Completed
2291,2025-12-18,Tea,4,1240,South,CUST0165,Transfer,Completed
1093,2025-05-10,Beans,10,1470,East,CUST0411,,Completed
5429,2025-03-23,Eggs,3,2100,East,CUST0459,Cash,Completed
3291,2025-11-05,Detergent,5,1760,East,CUST0016,Cash,Completed
4300,2025-03-28,Pepper,2,800,East,CUST0475,Transfer,Completed
1149,2025-09-24,Maggi,3,530,East,CUST0063,POS,Pending
1864,2025-11-17,Rice,3,1680,North,CUST0366,Transfer,Completed
1129,2025-01-05,Eggs,5,2250,East,CUST0621,Cash,Pending
5196,2025-03-02,Maggi,12,540,West,CUST0406,Cash,Completed
2508,2025-04-26,Tomato Paste,8,620,West,CUST0182,POS,Completed
ORD-3277,2025-08-20,Soft Drink,9,810,North,CUST0595,Cash,Pending
1835,2025-10-14,Tea,5,N/A,East,CUST0428,Cash,Completed
2636,2025-04-26,Butter,6,1960,South,CUST0290,POS,Completed
6074,2025-07-25,Cabbage,2,15000,South,CUST0206,Transfer,Completed
2816,2025-03-03,Tea,9,1200,East,CUST0488,Transfer,Completed
5375,2025-10-19,Coffee,10,2080,North,CUST0544,POS,Completed
5544,2025-09-25,Bread,5,1040,North,CUST0356,Transfer,Completed
2699,2025-11-04,Butter,3,1670,,,Cash,Pending
1338,2025-06-11,Sugar,8,1420,,CUST0010,Cash,Completed
3478,2025-10-29,Soft Drink,3,840,North,CUST0283,Cash,Completed
2994,2025-12-20,Eggs,1,2350,North,CUST0414,Transfer,Completed
6042,2025-08-17,Yam,7,1430,South,CUST0591,,Completed
1122,2025-11-21,Bread,6,860,West,CUST0307,POS,Completed
5890,2025-07-20,Rice,2,1750,North,CUST0098,POS,Completed
4688,2025-09-02,Detergent,7,2k,,CUST0256,POS,Completed
4963,2025/99/01,Groundnut Oil,10,2120,West,,Transfer,
1880,2025-12-04,Eggs,,2230,East,CUST0498,POS,Completed
2691,2025-11-11,Milk,1,1240,West,CUST0200,Transfer,Completed
2012,2025-11-17,Water,1,460,East,CUST0607,POS,
4251,2025-02-04,Toothpaste,5,1200,South,CUST0154,Cash,Completed
1620,2025-11-27,Toothpaste,7,1330,South,CUST0198,Transfer,Completed
2568,2025-08-13,rice,4,2000,North,CUST0408,POS,Completed
1261,2025-02-18,maggi,2,460,North,,Transfer,Completed
2530,2025-09-04,Maggi,1,570,South,CUST0184,Transfer,Completed
2715,2025-12-15,Tomato Paste,5,730,North,CUST0210,POS,Completed
5108,2025-01-18,Bread,5,920,South,CUST0406,Cash,Completed
3973,2025-04-06,Water,3,450,West,CUST0637,POS,Completed
4463,2025-06-10,Toothpaste,6,1230,South,CUST0508,Transfer,Completed
4313,2025-11-24,Detergent,2,2000,North, CUST0177 ,POS,Completed
2884,2025-08-15,Cabbage,5,770,East,CUST0616,POS,Completed
3707,2025-04-23,Tomato Paste,8,630,East,CUST0110,Cash,Completed
1038,2025/99/01,Butter,8,2030,North,CUST0292,Transfer,Pending
5945,2025-02-13,Milk,3,1380,South,CUST0312,Cash,Completed
3136,2025-12-15,Detergent,3,1670,East,CUST0199,Transfer,Completed
5134,03-17-2025,soft drink,5,750,West,CUST0572,POS,Returned
4970,2025-11-29,Groundnut Oil,1,2180,South,CUST0489,POS,Completed
4304,2025-03-05,Yam,7,1460,South,CUST0338,Cash,Completed
2287,2025-10-02,Tea,8,1190,South,,Cash,Completed
5055,2025-08-22,,10,460,East,CUST0350,Cash,Completed
3840,2025-02-09,Eggs,7,1950,North,CUST0354,Transfer,Completed
5006,2025-12-31,Yam,8,1850,South,CUST0088,Transfer,Completed
4417,2025-03-29,Water,6,520,East,,Cash,Pending
2649,2025-11-21,Water,8,420,West,CUST0554,POS,Completed
1598,2025-06-08,Cabbage,five,850,South,CUST0642,Transfer,Completed
2589,2025-09-10,Eggs,5,2040,South,CUST0527,Transfer,Completed
3200,2025-07-05,Soft Drink,9,790,South,CUST0578,POS,Completed
3372,2025-07-16,Milk,4,1180,West,CUST0632,POS,Completed
5712,2025-06-07,Toilet Roll,7,860,North,CUST0273,Transfer,Completed
2238,2025-04-19,Butter,4,1610,South,CUST0189,POS,Returned
5781,2025-02-24,Sugar,10,1530,South,CUST0293,Cash,Completed
3411,2025-12-20,Beans,3,1310,North,CUST0542,Cash,Completed
4751,2025-02-17,Groundnut Oil,8,2490,East,CUST0105,POS,Pending
4657,2025-02-10,Maggi,2,440,West,CUST0004,Transfer,Pending
5403,2025-07-22,Carrot,1,770,,CUST0294,POS,Pending
4153,2025-05-22,Soft Drink,4,910,North,CUST0437,Transfer,Completed
3400,07-21-2025,Tomato Paste,4,710,East,CUST0393,Transfer,Completed
5757,2025-10-10,Pepper,7,700,,CUST0085,Cash,Complete
2013,2025-05-07,Eggs,2,1990,North,CUST0056,POS,Completed
5168,2025-04-28,Soft Drink,3,740,West,CUST0130,Bank Transfer,Completed
5151,2025-10-17, Eggs ,8,1870,South,CUST0012,Cash,Pending
3751,2025-03-04,Tomato Paste,3,620,North,CUST0329,Cash,Pending
4559,2025-10-26,Pepper,9,710,North,CUST0334,Transfer,Completed
3388,02-15-2025,Eggs,3,2130,,CUST0217,Cash,Returned
4597,2025-10-04,Water,2,470,South,CUST0440,Cash,Pending
4519,2025-09-09,Toothpaste,5,1370,South,CUST0391,Transfer,Completed
4664,2025-01-26,Tomato Paste,7,730,North,CUST0457,POS,Completed
4677,2025-07-05,Cabbage,4,760,South,CUST0315,Transfer,Completed
2028,2025-07-12,Pepper,2,650,,CUST0372,Transfer,Completed
4355,2025-11-11,Maggi,1,450,south,CUST0235,POS,Completed
2267,2025-01-08,Pepper,2,710,West,CUST0512,POS,Completed
2998,2025-05-09,Tomato Paste,6,620,West,CUST0644,Transfer,Pending
3028,2025-10-23,Maggi,5,480,East,CUST0155,Transfer,Completed
6128,16/02/2025,Toothpaste,6,1250,South,CUST0036,Pos,Completed
2298,2025-06-09,Juice,2,1410,South,CUST0444,POS,Completed
4850,2025-04-03,Sugar,2,1270,South,CUST0535,Cash,Completed
4332,2025-06-19,Soft Drink,2,2k,East,CUST0115,Transfer,Completed
2241,2025-01-15,Pepper,2,650,East,CUST0067,Transfer,Completed
3034,07-30-2025,Coffee,5,2050,South,CUST0633,Transfer,Returned
1863,2025-06-14,Yam,1,1670,West,,Transfer,Completed
5338,2025-02-26,Groundnut Oil,,2k,West,CUST0045,Transfer,Completed
5004,"Feb 5, 2025",Butter,,1680,South,CUST0576,Cash,Completed
2736,2025-04-16,Toilet Roll,3,not available,West,CUST0634,Transfer,Completed
2511,2025-06-27,Tomato Paste,5,700,North,CUST0213,Transfer,Returned
1268,2025-08-15,Toilet Roll,2,840,South,,Bank Transfer,Completed
3514,2025-08-21,Milk,8,1400,South,,Cash,Pending
2684,2025-12-29,Toilet Roll,4,870,West,CUST0357,Cash,Completed
2542,2025-02-21,Water,3,520,East,CUST0346,POS,Completed
4206,2025-01-31,Soft Drink,2,760,East,CUST0401,Cash,Completed
2240,2025-11-28,Carrot,4,810,East,CUST0080,Transfer,Pending
1589,2025-02-19,Water,4,440,North,CUST0369,Cash,Returned
4857,2025-10-22,Coffee,4,2100,,CUST0583,Transfer,Completed
2281,2025-05-04,Tomato Paste,5,,South,,POS,pending 
4594,2025-07-11,Sugar,6,1310,North,CUST0079,Transfer,Completed
1109,2025-08-13,Yam,8,1630,East,CUST0646,Cash,Completed
2409,2025-10-12,Water,,400,East,CUST0284,POS,Completed
5306,02/12/2025,Sugar,12,1210,West,CUST0541,Transfer,Returned
3244,2025-08-16,Toilet Roll,5,810,East,CUST0639,POS,Completed
5183,2025-08-30,Water,3,410,West,CUST0400,Cash,Completed
1506,2025-10-10,Pepper,1,760,West,CUST0636,POS,Pending
5124,2025-06-23,Bread,1,1040,South,CUST0321,POS,Completed
5434,2025-06-26,Butter,3,1800,North,,Transfer,Pending
4293,2025-09-15,Soft Drink,3,740,East,CUST0316,Transfer,Completed
4013,2025-11-15,Beans,3,1660,West,CUST0218,Cash,Completed
1055,2025-12-23,Cabbage,3,710,South,CUST0389,Cash,Pending
3780,2025-04-17,Tea,2,1230,,CUST0260,POS,Completed
4943,2025-07-12,Eggs,9,2150,East,CUST0114,Transfer,Completed
2159,2025-05-21,Coffee,1,1920,West,CUST0388,POS,Pending
3966,2025-10-25,Cabbage,75,760,East,CUST0568,Transfer,Pending
2086,2025-09-24,Beans,7,1440,North,CUST0025,Transfer,Completed
3238,2025-10-25,Groundnut Oil,7,2650,South,CUST0187,Transfer,Completed
3881,2025-05-22,Water,1,450,East,CUST0434,POS,Completed
5716,2025-11-19,Cabbage,2,870,South,CUST0435,Transfer,Completed
1073,2025-06-17,Groundnut Oil,3,2700,North,CUST0432,Transfer,Completed
1594,2025-11-27,Soft Drink,4,900,North,,Cash,Completed
3824,2025-05-15,Rice,9,2090,East,CUST0595,Transfer,Completed
3950,2025-06-23,Eggs,2,1970,South,CUST0380,Cash,Completed
2007,2025-09-30,Maggi,5,540,South,CUST0003,POS,Completed
3096,2025-11-02,Butter,2,1590,East,CUST0504,Cash,Pending
5370,2025-12-20,Maggi,4,510,South,CUST0508,POS,Completed
2703,2025-06-23,Milk,3,1150,South,CUST0193,POS,Completed
1724,2025-08-17,Juice,2,1610,North,CUST0307,Cash,Pending
2249,2025-11-16,Carrot,8,850,South,CUST0245,Transfer,Completed
4525,2025-05-13,Bread,4,,East,CUST0371,Transfer,Completed
2175,2025-06-02,Pepper,3,620,West,CUST0412,Transfer,Completed
2618,2025-02-21,Sugar,1,1420,East,,Cash,Returned
5563,2025-05-19,Rice,4,1780,South,CUST0644,Pos,Completed
6089,2025-03-15,Carrot,5,850,South,CUST0107,Transfer,Pending
4158,2025-05-31,Milk,8,1330,North,CUST0114,POS,Completed
3798,2025-10-03,Juice,12,1420,West,CUST0276,POS,Completed
3894,2025-04-12,Butter,11,1700,East,CUST0391,,Completed
5293,2025-02-27,Carrot,6,800,East,CUST0509,POS,Completed
2270,2025-07-13,Soft Drink,2,"1,500",West,CUST0591,,Completed
3314,2025-09-24,Toothpaste,9,1250,South,CUST0542,POS,Completed
2567,2025-08-02,Milk,10,1410,East,CUST0622,Cash,Completed
3887,2025-04-21,Carrot,4,750,East,CUST0160,POS,Completed
2560,2025-03-12,Coffee,5,1990,East,CUST0614,Cash,Completed
2016,2025-06-04,Beans,5,1450,East,CUST0058,Cash,Completed
4567,2025-06-08,Detergent,1,1800,North,CUST0479,Transfer,Completed
2396,2025-08-16,Coffee,6,2230,North,CUST0251,Cash,Completed
1028,2025-08-15,Milk,7,1400,East,CUST0052,Cash,Completed
ORD-5807,2025-01-30,BEANS,11,1440,South,CUST0103,Transfer,Completed
3143,2025-07-16,Groundnut Oil,5,2750,East,CUST0606,Cash,Completed
4577,2025-02-23,Beans,4,1290,South,CUST0472,Cash,Completed
3548,2025-10-12,Sugar,12,1270,South,CUST0209,Transfer,Completed
1992,2025-10-03,Coffee,10,2240,South,CUST0043,Transfer,Completed
3305,2025-11-25,Toothpaste,2,1160,South,CUST0603,Transfer,Completed
4981,2025-07-07,Bread,7,890,North,CUST0203,Transfer,
1020,2025-03-06,Toothpaste,3 units,1220,West,CUST0272,Cash,Completed
4416,2025-09-03,Bread,6,,East,CUST0185,Transfer,Completed
4894,2025-07-24,Beans,2,1340,East,UNKNOWN,POS,Completed
2423,2025-12-21,Bread,3,1030,South,CUST0371,Transfer,Completed
3560,2025-08-11,Maggi,5,440,South,CUST0306,POS,Completed
2350,2025-06-04,Tea,3,1060,South,CUST0559,Transfer,Pending
3665,2025-05-06,Yam,4,1850,West,CUST0231,POS,
4213,2025-09-15,Water,8,440,WEST,CUST0130,POS,Completed
5868,2025-06-24,Beans,4,1460,South,CUST0506,Transfer,Completed
3020,2025-10-03,Toilet Roll,1,860,West,CUST0183,Transfer,Completed
4640,2025-10-04,Tomato Paste,11,690,West,CUST0295,,Completed
2576,2025-10-26,Tea,3,1150,North,CUST0373,Cash,Completed
5486,2025-10-10,Yam,4,1620,South,CUST0264,POS,Completed
2552,2025-06-05,Carrot,3,820,South,CUST0031,Transfer,Completed
5940,2025-07-24,Tea,,25,North,CUST0154,Transfer,Completed
1172,2025-06-28,Tea,3,1260,West,CUST0242,Transfer,Completed
2107,2025-04-12,Butter,4,1840,East,CUST0462,Cash,Completed
4511,2025-05-17,Groundnut Oil,5,2530,,CUST0261,POS,Completed
4974,2025-11-16,Sugar,8,1550,West,CUST0291,Cash,Completed
5146,2025-02-23,Soft Drink,8,900,South,CUST0649,Transfer,Completed
5874,2025-12-22,Bread,6,920,South,CUST0365,POS,Completed
3084,2025-13-05,Butter,5,1760,West,CUST0445,Cash,Completed
1365,2025-07-20,Tea,3,980,West,CUST0507,Transfer,Completed
5569,2025-01-04,Rice,5,2030,East,CUST0342,POS,Pending
4793,2025-09-20,Toothpaste,2,1310,NORTH,CUST0385,POS,Completed
2796,2025-07-22,,2,740,East,CUST0290,Transfer,Completed
1939,2025-08-01,Tomato Paste,8,710,North,CUST0038,Cash,Completed
5697,2025-11-13,Milk,5,1230,West,CUST0311,Bank Transfer,Completed
1708,2025-09-30,Eggs,3,2110,East,CUST0280,Transfer,Completed
3105,2025-08-20,Coffee,2,1850,East,CUST0408,Cash,Completed
4024,2025-08-24,Maggi,4,510,South,CUST0372,Cash,Returned
3342,2025-01-20,Tomato Paste,6,650,West,CUST0258,POS,Returned
5883,06-23-2025,Beans,1,1630,North,CUST0482,POS,Returned
4393,2025-10-07,Eggs,8,2310,South,CUST0365,Cash,Completed
5912,2025-02-08,Butter,4,1610,West,CUST0281,Transfer,Completed
2176,2025-04-12,Detergent,1,1790,West,CUST0421,Transfer,Completed
5098,2025-09-11,Yam,4,1450,North,CUST0582,Cash,Completed
3827,2025-08-26,Yam,1,1830,West,CUST0392,POS,Completed
3326,2025-01-26,Rice,1,1830,North,CUST0420,Transfer,Completed
3141,2025-02-19,Toilet Roll,2,,North,CUST0047,Transfer,Completed
4524,2025-05-06,Pepper,5,800,North,CUST0316,Transfer,Completed
2519,2025-07-25,JUICE,5,1390,West,CUST0308,POS,Returned
4031,2025-02-14,Maggi,3,580,East,CUST0480,Cash,completed
1859,2025-07-16,Bread,4,1060,South,CUST0471,Transfer,Completed
3151,2025-05-02,Milk,2,1410,East,CUST0334,POS,Completed
3171,2025-10-23,Eggs,7,2300,East,,POS,Completed
1303,2025-09-01,Juice,3,1710,North,CUST0557,Cash,Completed
3728,2025-10-29,Bread,7,1040,South,CUST0047,POS,Completed
4420,2025-05-19,Toothpaste,2,1390,East,CUST0162,Cash,Completed
1718,2025-09-30,Yam,4,1670,West,CUST0636,Transfer,Completed
1856,2025-07-15,Sugar,5,1310,North,CUST0637,Cash,Completed
3069,2025-09-26,Tea,8,1060,East,CUST0119,Transfer,Pending
3172,2025-08-13,Juice,1,1560,South,,Transfer,Completed
1676,2025-01-28, Soft Drink ,6,910,South,CUST0463,Transfer,Completed
4135,2025-09-10,Tomato Paste,5,580,North,CUST0558,Transfer,Completed
2414,2025-02-25,Carrot,1,850,East,CUST0243,Transfer,Completed
3276,2025-02-26,Butter,9,1610,North,,Cash,Pending
1302,2025-10-17,Pepper,11,,East,CUST0236,Transfer,Pending
4476,2025-08-29,Yam,4,1820,South,CUST0524,Cash,Completed
1771,2025-02-24,Milk,2,1310,West,CUST0065,POS,Completed
5064,2025-01-31,Juice,5,1600,South,CUST0020,Transfer,Completed
3760,2025-12-10,Groundnut Oil,2,,West,CUST0341,Transfer,Completed
1734,2025-02-27,Carrot,5,980,East,CUST0146,Cash,Completed
2807,2025-06-21,Eggs,2,2380,South,CUST0123,Cash,Completed
2897,2025-03-09,Butter,3,,North,CUST0588,POS,Completed
4820,2025-09-26,Toilet Roll,2,840,South,CUST0236,Cash,Complete
1981,2025-04-09,Milk,10,1290,East,CUST0584,Cash,Completed
4698,2025-05-22,Coffee,3,2060,West,CUST0052,Transfer,Completed
6054,2025-05-10,Bread,8,1040,East,CUST0579,Cash,Completed
5142,2025-01-25,Tomato Paste,8,580,East,CUST0125,Cash,return
5621,2025-11-07,Butter,3,1820,East,CUST0143,POS,Completed
1491,2025-04-24,Maggi,1,490,North,CUST0561,Cash,Completed
5550,2025-06-24,Pepper,6,680,East,CUST0602,Pos,Completed
1305,2025-07-19,Juice,-3,1550,South,CUST0144,POS,Completed
3981,2025-02-08,Tea,4,1190,East,CUST0408,Transfer,Completed
3295,2025-05-21,Bread,8,1020,North,CUST0386,Transfer,Pending
5001,2025-05-29,Milk,5,1210,East,CUST0167,Cash,Returned
3532,09/02/2025,Sugar,3,1300,East,CUST0382,Cash,Pending
5788,,Yam,4,₦1200,West,CUST0244,POS,Completed
5082,2025-07-01, Toothpaste ,6,1110,West,CUST0477,Transfer,Pending
3906,2025-06-03,Tea,2,1030,South, CUST0330 ,Transfer,Completed
5785,2025-05-16,Toothpaste,5,1310,East,CUST0606,Cash,Pending
2326,2025-04-10,Tomato Paste,3,650,North,CUST0543,Cash,Completed
2411,2025-03-31,Water,2,470,East,,Transfer,Completed
4234,2025-04-15,Tea,12,1030,South,CUST0591,Transfer,Returned
4707,2025-11-09,Yam,11,1830,East,CUST0632,Cash,Completed
5101,2025-05-04,Cabbage,9,780,West,CUST0587,Cash,Completed
5862,2025-07-18,Water,8,500,North,CUST0073,POS,Pending
4297,2025-12-08,Maggi,3,450,South,CUST0166,Cash,Completed
4616,2025-02-13,Pepper,4,680,North,CUST0387,Cash,Pending
2043,2025-04-30,Groundnut Oil,3,2160,East,CUST0302,POS,Completed
1885,2025-05-11,Tomato Paste,8,580,North,CUST0116,Transfer,Completed
4455,2025-03-14,Milk,4,1300,North,CUST0087,Bank Transfer,return
2795,2025-07-08,Detergent,2,1950,South,CUST0564,Transfer,Completed
3861,2025-06-15,Water,8,500,North,CUST0585,Transfer,Pending
2269,2025-02-19,Juice,1,1630,West,CUST0431,Cash,Pending
1916,2025-05-07,Milk,7,1340,North,CUST0027,Transfer,Returned
2898,2025-03-31,Groundnut Oil,two,2590,West,CUST0621,POS,
4598,2025-05-24,Toothpaste,8,1370,,CUST0392,Cash,Completed
4029,2025-03-26,Eggs,4,2340,North,CUST0529,Transfer,Pending
2258,2025-02-25,Groundnut Oil,1,2600,South,CUST0444,Transfer,Completed
4155,2025-08-10,Pepper,4,800,South,CUST0214,Transfer,Pending
4350,2025-05-27,Rice,5,1730,East,CUST0534,POS,Completed
3140,2025-02-24,Tea,2,1020,West,CUST0430,Cash,Pending
3667,2025-05-19,Juice,7,1380,East,CUST0598,Transfer,Completed
3068,2025-02-25,Juice,4,1680,South,CUST0575,Cash,Completed
4122,2025-04-17,Detergent,4,1730,South,CUST0171,POS,Pending
1829,2025-07-11,Bread,4,990,North,CUST0167,Cash,Completed
1448,2025-07-11,Maggi,5,520,North,CUST0306,Cash,Completed
3989,2025-11-27,Detergent,5,1590,West,CUST0602,Cash,Completed
1786,2025-08-12,Beans,2,1650,South,CUST0183,POS ,Completed
5502,2025-06-08,Maggi,3,530,South,CUST0449,Cash,Returned
2480,2025-06-12,Rice,4,1710,East,CUST0006,Transfer,Completed
1890,2025-06-02,Coffee,2,2200,South,CUST0647,Transfer,Pending
5938,2025-03-01,Carrot,4,780,North,CUST0495,POS,Completed
4111,2025-10-16,Pepper,8,670,South,CUST0162,Transfer,Completed
3409,2025-03-10,Coffee,6,2240,North,CUST0472,POS,Completed
5470,2025-02-09,Maggi,2,470,East,CUST0546,POS,Completed
6134,2025-04-25,Pepper,4,790,West,CUST0115,Transfer,Returned
2883,2025-04-16,Eggs,8,2140,North,CUST0330,Transfer,Completed
1146,2025-02-26,Sugar,,1200,East,CUST0367,POS,Completed
2826,2025-07-03,pepper,5,700,West,CUST0044,Transfer,Pending
1841,2025-03-05,Bread,9,890,West,CUST0190,Cash,Completed
5596,2025-06-15,Toothpaste,3,1220,North,CUST0137,Cash,Completed
5369,2025-09-13,Butter,6,1920,East,CUST0353,POS,Pending
4329,2025-01-15,Toothpaste,1,1100,North,CUST0113,,Completed
4261,,Butter,2,1950,South,CUST0204,Transfer,Completed
1948,2025-03-31,Sugar,7,1530,East,CUST0066,Transfer,Completed
5105,2025-04-15,Groundnut Oil,3,2360,West,CUST0360,Cash,Completed
5834,2025-10-16,Butter,3,2020,North,CUST0195,Cash,Completed
1114,2025-05-25,Rice,6,2060,South,CUST0153,Transfer,Completed
5079,2025-09-03,Cabbage,,710,West,CUST0494,POS,Completed
1603,2025-06-26,Butter,3,1850,South,CUST0489,Transfer,Completed
2727,2025-10-08, Butter ,11,1610,East,CUST0420,Cash,Completed
4669,2025-08-19,Juice,8,1670,West,CUST0489,Cash,Completed
5113,2025-05-07,Detergent,,1750,North,CUST0262,POS,Pending
5748,2025-04-28,Eggs,5,2420,North,CUST0445,Cash,Pending
5626,2025-10-18,Coffee,6,1910,South,CUST0090,POS,Pending
1418,2025-05-31,Beans,1,,East,CUST0076,Transfer,
4585,2025-06-10,Coffee,4,2140,South,CUST0453,POS,Pending
